"id","td_id","catalog_id","manufacturer_id","active","language","code","title","slug","meta_title","meta_keywords","meta_description","content","short_description","first_page","offer","stock","created_at","updated_at","type","search_code"
"3494523",,"0","577","active","ro","50925","Amortizor directie","amortizor-directie-50925","Amortizor directie","Amortizor directie","","<table border=""0"" cellpadding=""1"" cellspacing=""1"" style=""width:500px"">
	<tbody>
		<tr>
			<th scope=""row"">Lungime amortizor comprimat [mm]</th>
			<td>&nbsp;320.63</td>
		</tr>
		<tr>
			<th scope=""row"">Lungime amortizor deschis [mm]</th>
			<td>&nbsp;523.20</td>
		</tr>
		<tr>
			<th scope=""row"">Diametru tija [mm]</th>
			<td>&nbsp;12.7</td>
		</tr>
	</tbody>
</table>

<p>Import SUA</p>
","","no","no","in_supplier_stock","21/2/2019 18:24:40","21/2/2019 18:28:00","kit",""
"3494524",,"0","577","active","ro","12637204","Curea accesorii","curea-accesorii-12637204","Curea accesorii","Curea accesorii","","<table border=""0"" cellpadding=""1"" cellspacing=""1"" style=""width:500px"">
	<tbody>
		<tr>
			<th scope=""row"">Lungime [mm]</th>
			<td>&nbsp;2365</td>
		</tr>
		<tr>
			<th scope=""row"">Latime maxima [mm]</th>
			<td>&nbsp;21.36</td>
		</tr>
		<tr>
			<th scope=""row"">Nr. caneluri</th>
			<td>&nbsp;6</td>
		</tr>
	</tbody>
</table>

<p>Import SUA</p>
","","no","no","in_supplier_stock","21/2/2019 18:38:45","21/2/2019 18:38:45","kit",""
"3493834",,"0","36","active","ro","3318","Bujie ","bujie-3318","Bujie ","Bujie ","Bujie ","<table border=""0"" cellpadding=""1"" cellspacing=""1"" style=""width:500px"">
	<tbody>
		<tr>
			<th scope=""row"">Lungime filet [mm]</th>
			<td>&nbsp;19</td>
		</tr>
		<tr>
			<th scope=""row"">Filet exterior [mm]</th>
			<td>&nbsp;14</td>
		</tr>
		<tr>
			<th scope=""row"">Deschidere cheie [mm]</th>
			<td>&nbsp;16</td>
		</tr>
		<tr>
			<th scope=""row"">Numar poli</th>
			<td>&nbsp;1</td>
		</tr>
	</tbody>
</table>

<p>&nbsp;</p>
","","","","in_stock","14/12/2016 15:46:38","14/12/2016 18:54:31","kit",""
"3493835",,"0","36","active","ro","3322","Bujie","bujie-champion-3322","Bujie","Bujie","Bujie","<table border=""0"" cellpadding=""1"" cellspacing=""1"" style=""width:500px"">
	<tbody>
		<tr>
			<th scope=""row"">Lungime filet [mm]</th>
			<td>&nbsp;19</td>
		</tr>
		<tr>
			<th scope=""row"">&nbsp;Filet exterior [mm]</th>
			<td>&nbsp;14</td>
		</tr>
		<tr>
			<th scope=""row"">Deschidere cheie [mm]</th>
			<td>&nbsp;21</td>
		</tr>
		<tr>
			<th scope=""row"">Numar poli</th>
			<td>&nbsp;1</td>
		</tr>
	</tbody>
</table>

<p>&nbsp;</p>
","","no","no","in_stock","14/12/2016 17:25:21","14/12/2016 17:37:45","newOEM",""
"3493937",,"0","614","active","ro","3946","Simering cutie transfer","simering-cutie-transfer-3946","Simering cutie transfer","Simering cutie transfer","","<p>Inlocuieste TIMKEN &nbsp;3946; NATIONAL 3946</p>

<p>&nbsp;</p>

<table border=""0"" cellpadding=""1"" cellspacing=""1"" style=""width:500px"">
	<tbody>
		<tr>
			<th scope=""row"">Material</th>
			<td>&nbsp;Nitril</td>
		</tr>
		<tr>
			<th scope=""row"">Diametru exterior [mm]</th>
			<td>&nbsp;70</td>
		</tr>
		<tr>
			<th scope=""row"">Latime [mm]</th>
			<td>&nbsp;13</td>
		</tr>
	</tbody>
</table>

<p>&nbsp;</p>

<p>&nbsp;</p>

<p>&nbsp;</p>
","","","","in_stock","30/1/2017 14:21:15","30/1/2017 14:22:04","kit",""
"3493546",,"1","3","active","ro","03.9901-5802.2","Lichid de frana DOT 4; 1L","lichid-de-frana-dot-4-1l-039901-58022","Lichid de frana DOT 4; 1L","lichid; frana; ate; dot;","Lichid de frana DOT 4; 1L","<p>Lichid de frana<strong> ATE DOT 4; 1L </strong></p>

<table border=""1"" cellpadding=""1"" cellspacing=""1"" style=""width:500px"">
	<tbody>
		<tr>
			<td>Tip</td>
			<td>DOT 4</td>
		</tr>
		<tr>
			<td>Cantitate</td>
			<td>1L</td>
		</tr>
		<tr>
			<td>Punct de fierbere uscata/umeda</td>
			<td>260/165&ordm;C</td>
		</tr>
	</tbody>
</table>

<p>&nbsp;</p>
","Lichid de frana DOT 4; 1L","no","no","in_supplier_stock","24/10/2016 16:03:38","11/2/2019 20:59:39","",""
"3493738",,"0","599","active","ro","D748","Placute frana","placute-frana-d748","Placute frana","placute frana","","<table border=""0"" cellpadding=""1"" cellspacing=""1"" style=""width:500px"">
	<tbody>
		<tr>
			<th scope=""row"">Parte montare</th>
			<td>&nbsp;fata</td>
		</tr>
		<tr>
			<th scope=""row"">Latime [mm]</th>
			<td>&nbsp;165.1</td>
		</tr>
		<tr>
			<th scope=""row"">Inaltime [mm]</th>
			<td>&nbsp;59.2</td>
		</tr>
		<tr>
			<th scope=""row"">Grosime [mm]</th>
			<td>&nbsp;16.4</td>
		</tr>
	</tbody>
</table>

<p>&nbsp;</p>
","","no","no","in_stock","21/11/2016 14:15:09","28/11/2016 15:27:51","kit",""
"3494119",,"1","162","active","ro","7657","EDGE TITANIUM FST™ 5W30;  1L","edge-titanium-fst-5w30-1l-7657","EDGE TITANIUM FST™ 5W30;  1L","EDGE TITANIUM FST™ 5W30;  1L","","<p><strong>Ulei de motor CASTROL EDGE TITANIUM FST&trade; 5W30; recipient&nbsp;1L</strong></p>

<p>Castrol<strong>&nbsp;EDGE&nbsp;</strong>este cel mai puternic&nbsp;şi mai avansat&nbsp;de ulei&nbsp;de motor. Tehnologia sa&nbsp;<strong>TITANIUM FST&trade;</strong>&nbsp;<strong>dublează rezistenta peliculei de ulei</strong>, &icirc;mpiedic&acirc;nd ruperea acesteia si,&nbsp;<strong>reduce la maxim frecarea</strong>.</p>

<p>Castrol<strong>&nbsp;EDGE cu TITANIUM FST&trade;&nbsp;</strong>ajută motorul să funcţioneze la&nbsp;<strong>performante maxime.</strong></p>

<p><strong>Proprietati</strong></p>

<p>-Mareste la maxim performanţa motorului pe termen scurt şi lung</p>

<p>-Reduce depunerile de pe motor, contribuind astfel la marirea performanţei motorului</p>

<p>-Permite niveluri de protecţie neatinse p&acirc;nă acum, &icirc;ntr-o diversitate de condiţii şi temperaturi de conducere</p>

<p>-Dovedit ca mărind de unul singur eficienţa motorului</p>

<p>-Furnizează şi menţine o putere efectivă maximă pe o perioadă mai lungă, chiar şi atunci c&acirc;nd este sub presiune</p>

<p><strong>Aprobari</strong></p>

<table border=""1"" cellpadding=""1"" cellspacing=""1"">
	<tbody>
		<tr>
			<td>
			<p>ACEA C3</p>

			<p>MB-Approval 229.31/ 229.51</p>

			<p>Porsche C30</p>

			<p>VW 504 00/ 507.00</p>
			</td>
		</tr>
	</tbody>
</table>

<p><strong>Caracteristici tehnice</strong></p>

<table border=""1"" cellpadding=""1"" cellspacing=""1"">
	<tbody>
		<tr>
			<td>Clasa de vascozitate</td>
			<td>5W-30</td>
		</tr>
		<tr>
			<td>Vascozitate la 40 &deg;C</td>
			<td>66 mm&sup2;/s&nbsp;ASTM D445&nbsp;&nbsp;</td>
		</tr>
		<tr>
			<td>Vascozitate la 100 &deg;C</td>
			<td>11.6 mm&sup2;/s&nbsp;ASTM D445</td>
		</tr>
		<tr>
			<td>Indice de vascozitate</td>
			<td>173&nbsp;ASTM D2270</td>
		</tr>
		<tr>
			<td>Punct de congelare</td>
			<td>-39&nbsp;&deg;C ASTM D97</td>
		</tr>
		<tr>
			<td>Punct de inflamabilitate</td>
			<td>196&nbsp;&deg;C ASTM D93</td>
		</tr>
	</tbody>
</table>

<p>&nbsp;</p>
","Ulei de motor CASTROL EDGE TITANIUM FST™ 5W30; recipient 1L","yes","no","in_supplier_stock","13/3/2017 19:12:09","16/12/2024 13:45:35","",""
"3493695",,"0","39","active","ro","D795","Placute frana","placute-frana-bendix-d795","Placute frana","Placute frana","Placute frana","<table border=""0"" cellpadding=""1"" cellspacing=""1"" style=""width:500px"">
	<tbody>
		<tr>
			<th scope=""row"">Parte montare</th>
			<td>&nbsp;spate</td>
		</tr>
		<tr>
			<th scope=""row"">Latime [mm]</th>
			<td>&nbsp;124</td>
		</tr>
		<tr>
			<th scope=""row"">Inaltime [mm]</th>
			<td>&nbsp;54</td>
		</tr>
		<tr>
			<th scope=""row"">Grosime [mm]</th>
			<td>&nbsp;18</td>
		</tr>
	</tbody>
</table>

<p>&nbsp;</p>
","","no","no","in_stock","10/11/2016 15:15:53","15/11/2016 14:08:02","newOEM",""
"3493696",,"0","39","active","ro","D603","Placute frana","placute-frana-bendix-d603","Placute frana","Placute frana","Placute frana","<table border=""0"" cellpadding=""1"" cellspacing=""1"" style=""width:500px"">
	<tbody>
		<tr>
			<th scope=""row"">Parte montare</th>
			<td>&nbsp;spate</td>
		</tr>
		<tr>
			<th scope=""row"">Latime [mm]</th>
			<td>&nbsp;70</td>
		</tr>
		<tr>
			<th scope=""row"">Inaltime [mm]</th>
			<td>&nbsp;62</td>
		</tr>
		<tr>
			<th scope=""row"">Grosime [mm]</th>
			<td>&nbsp;16</td>
		</tr>
	</tbody>
</table>

<p>&nbsp;</p>
","","no","no","in_stock","10/11/2016 15:16:08","15/11/2016 14:08:16","newOEM",""
"3493589",,"0","311","active","ro","XA3020","Filtru aer ","filtru-aer-uniflux-filters-xa3020","Filtru aer ","Filtru aer ","Filtru aer ","<table border=""0"" cellpadding=""1"" cellspacing=""1"" style=""width:500px"">
	<tbody>
		<tr>
			<th scope=""row"">Diametru exterior</th>
			<td>&nbsp;148 mm</td>
		</tr>
		<tr>
			<th scope=""row"">Diametru interior</th>
			<td>&nbsp;&nbsp; 90 mm</td>
		</tr>
		<tr>
			<th scope=""row"">Inaltime</th>
			<td>&nbsp; 220 mm</td>
		</tr>
	</tbody>
</table>

<p>Filtru aer</p>
","","no","no","in_stock","28/10/2016 16:32:54","28/10/2016 16:40:53","newOEM",""
"3493431",,"1","207","active","ro","LM2627","MoS2 LEICHTLAUF 10W-40; 4L","mos2-leichtlauf-10w-40-4l-lm2627","LM2627","ulei; motor; liqui; moly;","Ulei de motor Liqui Moly MoS2 LEICHTLAUF 10W-40","<p>Ulei de motor Liqui Moly MoS2 LEICHTLAUF 10W-40.</p>

<p>Lubrifiant produs prin tehnologii moderne si amestec de<strong> uleiuri minerale si sintetice</strong>, potrivit <strong>uzului permanent</strong>, cu proprietati de <strong>reducere a frecarii</strong>. Continutul ridicat de MoS2 (Bisulfura de Molibden) asigura<strong> lubrifierea optima</strong> in conditii extreme, si permite schimbarea la intervale&nbsp;mari de timp.</p>

<p><strong>Proprietati</strong>&nbsp;</p>

<p>-nu dauneaza autoturismelor dotate cu catalizator</p>

<p>-ajuta&nbsp;pornirea la&nbsp;rece</p>

<p>-nu isi pierde caracteristicile&nbsp;in timp</p>

<p>-mentine motorul curat</p>

<p><strong>Aprobari</strong></p>

<table border=""1"" cellpadding=""1"" cellspacing=""1"">
	<tbody>
		<tr>
			<td>ACEA A3/B4</td>
			<td>&nbsp;API SL/CF</td>
		</tr>
	</tbody>
</table>

<p><strong>Specificatii tehnice</strong></p>

<table border=""1"" cellpadding=""1"" cellspacing=""1"" style=""width:500px"">
	<tbody>
		<tr>
			<td>Clasa vascozitate</td>
			<td>10W-40</td>
		</tr>
		<tr>
			<td>Vascozitate la 40&ordm;C</td>
			<td>88 mm&sup2;/s</td>
		</tr>
		<tr>
			<td>Vascozitate la 100&ordm;C</td>
			<td>14,0 mm&sup2;/s</td>
		</tr>
		<tr>
			<td>Index de vascozitate</td>
			<td>164 DIN ISO 2909</td>
		</tr>
		<tr>
			<td>Punct de aprindere</td>
			<td>230 &deg;C DIN ISO 2592</td>
		</tr>
		<tr>
			<td>Punct de curgere</td>
			<td>-36 &deg;C DIN ISO 3016</td>
		</tr>
		<tr>
			<td>Sulfate ash</td>
			<td>1,0 - 1,6 g/100g DIN 51575</td>
		</tr>
		<tr>
			<td>Total base number</td>
			<td>9,0 mg KOH/g DIN ISO 3771</td>
		</tr>
		<tr>
			<td>High temperature/ High shear viscosity</td>
			<td>3,5 mPas ASTM D5481</td>
		</tr>
	</tbody>
</table>

<p>&nbsp;</p>

<p><strong>&nbsp;Liqui Moly MoS2 LEICHTLAUF 10W-40 este fabricat in Germania.</strong></p>
","Ulei de motor Liqui Moly MoS2 LEICHTLAUF 10W-40","yes","no","in_supplier_stock","12/10/2016 14:46:31","31/10/2016 13:35:13","",""
"3493543",,"1","585","active","ro","8090"," Total Transmission TM 80W-90; 1L","total-transmission-tm-80w-90-1l-8090"," Total Transmission TM 80W-90","Uleiuri auto; ulei cutie viteze;total; transmission"," Total Transmission TM 80W-90","<p>Ulei de transmisie&nbsp;&nbsp;Total <strong>Transmission TM 80W-90; bidon 1L</strong></p>

<p><strong>Total Transmission TM 80W-90&nbsp;</strong>este un ulei recomandat in special <strong>cutiilor de viteze hipoidale</strong>.</p>

<p><strong>Proprietati</strong></p>

<p>-performante imbunatatite in conditii de presiune</p>

<p>-proprietati antispumare</p>

<p>-protectie sporita impotriva coroziunii si a depunerilor</p>

<p>-stabilitate ridicata</p>

<p><strong>Aprobari</strong></p>

<table border=""1"" cellpadding=""1"" cellspacing=""1"" style=""width:500px"">
	<tbody>
		<tr>
			<td>
			<p>API GL-5</p>

			<p>MIL-L-2105D</p>
			</td>
		</tr>
	</tbody>
</table>

<p><strong>Specificatii</strong></p>

<table border=""1"" cellpadding=""1"" cellspacing=""1"" style=""width:500px"">
	<tbody>
		<tr>
			<td>Vascozitate la 40 &ordm;C</td>
			<td>140 mm&sup2;/s</td>
		</tr>
		<tr>
			<td>Vascozitate la 100 &ordm;C</td>
			<td>14.5&nbsp;mm&sup2;/s</td>
		</tr>
		<tr>
			<td>Index de vascozitate</td>
			<td>105</td>
		</tr>
		<tr>
			<td>Punct de scurgere</td>
			<td>-27&ordm;</td>
		</tr>
		<tr>
			<td>Punct de fierbere</td>
			<td>208&ordm;</td>
		</tr>
	</tbody>
</table>

<p>&nbsp;</p>
"," Total Transmission TM 80W-90","no","no","in_supplier_stock","24/10/2016 15:03:05","31/10/2016 13:35:28","",""
"3493544",,"1","207","active","ro","LM4421","FULL SINTETIC HYPOID GEAR 75W-140; 1L","full-sintetic-hypoid-gear-75w-140-1l-lm4421","FULL SINTETIC HYPOID GEAR 75W-140; 1L","Uleiuri auto; ulei cutie viteze; liqui;moly; hypoid; gear;","FULL SINTETIC HYPOID GEAR 75W-140; 1L","<p>Ulei pentru cutia de viteze Liqui Moly <strong>FULL SINTETIC HYPOID GEAR 75W-140; bidon 1L</strong></p>

<p><strong>FULL SINTETIC HYPOID GEAR 75W-140&nbsp;</strong>este un ulei full sintetic destinat in special <strong>cutiilor de viteze hipoidale</strong>, creat pentru a fi folosit pentru <strong>unitatile cu sau fara blocarea diferentialului</strong>.</p>

<p>Formula sa contine <strong>aditivi speciali</strong>, prin intermediul carora se asigura<strong> reducerea frecarii </strong>la nivelul cutiei de viteze.</p>

<p><strong>Proprietati</strong></p>

<p>-performante imbunatatite in ceea ce priveste pastrarea calitatilor la variatia temperaturilor</p>

<p>-reducerea zgomotului cauzat de transmisie</p>

<p>-protectie excelenta impotriva coroziunii si depunerilor</p>

<p>-rezistenta in timp</p>

<p>-performante imbunatatite in conditii de presiune</p>

<p>-asigura o crestere a intervalului de schimb&nbsp;</p>

<p><strong>Aprobari</strong></p>

<table border=""1"" cellpadding=""1"" cellspacing=""1"" style=""width:500px"">
	<tbody>
		<tr>
			<td>
			<p>API GL5</p>

			<p>BMW real-axel tranmission oil</p>

			<p>Ford WSL-M2C 192A</p>

			<p>Scania STO 1:0</p>

			<p>VME</p>

			<p>ZF TE-ML 05D / TE-ML 12D / TE-ML 16G / TE-ML 21D</p>
			</td>
		</tr>
	</tbody>
</table>

<p><strong>Specificatii</strong></p>

<table border=""1"" cellpadding=""1"" cellspacing=""1"" style=""width:500px"">
	<tbody>
		<tr>
			<td>Vascozitate la 40 &deg;C</td>
			<td>179 mm&sup2;/s ASTM D 7042-04</td>
		</tr>
		<tr>
			<td>Vascozitate la 100 &deg;C</td>
			<td>25,0 mm&sup2;/s ASTM D 7042-04</td>
		</tr>
		<tr>
			<td>Index de vascozitate</td>
			<td>172 DIN ISO 2909</td>
		</tr>
		<tr>
			<td>Punct de scurgere</td>
			<td>-51 &deg;C DIN ISO 3016</td>
		</tr>
		<tr>
			<td>Punct de fierbere</td>
			<td>208 &deg;C DIN ISO 2592</td>
		</tr>
	</tbody>
</table>

<p><strong>Ulei pentru cutia de viteze Liqui Moly</strong> <strong>FULL SINTETIC HYPOID GEAR 75W-140 este fabricat in Germania.</strong></p>
","FULL SINTETIC HYPOID GEAR 75W-140; 1L","no","no","not_in_stock","24/10/2016 15:29:36","31/10/2016 13:36:28","",""
"3493545",,"1","3","active","ro","03.9901-5801.2","Lichid de frana DOT 4; 0.5L","lichid-de-frana-dot-4-05l-039901-58012","Lichid de frana DOT 4; 0.5L","lichid; frana; ate; dot;","Lichid de frana DOT 4; 0.5L","<p>Lichid de frana <strong>DOT 4; 0.5L</strong></p>

<table border=""1"" cellpadding=""1"" cellspacing=""1"" style=""width:500px"">
	<tbody>
		<tr>
			<td>Tip</td>
			<td>DOT4</td>
		</tr>
		<tr>
			<td>Cantitate</td>
			<td>0.5 L</td>
		</tr>
		<tr>
			<td>Punct de fierbere uscata/umeda</td>
			<td>260/165&ordm;C</td>
		</tr>
	</tbody>
</table>

<p>&nbsp;</p>
","Lichid de frana DOT 4; 0.5L","no","no","in_supplier_stock","24/10/2016 15:46:21","24/10/2016 15:46:21","",""
"3493547",,"1","49","active","ro","FBX100","Lichid de frana  DOT4; 1L","lichid-de-frana-dot4-1l-fbx100","Lichid de frana FBX100  DOT4; 1L","lichid; frana; FERODO; dot;","Lichid de frana FBX100 DOT4; 1L","<p>Lichid de frana <strong>FERODO FBX100 DOT4</strong>; 1L&nbsp;</p>

<table border=""1"" cellpadding=""1"" cellspacing=""1"" style=""width:500px"">
	<tbody>
		<tr>
			<td>Tip</td>
			<td>DOT 4</td>
		</tr>
		<tr>
			<td>Cantitate</td>
			<td>1 L</td>
		</tr>
		<tr>
			<td>Punct de fierbere umeda/uscata</td>
			<td>159/240&ordm;C</td>
		</tr>
	</tbody>
</table>

<p>&nbsp;</p>
","Lichid de frana FBX100 DOT4; 1L","no","no","in_supplier_stock","24/10/2016 16:09:02","31/10/2016 13:37:21","",""
"3493548",,"1","49","active","ro","FBX050","Lichid de frana DOT 4; 0.5L","lichid-de-frana-dot-4-05l-fbx050","Lichid de frana FBX050 DOT 4; 0.5L","lichid; frana; FERODO; dot;","Lichid de frana DOT 4; 0.5L","<p>Lichid de frana<strong> Ferodo FBX050&nbsp;DOT 4</strong>; 0.5L&nbsp;</p>

<table border=""1"" cellpadding=""1"" cellspacing=""1"" style=""width:500px"">
	<tbody>
		<tr>
			<td>Tip</td>
			<td>DOT 4</td>
		</tr>
		<tr>
			<td>Cantitate</td>
			<td>0.5 L</td>
		</tr>
		<tr>
			<td>Punct de fierbere umeda/uscata</td>
			<td>158/249&ordm;C</td>
		</tr>
	</tbody>
</table>

<p>&nbsp;</p>
","Lichid de frana FBX050 DOT 4; 0.5L","no","no","in_supplier_stock","24/10/2016 16:20:37","31/10/2016 13:37:39","",""
"3493549",,"1","49","active","ro","FBX025","Lichid de frana DOT 4; 0.25L","lichid-de-frana-dot-4-025l-fbx025","Lichid de frana FBX025 DOT 4; 0.25L","lichid; frana; FERODO; dot;","Lichid de frana FBX025 DOT 4; 0.25L","<p>Lichid de frana <strong>FERODO&nbsp;FBX025 DOT 4</strong>; 0.25L&nbsp;</p>

<table border=""1"" cellpadding=""1"" cellspacing=""1"" style=""width:500px"">
	<tbody>
		<tr>
			<td>Tip</td>
			<td>DOT 4</td>
		</tr>
		<tr>
			<td>Cantitate</td>
			<td>0.25 L</td>
		</tr>
		<tr>
			<td>Punct de fierbere umeda/uscata</td>
			<td>158/249&nbsp;&ordm;</td>
		</tr>
	</tbody>
</table>

<p>&nbsp;</p>
","Lichid de frana FBX025 DOT 4; 0.25L","no","no","in_supplier_stock","24/10/2016 16:27:48","31/10/2016 13:38:08","",""
"3493550",,"1","49","active","ro","FBX500","Lichid de frana DOT 4; 5L","lichid-de-frana-dot-4-5l-fbx500","Lichid de frana FBX500 DOT 4; 5L","lichid; frana; FERODO; dot;","Lichid de frana FBX500 DOT 4; 5L","<p>Lichid de frana<strong> FERODO FBX500 DOT 4</strong>; 5L &nbsp;</p>

<table border=""1"" cellpadding=""1"" cellspacing=""1"" style=""width:500px"">
	<tbody>
		<tr>
			<td>Tip</td>
			<td>DOT 4</td>
		</tr>
		<tr>
			<td>Cantitate</td>
			<td>5 L</td>
		</tr>
		<tr>
			<td>Punct de fierbere umeda/uscata</td>
			<td>158/249&ordm;C</td>
		</tr>
	</tbody>
</table>

<p>&nbsp;</p>
","Lichid de frana FBX500 DOT 4; 5L","no","no","in_supplier_stock","24/10/2016 16:33:19","31/10/2016 13:38:25","",""
"3493551",,"1","3","active","ro"," 03.9901-5803.2","Lichid de frana SL DOT 4; 5L","lichid-de-frana-sl-dot-4-5l-039901-58032","Lichid de frana DOT 4; 5L","lichid; frana; ate; dot;","Lichid de frana DOT 4; 5L","<p>Lichid de frana <strong>ATE SL DOT 4</strong>; 5L</p>

<table border=""1"" cellpadding=""1"" cellspacing=""1"" style=""width:500px"">
	<tbody>
		<tr>
			<td>Tip</td>
			<td>DOT 4</td>
		</tr>
		<tr>
			<td>Cantitate</td>
			<td>5 L</td>
		</tr>
		<tr>
			<td>Punct de fierbere umeda/uscata</td>
			<td>165/260&ordm;C</td>
		</tr>
	</tbody>
</table>

<p>&nbsp;</p>
","Lichid de frana DOT 4; 5L","no","no","in_supplier_stock","24/10/2016 16:36:48","31/10/2016 13:38:44","",""
"3493552",,"1","49","active","ro","FBZ025","Lichid de frana DOT 5; 0.25 L","lichid-de-frana-dot-5-025-l-fbz025","Lichid de frana FBZ025 DOT 5; 0.25 L","lichid; frana; FERODO; dot;","Lichid de frana FBZ025 DOT 5; 0.25 L","<p>Lichid de frana <strong>FERODO FBZ025 DOT 5</strong>; 0.25 L</p>

<table border=""1"" cellpadding=""1"" cellspacing=""1"" style=""width:500px"">
	<tbody>
		<tr>
			<td>Tip</td>
			<td>DOT 5</td>
		</tr>
		<tr>
			<td>Cantitate</td>
			<td>0.25 L</td>
		</tr>
		<tr>
			<td>Punct de fierbere umeda/uscata</td>
			<td>170/270&ordm;C</td>
		</tr>
	</tbody>
</table>

<p>&nbsp;</p>
","Lichid de frana FBZ025 DOT 5; 0.25 L","no","no","in_supplier_stock","24/10/2016 16:47:34","31/10/2016 13:53:13","",""
"3493553",,"1","49","active","ro","FBZ050","Lichid de frana DOT 5; 0.5 L","lichid-de-frana-dot-5-05-l-fbz050","Lichid de frana FBZ050 DOT 5; 0.5 L","lichid; frana; FERODO; dot;","Lichid de frana FBZ050 DOT 5; 0.5 L","<p>Lichid de frana<strong> FERODO&nbsp;FBZ050 DOT 5</strong>; 0.5 L</p>

<table border=""1"" cellpadding=""1"" cellspacing=""1"" style=""width:500px"">
	<tbody>
		<tr>
			<td>Tip</td>
			<td>DOT 5</td>
		</tr>
		<tr>
			<td>Cantitate</td>
			<td>0.5 L</td>
		</tr>
		<tr>
			<td>Punct de fierbere umeda/uscata</td>
			<td>170/270&ordm;C</td>
		</tr>
	</tbody>
</table>

<p>&nbsp;</p>
","Lichid de frana FBZ050 DOT 5; 0.5 L","no","no","not_in_stock","24/10/2016 16:50:51","31/10/2016 13:38:58","",""
"3493554",,"1","49","active","ro","FBZ100","Lichid de frana DOT 5; 1 L","lichid-de-frana-dot-5-1-l-fbz100","Lichid de frana FBZ100 DOT 5; 1 L","lichid; frana; FERODO; dot;","Lichid de frana FBZ100 DOT 5; 1 L","<p>Lichid de frana <strong>FERODO&nbsp;FBZ100 DOT 5</strong>; 1 L</p>

<table border=""1"" cellpadding=""1"" cellspacing=""1"" style=""width:500px"">
	<tbody>
		<tr>
			<td>Tip</td>
			<td>DOT 5</td>
		</tr>
		<tr>
			<td>Cantitate&nbsp;</td>
			<td>1L</td>
		</tr>
		<tr>
			<td>Punct de fierbere umeda/uscata</td>
			<td>170/270&ordm;C</td>
		</tr>
	</tbody>
</table>

<p>&nbsp;</p>
","Lichid de frana FBZ100 DOT 5; 1 L","no","no","in_supplier_stock","24/10/2016 16:53:44","31/10/2016 13:39:19","",""
"3493542",,"1","585","active","ro","7580","TRANSMISSION GEAR 8 75W-80; 1L","transmission-gear-8-75w-80-1l-7580","TRANSMISSION GEAR 8 75W-80","Uleiuri auto; ulei cutie viteze; transmisie; total;","TRANSMISSION GEAR 8 75W-80","<p>Ulei cutie viteze TOTAL&nbsp;<strong>TRANSMISSION GEAR 8 75W-80; bidon 1L</strong></p>

<p>Ulei de transmisie <strong>TRANSMISSION GEAR 8 75W-80 </strong>recomandat <strong>cutiilor de viteze manuale</strong> ce echipeaza autoturismele. Este recomandat in special pentru&nbsp;cutiile de viteze cu <strong>intervale foarte extinse de schimb</strong> (<strong>250,000 km</strong>) si modificator de frictiune adaptabil<strong> cutiilor de viteze PSA</strong>.</p>

<p><strong>Proprietati</strong></p>

<p>-reducerea costurilor de mentenanta</p>

<p>-protectie sporita impotriva coroziunii si depunerilor</p>

<p>-imbunatatirea pornirii la rece datorita aditivilor de inalta calitate</p>

<p>-scade consumul de carburant</p>

<p>-stabilitate de operare buna</p>

<p><strong>Aprobari</strong></p>

<table border=""1"" cellpadding=""1"" cellspacing=""1"" style=""width:500px"">
	<tbody>
		<tr>
			<td>Nume</td>
			<td><a href=""https://ro.e-cat.intercars.eu/ro/Oferta-completa/Ulei-Fluide-Lubrifian%C8%9Bi/ulei-de-motor/Uleiuri-pentru-angrenaje/Ulei-cutie-viteze-manuala/c/tecdoc-5090009-5010177-5010179-genart_3225?q=%3Adefault%3Aicgoods_9352%3Aicgoods_1414097"">Ulei MTF</a></td>
		</tr>
		<tr>
			<td>Producator</td>
			<td><a href=""https://ro.e-cat.intercars.eu/ro/Oferta-completa/Ulei-Fluide-Lubrifian%C8%9Bi/ulei-de-motor/Uleiuri-pentru-angrenaje/Ulei-cutie-viteze-manuala/c/tecdoc-5090009-5010177-5010179-genart_3225?q=%3Adefault%3Aicgoods_1636%3ATotalEnergies"">TotalEnergies</a></td>
		</tr>
		<tr>
			<td>Vascozitate</td>
			<td><a href=""https://ro.e-cat.intercars.eu/ro/Oferta-completa/Ulei-Fluide-Lubrifian%C8%9Bi/ulei-de-motor/Uleiuri-pentru-angrenaje/Ulei-cutie-viteze-manuala/c/tecdoc-5090009-5010177-5010179-genart_3225?q=%3Adefault%3Aicgoods_1632%3A75W80"">75W80</a></td>
		</tr>
		<tr>
			<td>Capacitate</td>
			<td><a href=""https://ro.e-cat.intercars.eu/ro/Oferta-completa/Ulei-Fluide-Lubrifian%C8%9Bi/ulei-de-motor/Uleiuri-pentru-angrenaje/Ulei-cutie-viteze-manuala/c/tecdoc-5090009-5010177-5010179-genart_3225?q=%3Adefault%3Aicgoods_24499%3A1.0"">1.0 l</a></td>
		</tr>
		<tr>
			<td>Standard</td>
			<td><a href=""https://ro.e-cat.intercars.eu/ro/Oferta-completa/Ulei-Fluide-Lubrifian%C8%9Bi/ulei-de-motor/Uleiuri-pentru-angrenaje/Ulei-cutie-viteze-manuala/c/tecdoc-5090009-5010177-5010179-genart_3225?q=%3Adefault%3Aicgoods_13805%3APEUGEOT%2BB71%2B2330"">PEUGEOT B71 2330 ;</a>&nbsp;<a href=""https://ro.e-cat.intercars.eu/ro/Oferta-completa/Ulei-Fluide-Lubrifian%C8%9Bi/ulei-de-motor/Uleiuri-pentru-angrenaje/Ulei-cutie-viteze-manuala/c/tecdoc-5090009-5010177-5010179-genart_3225?q=%3Adefault%3Aicgoods_13805%3ACITROEN%2BB71%2B2330"">CITROEN B71 2330</a></td>
		</tr>
		<tr>
			<td>Specificatie API</td>
			<td><a href=""https://ro.e-cat.intercars.eu/ro/Oferta-completa/Ulei-Fluide-Lubrifian%C8%9Bi/ulei-de-motor/Uleiuri-pentru-angrenaje/Ulei-cutie-viteze-manuala/c/tecdoc-5090009-5010177-5010179-genart_3225?q=%3Adefault%3Aicgoods_13803%3AGL-4%252B"">GL-4+</a></td>
		</tr>
		<tr>
			<td>Linie produs</td>
			<td><a href=""https://ro.e-cat.intercars.eu/ro/Oferta-completa/Ulei-Fluide-Lubrifian%C8%9Bi/ulei-de-motor/Uleiuri-pentru-angrenaje/Ulei-cutie-viteze-manuala/c/tecdoc-5090009-5010177-5010179-genart_3225?q=%3Adefault%3Aicgoods_23999%3ATRAXIUM"">TRAXIUM</a></td>
		</tr>
		<tr>
			<td>Diviziune pictograma</td>
			<td><a href=""https://ro.e-cat.intercars.eu/ro/Oferta-completa/Ulei-Fluide-Lubrifian%C8%9Bi/ulei-de-motor/Uleiuri-pentru-angrenaje/Ulei-cutie-viteze-manuala/c/tecdoc-5090009-5010177-5010179-genart_3225?q=%3Adefault%3Aicgoods_25999%3Aicgoods_289280"">Uleiuri de transmisie</a></td>
		</tr>
		<tr>
			<td>Destinat pentru</td>
			<td><a href=""https://ro.e-cat.intercars.eu/ro/Oferta-completa/Ulei-Fluide-Lubrifian%C8%9Bi/ulei-de-motor/Uleiuri-pentru-angrenaje/Ulei-cutie-viteze-manuala/c/tecdoc-5090009-5010177-5010179-genart_3225?q=%3Adefault%3Aicgoods_38683%3Aicgoods_366381"">Turisme /</a>&nbsp;<a href=""https://ro.e-cat.intercars.eu/ro/Oferta-completa/Ulei-Fluide-Lubrifian%C8%9Bi/ulei-de-motor/Uleiuri-pentru-angrenaje/Ulei-cutie-viteze-manuala/c/tecdoc-5090009-5010177-5010179-genart_3225?q=%3Adefault%3Aicgoods_38683%3Aicgoods_366382"">Camion /</a>&nbsp;<a href=""https://ro.e-cat.intercars.eu/ro/Oferta-completa/Ulei-Fluide-Lubrifian%C8%9Bi/ulei-de-motor/Uleiuri-pentru-angrenaje/Ulei-cutie-viteze-manuala/c/tecdoc-5090009-5010177-5010179-genart_3225?q=%3Adefault%3Aicgoods_38683%3Aicgoods_366383"">Agricultura /</a>&nbsp;<a href=""https://ro.e-cat.intercars.eu/ro/Oferta-completa/Ulei-Fluide-Lubrifian%C8%9Bi/ulei-de-motor/Uleiuri-pentru-angrenaje/Ulei-cutie-viteze-manuala/c/tecdoc-5090009-5010177-5010179-genart_3225?q=%3Adefault%3Aicgoods_38683%3Aicgoods_366385"">Autobuze /</a>&nbsp;<a href=""https://ro.e-cat.intercars.eu/ro/Oferta-completa/Ulei-Fluide-Lubrifian%C8%9Bi/ulei-de-motor/Uleiuri-pentru-angrenaje/Ulei-cutie-viteze-manuala/c/tecdoc-5090009-5010177-5010179-genart_3225?q=%3Adefault%3Aicgoods_38683%3Aicgoods_366386"">Industrie</a></td>
		</tr>
		<tr>
			<td>Tehnologie de baza</td>
			<td><a href=""https://ro.e-cat.intercars.eu/ro/Oferta-completa/Ulei-Fluide-Lubrifian%C8%9Bi/ulei-de-motor/Uleiuri-pentru-angrenaje/Ulei-cutie-viteze-manuala/c/tecdoc-5090009-5010177-5010179-genart_3225?q=%3Adefault%3Aicgoods_66562%3Aicgoods_680411"">sintetic</a></td>
		</tr>
	</tbody>
</table>

<p><strong>Specificatii</strong></p>

<table border=""1"" cellpadding=""1"" cellspacing=""1"" style=""width:500px"">
	<tbody>
		<tr>
			<td>Vascozitate la 40 C</td>
			<td>49 mm2 /s ASTM D445</td>
		</tr>
		<tr>
			<td>Vascozitate la 100 C</td>
			<td>8 mm2 /s ASTM D445</td>
		</tr>
		<tr>
			<td>Index de vascozitate</td>
			<td>137 ASTM D2270</td>
		</tr>
		<tr>
			<td>Punct de scurgere</td>
			<td>-45&deg;C ASTM D97</td>
		</tr>
		<tr>
			<td>Punct de fierbere</td>
			<td>208&deg;C ASTM D92</td>
		</tr>
	</tbody>
</table>

<p>&nbsp;</p>
","TRANSMISSION GEAR 8 75W-80","no","no","in_supplier_stock","24/10/2016 14:26:00","10/12/2024 13:08:56","",""
"3493541",,"1","207","active","ro","4434","HIGH PERFORMANCE GL4+ 75W-90; 1L","high-performance-gl4-75w-90-1l-4434","HIGH PERFORMANCE GL4+ 75W-90","Uleiuri auto; ulei cutie viteze; liqui;moly; high; performance;","HIGH PERFORMANCE GL4+ 75W-90","<p>Ulei cutie viteze Liqui Moly<strong> HIGH PERFORMANCE GL4+ 75W-90; bidon 1L</strong></p>

<p><strong>HIGH PERFORMANCE GL4+ 75W-90 </strong>este un ulei pentru cutia de viteze&nbsp;<strong>full sintetic&nbsp;</strong>care poate fi folosi pentru o gama variata de autoturisme.&nbsp;Amestecul dintre <strong>uleiurile de baza&nbsp;</strong>&nbsp;si <strong>aditivii moderni</strong>&nbsp;de inalta calitate asigura <strong>lubrifierea optima</strong> in conditii de operare extreme si <strong>reduce frecarea</strong> in momentul schimbarii vitezelor, acolo unde este necesar.</p>

<p><strong>Proprietati</strong></p>

<p>-pastrarea calitatilor in timp, chiar si la temperaturi extreme</p>

<p>-performante imbunatatite in conditii de presiune ridicata</p>

<p>-reduce frecarea la nivelul cutiei de viteze</p>

<p>-protejeaza impotriva depunerilor si a coroziunii</p>

<p>-reduce zgomotele cauzate de transmisie</p>

<p><strong>Aprobari</strong></p>

<table border=""1"" cellpadding=""1"" cellspacing=""1"" style=""width:500px"">
	<tbody>
		<tr>
			<td>
			<p>API GL4+</p>

			<p>Ford ESD-M2C 175-A</p>

			<p>VW 501 50 (G50)</p>

			<p>ZF TE-ML 08</p>
			</td>
		</tr>
	</tbody>
</table>

<p><strong>Specificatii</strong></p>

<table border=""1"" cellpadding=""1"" cellspacing=""1"" style=""width:500px"">
	<tbody>
		<tr>
			<td>Vascozitate la 40&deg;C</td>
			<td>81,5 mm&sup2;/s ASTM D 7042-04</td>
		</tr>
		<tr>
			<td>Vascozitate la 100&deg;C</td>
			<td>14,3 mm&sup2;/s ASTM D 7042-04</td>
		</tr>
		<tr>
			<td>Index de vascozitate</td>
			<td>183 DIN ISO 2909</td>
		</tr>
		<tr>
			<td>Punct de scurgere</td>
			<td>-60 &deg;C DIN ISO 3016</td>
		</tr>
		<tr>
			<td>Punct de fierbere</td>
			<td>200 &deg;C DIN ISO 2592</td>
		</tr>
	</tbody>
</table>

<p><strong>Uleiul pentru&nbsp;cutia&nbsp;de viteze Liqui Moly HIGH PERFORMANCE GL4+ 75W-90 este fabricat in Germania</strong></p>
","HIGH PERFORMANCE GL4+ 75W-90","no","no","in_supplier_stock","24/10/2016 14:05:28","31/10/2016 13:40:00","",""
"3493535",,"0","121","active","ro","51839","filtru ulei","filtru-ulei-wix-filters-51839","filtru ulei","filtru ulei","filtru ulei","<table border=""0"" cellpadding=""1"" cellspacing=""1"" style=""width:500px"">
	<tbody>
		<tr>
			<th scope=""row"">Tip filtru</th>
			<td>&nbsp;Insurubabil</td>
		</tr>
		<tr>
			<th scope=""row"">Inaltime [mm]</th>
			<td>&nbsp;96</td>
		</tr>
		<tr>
			<th scope=""row"">Diametru exterior [mm]</th>
			<td>&nbsp;93</td>
		</tr>
	</tbody>
</table>

<p>&nbsp;</p>
","","no","no","in_stock","24/10/2016 12:33:02","9/2/2017 15:02:44","newOEM",""
"3493536",,"0","121","active","ro","57186","filtru ulei","filtru-ulei-wix-filters-57186w","filtru ulei","filtru ulei","filtru ulei","<table border=""0"" cellpadding=""1"" cellspacing=""1"" style=""width:500px"">
	<tbody>
		<tr>
			<th scope=""row"">Tip filtru</th>
			<td>&nbsp;Cartus</td>
		</tr>
		<tr>
			<th scope=""row"">Inaltime [mm]</th>
			<td>&nbsp;125&nbsp;</td>
		</tr>
		<tr>
			<th scope=""row"">Diametru exterior [mm]</th>
			<td>&nbsp;65</td>
		</tr>
		<tr>
			<th scope=""row"">Diametru interior [mm]</th>
			<td>&nbsp;31</td>
		</tr>
	</tbody>
</table>

<p>&nbsp;</p>
","","no","no","in_stock","24/10/2016 12:33:17","15/3/2017 19:02:13","newOEM",""
"3493537",,"0","121","active","ro","33001","filtru ulei","filtru-ulei-wix-filters-33001","filtru ulei","filtru ulei","filtru ulei","<table border=""0"" cellpadding=""1"" cellspacing=""1"" style=""width:500px"">
	<tbody>
		<tr>
			<th scope=""row"">Lungime</th>
			<td>&nbsp;&nbsp;&nbsp;&nbsp; 88</td>
		</tr>
		<tr>
			<th scope=""row"">latime</th>
			<td>&nbsp;&nbsp;&nbsp;&nbsp;&nbsp; 46</td>
		</tr>
		<tr>
			<th scope=""row"">In/Out</th>
			<td>&nbsp;&nbsp; 1,4&nbsp; / 1,4</td>
		</tr>
	</tbody>
</table>

<p>&nbsp;</p>
","","no","no","in_stock","24/10/2016 12:33:31","6/12/2016 20:19:16","newOEM",""
"3493538",,"0","580","active","ro","FL820S","filtru ulei ","filtru-ulei-motorcraft-fl820s","filtru ulei ","filtru ulei ","filtru ulei ","<table border=""0"" cellpadding=""1"" cellspacing=""1"" style=""width:500px"">
	<tbody>
		<tr>
			<th scope=""row"">Tip filtru</th>
			<td>&nbsp;Insurubabil</td>
		</tr>
		<tr>
			<th scope=""row"">Inaltime [mm]</th>
			<td>&nbsp;97</td>
		</tr>
		<tr>
			<th scope=""row"">Diametru exterior [mm]</th>
			<td>&nbsp;93</td>
		</tr>
	</tbody>
</table>

<p>Dimensiune filet M22x1.5</p>
","","no","no","in_stock","24/10/2016 12:33:48","20/7/2017 17:27:34","newOEM",""
"3493539",,"1","207","active","ro","LM3687","TOP TEC ATF 1800; 1L","top-tec-atf-1800-1l-lm3687","TOP TEC ATF 1800","Uleiuri auto; ulei cutie viteze; valvoline; high; performance;","TOP TEC ATF 1800","<p>Ulei <strong>cutie viteze</strong> Liqui Moly <strong>TOP TEC ATF 1800; bidon 1L</strong></p>

<p><strong>TOP TEC ATF 1800</strong> este un ulei cu o <strong>vascozitate redusa</strong>, destinat in special <strong>cutiilor de transmisie&nbsp;automate</strong>. Formula sa este obtinuta prin amestecarea<strong> uleiurilor de baza</strong> cu <strong>aditivi speciali</strong>.</p>

<p>In afara de <strong>pastrarea in timp a calitatilor</strong> si<strong> stabilitate</strong> in ceea ce priveste <strong>oxidarea</strong>, uleiul asigura o <strong>schimbare lina a vitezelor</strong> indiferent de conditiile de operare.</p>

<p>&nbsp;</p>

<p><strong>Proprietati</strong></p>

<p>-pastrarea caracteristicilor indiferent de temperatura</p>

<p>-previne formarea spumei</p>

<p>-stabil din punct de vedere al oxidarii</p>

<p>-reduce frecarea</p>

<p>-proprietati imbunatatile in ceea ce priveste temperaturile joase</p>

<p>-protejeaza impotriva coroziunii&nbsp;</p>

<p><strong>Aprobari</strong></p>

<table border=""1"" cellpadding=""1"" cellspacing=""1"" style=""width:500px"">
	<tbody>
		<tr>
			<td>
			<p>Dexron VI</p>

			<p>Mercon LV</p>

			<p>Aisin Warner AW-1</p>

			<p>BMW 83 22 0 142 516 / 83 22 2 152 426 / 83 22 2 289 720 / M-1375.4</p>

			<p>Fiat 9.555550-AV5</p>

			<p>JWS 3324 (Aisin Warner)</p>

			<p>Land Rover TYK 500050</p>

			<p>Honda ATF DW-1</p>

			<p>Hyundai SP IV</p>

			<p>Mazda ATF FZ</p>

			<p>Nissan AT-Matic S Fluid</p>

			<p>Toyota WS</p>

			<p>VW G 055 005 / G 055 540 / G 060 162</p>
			</td>
		</tr>
	</tbody>
</table>

<p><strong>Specificatii</strong></p>

<table border=""1"" cellpadding=""1"" cellspacing=""1"" style=""width:500px"">
	<tbody>
		<tr>
			<td>Vascozitate la 40&deg;C</td>
			<td>25,7 mm&sup2;/s ASTM D 7042-04</td>
		</tr>
		<tr>
			<td>Vascozitate la 100&deg;C</td>
			<td>5,5 mm&sup2;/s ASTM D 7042-04</td>
		</tr>
		<tr>
			<td>Index de vascozitate</td>
			<td>159 DIN ISO 2909</td>
		</tr>
		<tr>
			<td>Punct de fierbere</td>
			<td>210 &deg;C DIN ISO 2592</td>
		</tr>
		<tr>
			<td>Punct de scurgere</td>
			<td>-48 &deg;C DIN ISO 3016</td>
		</tr>
	</tbody>
</table>

<p><strong>Uleiul pentru cutia de viteze Liqui Moly TOP TEC ATF 1800 este fabricat in Germania.</strong></p>
","TOP TEC ATF 1800","no","no","in_supplier_stock","24/10/2016 12:53:40","31/10/2016 13:40:14","",""
"3493540",,"1","207","active","ro","LM3681","TOP TEC ATF 1200; 1L","top-tec-atf-1200-1l-lm3681","TOP TEC ATF 1200","Uleiuri auto; ulei cutie viteze; liqui;moly; top; tec; atf;","TOP TEC ATF 1200","<p>Ulei cutie viteze Liqui Moly <strong>TOP TEC ATF 1200; bidon 1L</strong></p>

<p><strong>TOP TEC ATF 1200&nbsp;</strong>este un ulei potrivit <strong>cutiilor automate</strong> de ultima generatie. Formula sa contine <strong>uleiuri de baza si aditivi de inalta calitate</strong>. Elementele ce intra in compozitia sa asigura <strong>stabilitate optima in timp</strong>, <strong>pastrarea calitatilor</strong>, si <strong>reducerea frecarii</strong>.</p>

<p><strong>Proprietati</strong></p>

<p>-stabilitate la temperaturi ridicate</p>

<p>-protectie impotriva coroziunii</p>

<p>-proprietati imbunatatite in ceea ce priveste temperaturile joase</p>

<p>-rezistenta chimica sporita</p>

<p><strong>Aprobari</strong></p>

<table border=""1"" cellpadding=""1"" cellspacing=""1"" style=""width:500px"">
	<tbody>
		<tr>
			<td>
			<p>Allison C4</p>

			<p>Caterpillar TO-2</p>

			<p>Dexron III H</p>

			<p>Ford Mercon V</p>

			<p>Honda ATF Z1 (ausser CVT)</p>

			<p>Hyundai SP II / III</p>

			<p>JASO 1-A</p>

			<p>Kia SP-II / SP III</p>

			<p>Mazda ATF M III / ATF M-V</p>

			<p>Mitsubishi SP-II / SP-III</p>

			<p>Nissan AT-Matic D Fluid / AT-Matic J Fluid / AT-Matic K Fluid</p>

			<p>Toyota Type T-II /Type T-IV</p>

			<p>Allison TES 295</p>

			<p>BMW 7045 E / 8072 B / LA 2634 / LT 71141</p>

			<p>Chrysler ATF +3 / ATF +4</p>

			<p>Daimler NAG-1</p>

			<p>JWS 3309 (Aisin Warner)</p>

			<p>MAN 339 Typ V1 / 339 Typ Z1 / 339 Typ Z2</p>

			<p>MB 236.2 / 236.3 / 236.5 / 236.6 / 236.7 / 236.9 / 236.10 / 236.11</p>

			<p>Subaru ATF</p>

			<p>Voith H55.6335.XX (G 607)</p>

			<p>Volvo 97340 / 97341</p>

			<p>VW G 052 162 / G 052 990 / G 055 025</p>

			<p>ZF TE-ML 02F / TE-ML 03D / TE-ML 04D / TE-ML 05L / TE-ML 09 / TE-ML 11A /&nbsp;TE-ML 11B / TE-ML 14A / TE-ML 14B / TE-ML 17C</p>
			</td>
		</tr>
	</tbody>
</table>

<p><strong>Specificatii</strong></p>

<table border=""1"" cellpadding=""1"" cellspacing=""1"" style=""width:500px"">
	<tbody>
		<tr>
			<td>Vascozitate la 40 &deg;C</td>
			<td>36,4 mm&sup2;/s ASTM D 7042-04</td>
		</tr>
		<tr>
			<td>Vascozitate la 100 &deg;C</td>
			<td>6,85 mm&sup2;/s ASTM D 7042-04</td>
		</tr>
		<tr>
			<td>Index de vascozitate</td>
			<td>150 DIN ISO 2909</td>
		</tr>
		<tr>
			<td>Punct de scurgere</td>
			<td>-48 &deg;C DIN ISO 3016</td>
		</tr>
		<tr>
			<td>Punct de fierbere</td>
			<td>228 &deg;C DIN ISO 2592</td>
		</tr>
	</tbody>
</table>

<p><strong>Uleiul pentru cutia de viteze Liqui Moly TOP TEC ATF 1200 este fabricat in Germania.</strong></p>
","TOP TEC ATF 1200","no","no","not_in_stock","24/10/2016 13:25:57","27/10/2016 12:57:41","",""
"3493522",,"0","121","active","ro","24777","Filtru polen","filtru-polen-wix-filters-24777","Filtru polen","Filtru polen","Filtru polen","<table border=""0"" cellpadding=""1"" cellspacing=""1"" style=""width:500px"">
	<tbody>
		<tr>
			<th scope=""row"">Tip filtru</th>
			<td>&nbsp;Panou</td>
		</tr>
		<tr>
			<th scope=""row"">Lumgine [mm]</th>
			<td>&nbsp;273</td>
		</tr>
		<tr>
			<th scope=""row"">Latime [mm]</th>
			<td>&nbsp;216</td>
		</tr>
		<tr>
			<th scope=""row"">Inaltime [mm]</th>
			<td>&nbsp;54</td>
		</tr>
	</tbody>
</table>

<p>&nbsp;</p>
","","no","no","in_stock","24/10/2016 12:29:26","9/2/2017 17:12:50","newOEM",""
"3493523",,"0","121","active","ro","24822","Filtru polen","filtru-polen-wix-filters-24822","Filtru polen","Filtru polen","Filtru polen","<table border=""0"" cellpadding=""1"" cellspacing=""1"" style=""width:500px"">
	<tbody>
		<tr>
			<th scope=""row"">Tip filtru</th>
			<td>&nbsp;Panou</td>
		</tr>
		<tr>
			<th scope=""row"">Lungime [mm]</th>
			<td>&nbsp;279</td>
		</tr>
		<tr>
			<th scope=""row"">Latime [mm]</th>
			<td>&nbsp;206</td>
		</tr>
		<tr>
			<th scope=""row"">Inaltime [mm]</th>
			<td>&nbsp;26</td>
		</tr>
	</tbody>
</table>

<p>&nbsp;</p>
","","no","no","in_stock","24/10/2016 12:29:47","9/2/2017 17:14:21","newOEM",""
"3493524",,"0","121","active","ro","24875","Filtru polen","filtru-polen-wix-filters-24875","Filtru polen","Filtru polen","Filtru polen","<table border=""0"" cellpadding=""1"" cellspacing=""1"" style=""width:500px"">
	<tbody>
		<tr>
			<th scope=""row"">Tip filtru</th>
			<td>&nbsp;Panou</td>
		</tr>
		<tr>
			<th scope=""row"">Lungime [mm]</th>
			<td>&nbsp; 216</td>
		</tr>
		<tr>
			<th scope=""row"">Latime[mm]</th>
			<td>&nbsp;216</td>
		</tr>
		<tr>
			<th scope=""row"">Inaltime [mm]</th>
			<td>&nbsp;17</td>
		</tr>
	</tbody>
</table>

<p>&nbsp;</p>
","","no","no","in_stock","24/10/2016 12:30:05","9/2/2017 17:17:05","newOEM",""
"3493525",,"0","121","active","ro","33502","Filtru combustibil","filtru-combustibil-wix-filters-33502","Filtru combustibil","Filtru combustibil","Filtru combustibil","<table border=""0"" cellpadding=""1"" cellspacing=""1"" style=""width:500px"">
	<tbody>
		<tr>
			<th scope=""row"">Tip filtru</th>
			<td>&nbsp;Conducta</td>
		</tr>
		<tr>
			<th scope=""row"">Inaltime [mm]</th>
			<td>&nbsp;114</td>
		</tr>
		<tr>
			<th scope=""row"">Diametru exterior [mm]</th>
			<td>&nbsp;71</td>
		</tr>
	</tbody>
</table>

<p>&nbsp;</p>
","","no","no","in_stock","24/10/2016 12:30:21","9/2/2017 17:18:54","newOEM",""
"3493526",,"0","121","active","ro","42472","Filtru aer ","filtru-aer-wix-filters-42472","Filtru aer ","Filtru aer ","Filtru aer ","<table border=""0"" cellpadding=""1"" cellspacing=""1"" style=""width:500px"">
	<tbody>
		<tr>
			<th scope=""row"">Tip filtru</th>
			<td>&nbsp;Panou</td>
		</tr>
		<tr>
			<th scope=""row"">Lungime [mm]</th>
			<td>&nbsp;357</td>
		</tr>
		<tr>
			<th scope=""row"">Latime [mm]</th>
			<td>&nbsp;185</td>
		</tr>
		<tr>
			<th scope=""row"">Inaltime [mm]</th>
			<td>&nbsp;50</td>
		</tr>
	</tbody>
</table>

<p>&nbsp;</p>
","","no","no","in_stock","24/10/2016 12:30:36","9/2/2017 17:01:02","newOEM",""
"3493527",,"0","121","active","ro","46673","Filtru aer ","filtru-aer-wix-filters-46673","Filtru aer ","Filtru aer ","Filtru aer ","<table border=""0"" cellpadding=""1"" cellspacing=""1"" style=""width:500px"">
	<tbody>
		<tr>
			<th scope=""row"">Tip filtru</th>
			<td>&nbsp;Panou</td>
		</tr>
		<tr>
			<th scope=""row"">&nbsp;Lungime [mm]</th>
			<td>&nbsp;318&nbsp;</td>
		</tr>
		<tr>
			<th scope=""row"">Latime [mm]</th>
			<td>&nbsp;190</td>
		</tr>
		<tr>
			<th scope=""row"">Inaltime [mm]</th>
			<td>&nbsp;42</td>
		</tr>
	</tbody>
</table>

<p>&nbsp;</p>
","","no","no","in_stock","24/10/2016 12:30:52","9/2/2017 15:16:05","newOEM",""
"3493528",,"0","121","active","ro","51187","filtru ulei","filtru-ulei-wix-filters-51187","filtru ulei","filtru ulei","filtru ulei","filtru ulei",,"no","no","in_stock","24/10/2016 12:31:07","24/10/2016 12:31:07","newOEM",""
"3493529",,"0","121","active","ro","51223","filtru ulei","filtru-ulei-wix-filters-51223","filtru ulei","filtru ulei","filtru ulei","<table border=""0"" cellpadding=""1"" cellspacing=""1"" style=""width:500px"">
	<tbody>
		<tr>
			<th scope=""row"">Tip filtru</th>
			<td>&nbsp;Cartus</td>
		</tr>
		<tr>
			<th scope=""row"">Inaltime [mm]</th>
			<td>&nbsp;99</td>
		</tr>
		<tr>
			<th scope=""row"">Diametru exterior [mm]</th>
			<td>&nbsp;83</td>
		</tr>
		<tr>
			<th scope=""row"">Diametru interior [mm]</th>
			<td>40</td>
		</tr>
	</tbody>
</table>

<p>&nbsp;</p>
","","no","no","in_stock","24/10/2016 12:31:24","9/2/2017 13:59:23","newOEM",""
"3493530",,"0","121","active","ro","51226","filtru ulei","filtru-ulei-wix-filters-51226","filtru ulei","filtru ulei","filtru ulei","<table border=""0"" cellpadding=""1"" cellspacing=""1"" style=""width:500px"">
	<tbody>
		<tr>
			<th scope=""row"">Diametru exterior (mm)</th>
			<td>&nbsp;&nbsp;&nbsp;&nbsp; 65</td>
		</tr>
		<tr>
			<th scope=""row"">Diametru interior (mm)</th>
			<td>&nbsp;&nbsp;&nbsp;&nbsp; 29</td>
		</tr>
		<tr>
			<th scope=""row"">Inaltime (mm)</th>
			<td>&nbsp;&nbsp;&nbsp; 116</td>
		</tr>
	</tbody>
</table>

<p>&nbsp;</p>
","","no","no","in_stock","24/10/2016 12:31:39","7/11/2016 21:22:45","newOEM",""
"3493531",,"0","121","active","ro","51324","filtru ulei","filtru-ulei-wix-filters-51324","filtru ulei","filtru ulei","filtru ulei","<table border=""0"" cellpadding=""1"" cellspacing=""1"" style=""width:500px"">
	<tbody>
		<tr>
			<th scope=""row"">Tip filtru</th>
			<td>&nbsp;Insurubabil</td>
		</tr>
		<tr>
			<th scope=""row"">Inaltime [mm]</th>
			<td>&nbsp;111</td>
		</tr>
		<tr>
			<th scope=""row"">Diametru [mm]</th>
			<td>&nbsp;93</td>
		</tr>
	</tbody>
</table>

<p>&nbsp;</p>
","","no","no","in_stock","24/10/2016 12:31:57","9/2/2017 14:33:24","newOEM",""
"3493532",,"0","121","active","ro","51355","filtru ulei","filtru-ulei-wix-filters-51355","filtru ulei","filtru ulei","filtru ulei","filtru ulei",,"no","no","in_stock","24/10/2016 12:32:12","24/10/2016 12:32:12","newOEM",""
"3493533",,"0","121","active","ro","51381","filtru ulei","filtru-ulei-wix-filters-51381","filtru ulei","filtru ulei","filtru ulei","<table border=""0"" cellpadding=""1"" cellspacing=""1"" style=""width:500px"">
	<tbody>
		<tr>
			<th scope=""row"">Tip filtru</th>
			<td>&nbsp;Insurubabil</td>
		</tr>
		<tr>
			<th scope=""row"">Inaltime [mm]</th>
			<td>&nbsp;80</td>
		</tr>
		<tr>
			<th scope=""row"">Diametru exterior [mm]</th>
			<td>&nbsp;93</td>
		</tr>
	</tbody>
</table>

<p>&nbsp;</p>
","","no","no","in_stock","24/10/2016 12:32:29","9/2/2017 14:26:31","newOEM",""
"3493534",,"0","121","active","ro","51626","filtru ulei","filtru-ulei-wix-filters-51626","filtru ulei","filtru ulei","filtru ulei","<table border=""0"" cellpadding=""1"" cellspacing=""1"" style=""width:500px"">
	<tbody>
		<tr>
			<th scope=""row"">Tip filtru</th>
			<td>&nbsp;Insurubabil</td>
		</tr>
		<tr>
			<th scope=""row"">Inaltime [mm]</th>
			<td>&nbsp;97</td>
		</tr>
		<tr>
			<th scope=""row"">Diametru exterior [mm]&nbsp;</th>
			<td>&nbsp;93</td>
		</tr>
	</tbody>
</table>

<p>&nbsp;</p>
","","no","no","in_stock","24/10/2016 12:32:48","9/2/2017 14:20:57","newOEM",""
"3493427",,"1","207","active","ro"," LM2195","TOP-TEC 4100 5W-40, 5L ","top-tec-4100-5w-40-5l-lm2686","LM2195 ","ulei; motor; liqui; moly;","Ulei motor","<p><strong>TOP TEC 4100</strong> este un ulei compatibil atat cu motorizari diesel cat si cu motorizari benzina.</p>

<p>Datorita compusilor folositi in procesul de productie, acesta ofera o protectie sporita impotriva uzurii, reducand in acelasi timp consumul de ulei si combustibil.</p>

<p>Compozitia uleiului permite un interval de schimb mai mare, pana la&nbsp;<strong>30.000 km</strong>, si este compatibil cu standardele <strong>EURO4/EURO5</strong><br />
Poate fi folosit si in cazul alimentarii cu GPL.<br />
<br />
<strong>Proprietati</strong><br />
-asigura curatarea si starea optima a motorului<br />
-creste intervalul de service<br />
-presiune optima indiferent de turatia motorului<br />
-reduce consumul de ulei si combustibil<br />
<br />
<strong>Aprobari</strong></p>

<table border=""1"" cellpadding=""1"" cellspacing=""1"" style=""width:500px"">
	<tbody>
		<tr>
			<td>
			<p>ACEA C3 API SN / CF BMW Longlife-04 Ford WSS M2C 917-A MB-Approval 229.31 VW 505 00 / 502 00 / 505 01</p>
			</td>
		</tr>
		<tr>
			<td>
			<p>ACEA A3 / B4 Fiat 9.55535-S2 / 9.55535-H2 / 9.55535-M2 Porsche A40 Renault RN 0700 / RN 0710</p>
			</td>
		</tr>
	</tbody>
</table>

<p>&nbsp;<strong>Specificatii tehnice</strong></p>

<table border=""1"" cellpadding=""1"" cellspacing=""1"">
	<tbody>
		<tr>
			<td>
			<p>Clasa vascozitate</p>
			</td>
			<td>
			<p>5W-40</p>
			</td>
		</tr>
		<tr>
			<td>
			<p>Vascozitate la +40 &deg;C</p>
			</td>
			<td>
			<p>85.0 mm&sup2;/s</p>
			</td>
		</tr>
		<tr>
			<td>
			<p>vascozitate la +100 &deg;C</p>
			</td>
			<td>
			<p>14.0 mm&sup2;/s</p>
			</td>
		</tr>
		<tr>
			<td>
			<p>Index vascozitate</p>
			</td>
			<td>
			<p>170 din ISO 2909</p>
			</td>
		</tr>
		<tr>
			<td>
			<p>Punct de aprindere</p>
			</td>
			<td>
			<p>236 &deg;C&nbsp;din ISO 2592</p>
			</td>
		</tr>
		<tr>
			<td>
			<p>Punct de curgere</p>
			</td>
			<td>
			<p>-39 &deg;C din ISO 3016</p>
			</td>
		</tr>
		<tr>
			<td>
			<p>Ash, sulphate</p>
			</td>
			<td>
			<p>0.8 g/100 g din ISO 51575</p>
			</td>
		</tr>
		<tr>
			<td>
			<p>Base number</p>
			</td>
			<td>
			<p>7.4 mg KOH/g din ISO 3771</p>
			</td>
		</tr>
		<tr>
			<td>
			<p>High temperature/ High shear viscosity&nbsp;</p>
			</td>
			<td>
			<p>3.5 m.Pa.s CEC CL-23</p>
			</td>
		</tr>
	</tbody>
</table>

<p><br />
<strong>Liqui Moly Top-Tec 4100 5W-40&nbsp;este fabricat in Germania.</strong></p>
","Ulei motor Liqui Moly Top-Tec 4100 5W-40","yes","no","in_supplier_stock","11/10/2016 19:08:49","16/12/2024 13:50:53","",""
"3493428",,"1","207","active","ro","LM9506","LONG TIME HIGH TECH 5W-30; 1L","long-time-high-tech-5w-30-1l-lm1136","LIM9506","ulei; motor; liqui; moly;","Ulei de motor Liqui Moly","<p>Lubrifiant&nbsp;cu grad mic de vascozitate. Datorita vascozitatii reduse, acest ulei de motor isi pastreaza caracteristicile si asigura functionarea optima a motorului, avand rezistenta indelungata (pana la <strong>30.000 km</strong>).</p>

<p>Formula imbunatatita prin tehnologiile moderne de <strong>aditivare</strong>, garanteaza <strong>protectia sporita</strong> impotriva uzurii motorului, reducand astfel si consumul de ulei si carburant, si asigurand <strong>lubrifierea rapida.</strong></p>

<p><strong>Proprietati</strong></p>

<p><strong>-</strong>formula imbunatatita, cu aditivi</p>

<p>-protectie mai mare a motorului</p>

<p>-reduce consumul de ulei si combustibil</p>

<p>-lubrifiere rapida</p>

<p><strong>Aprobari</strong></p>

<table border=""1"" cellpadding=""1"" cellspacing=""1"" style=""width:500px"">
	<tbody>
		<tr>
			<td>
			<p>ACEA&nbsp;C3/&nbsp;A3/B4;</p>

			<p>API&nbsp;SN/CF</p>

			<p>BMW&nbsp;Longlife ľ 04;</p>

			<p>Ford WSS M2C 917-A</p>

			<p>MB 229.51/229.31;</p>

			<p>VW 502.00/505.00/505.01</p>
			</td>
		</tr>
	</tbody>
</table>

<p>&nbsp;</p>

<p><strong>Liqui Moly Long Time High Tech 5W-30 este fabricat in Germania.</strong></p>
","Ulei de motor Liqui Moly Long Time High Tech 5W-30; 1L","yes","no","in_supplier_stock","11/10/2016 19:15:39","16/12/2024 13:54:17","",""
"3493433",,"1","207","active","ro","LIM2626","MoS2 LEICHTLAUF 10W-40; 1L","mos2-leichtlauf-10w-40-1l-lm2626","MoS2 LEICHTLAUF 10W-40; 1L","ulei; motor; liqui; moly;","Ulei de motor Liqui Moly MoS2 LEICHTLAUF 10W-40; 1L","<p>Ulei de motor Liqui Moly MoS2 LEICHTLAUF 10W-40; bidon1L</p>

<p>Lubrifiant produs prin tehnologii moderne si amestec de<strong>&nbsp;uleiuri minerale si sintetice</strong>, potrivit&nbsp;<strong>uzului permanent</strong>, cu proprietati de&nbsp;<strong>reducere a frecarii</strong>. Continutul ridicat de MoS2 (Bisulfura de Molibden) asigura<strong>&nbsp;lubrifierea optima</strong>&nbsp;in conditii extreme, si permite schimbarea la intervale&nbsp;mari de timp.</p>

<p><strong>Proprietati</strong>&nbsp;</p>

<p>-nu dauneaza autoturismelor dotate cu catalizator</p>

<p>-ajuta&nbsp;pornirea la&nbsp;rece</p>

<p>-nu isi pierde caracteristicile&nbsp;in timp</p>

<p>-mentine motorul curat</p>

<p><strong>Aprobari</strong></p>

<table border=""1"" cellpadding=""1"" cellspacing=""1"">
	<tbody>
		<tr>
			<td>ACEA A3/B4</td>
			<td>&nbsp;API SL/CF</td>
		</tr>
	</tbody>
</table>

<p><strong>Specificatii tehnice</strong></p>

<table border=""1"" cellpadding=""1"" cellspacing=""1"">
	<tbody>
		<tr>
			<td>Clasa vascozitate</td>
			<td>10W-40</td>
		</tr>
		<tr>
			<td>Vascozitate la 40&ordm;C</td>
			<td>88 mm&sup2;/s</td>
		</tr>
		<tr>
			<td>Vascozitate la 100&ordm;C</td>
			<td>14,0 mm&sup2;/s</td>
		</tr>
		<tr>
			<td>Index de vascozitate</td>
			<td>164 DIN ISO 2909</td>
		</tr>
		<tr>
			<td>Punct de aprindere</td>
			<td>230 &deg;C DIN ISO 2592</td>
		</tr>
		<tr>
			<td>Punct de curgere</td>
			<td>-36 &deg;C DIN ISO 3016</td>
		</tr>
		<tr>
			<td>Sulfate ash</td>
			<td>1,0 - 1,6 g/100g DIN 51575</td>
		</tr>
		<tr>
			<td>Total base number</td>
			<td>9,0 mg KOH/g DIN ISO 3771</td>
		</tr>
		<tr>
			<td>High temperature/ High shear viscosity</td>
			<td>3,5 mPas ASTM D5481</td>
		</tr>
	</tbody>
</table>

<p><strong>&nbsp;</strong></p>

<p><strong>Liqui Moly MoS2 LEICHTLAUF 10W-40&nbsp;este fabricat in Germania.</strong></p>
","Ulei de motor Liqui Moly MoS2 LEICHTLAUF 10W-40; 1L","yes","no","in_supplier_stock","12/10/2016 15:33:32","16/12/2024 13:58:14","",""
"3493430",,"1","207","active","ro","LIM2597","LONG TIME HIGH TECH 5W-30; 5L","long-time-high-tech-5w-30-5l-lm1137","LM2597","ulei; motor; liqui; moly;","","<p>&nbsp;</p>

<p>Ulei de motor Liqui Moly LONG TIME HIGH TECH 5W-30, canistra de 5L.</p>

<p>Lubrifiant&nbsp;cu grad mic de vascozitate. Datorita vascozitatii reduse, acest ulei de motor isi pastreaza caracteristicile si asigura functionarea optima a motorului, avand rezistenta indelungata (pana la&nbsp;<strong>30.000 km</strong>).</p>

<p>Formula imbunatatita prin tehnologiile moderne de&nbsp;<strong>aditivare</strong>, garanteaza&nbsp;<strong>protectia sporita</strong>&nbsp;impotriva uzurii motorului, reducand astfel si consumul de ulei si carburant, si asigurand&nbsp;<strong>lubrifierea rapida.</strong></p>

<p><strong>Proprietati</strong></p>

<p><strong>-</strong>formula imbunatatita, cu aditivi</p>

<p>-protectie mai mare a motorului</p>

<p>-reduce consumul de ulei si combustibil</p>

<p>-lubrifiere rapida</p>

<p><strong>Aprobari</strong></p>

<table border=""1"" cellpadding=""1"" cellspacing=""1"" style=""width:250px"">
	<tbody>
		<tr>
			<td>
			<p>ACEA&nbsp;C3/&nbsp;A3/B4;</p>

			<p>API&nbsp;SN/CF</p>

			<p>BMW&nbsp;Longlife ľ 04;</p>

			<p>Ford WSS M2C 917-A</p>

			<p>MB 229.51/229.31;</p>

			<p>VW 502.00/505.00/505.01&nbsp;</p>
			</td>
		</tr>
	</tbody>
</table>

<p>&nbsp;</p>

<p><strong>&nbsp;Liqui Moly LONG TIME HIGH TECH 5W-30 este fabricat in Germania.</strong></p>
","Ulei de motor Liqui Moly LONG TIME HIGH TECH 5W-30","yes","no","in_supplier_stock","12/10/2016 13:57:15","16/12/2024 14:01:59","",""
"3493435",,"1","207","active","ro","LIM8972 ","TOP-TEC 4200 5W-30, 1L ","top-tec-4200-5w-30-1l-lm2691","Ulei de motor TOP-TEC 4200 5W-30, 1L ","ulei; motor; liqui; moly;","Ulei de motor TOP-TEC 4200 5W-30, 1L ","<p><strong>Top Tec 4200 5W-30&nbsp;</strong>este uleiul de motor potrivit pentru functionarea in orice anotimp a&nbsp;automobilelor cu motorizari <strong>diesel, benzina sau GPL</strong>.</p>

<p>Indeplineste criteriile emisiilor de noxe <strong>EURO4/EURO5/EURO6</strong>.</p>

<p>Combinatia dintre<strong> uleiurile de baza si aditivi</strong>, mixata prin cele mai <strong>moderne tehnologii</strong>, asigura functionarea optima a motorului, oferindu-i <strong>protectie maxima</strong> impotriva uzurii si&nbsp;ajuta la <strong>reducerea</strong> consumului de ulei si carburant.</p>

<p>Intervalul de service poate atinge intre<strong> 30.000 si 50.000 km</strong>.</p>

<p><strong>Proprietati</strong></p>

<p>-potrivit pentru autoturisme dotate cu catalizator si turbina&nbsp;</p>

<p>-reduce emisia de noxe</p>

<p>-lubrifiere optima a motorului&nbsp;</p>

<p>-reduce consumul de carburant</p>

<p>-performante imbunatatite la temperaturi scazute</p>

<p>-interval de service mai mare&nbsp;</p>

<p>-nu isi pierde caracteristicile in timp</p>

<p>-presiune optima indiferent de conditii</p>

<p>-curatare imbunatatita a motorului</p>

<p><strong>Aprobari</strong></p>

<table border=""1"" cellpadding=""1"" cellspacing=""1"" style=""width:500px"">
	<tbody>
		<tr>
			<td>
			<p>ACEA C3</p>

			<p>API SN</p>

			<p>BMW Longlife-04</p>

			<p>MB&nbsp;229.31/229.51</p>

			<p>Porsche C30</p>

			<p>VW 504.00/507.00</p>
			</td>
		</tr>
		<tr>
			<td>
			<p>&nbsp;ACEA A3/A5/B4/B5/C2</p>

			<p>API CF</p>

			<p>BMW Longlife-01/Longlife-01 FE</p>

			<p>Fiat 9.55535-S1</p>

			<p>Peugeot/Citroen (PSA) B71 2290</p>

			<p>VW 500.00/501.01/502.00/503.00/503.01/505.00/505.01/506.00/506.01 (nerecomandat pentru motoare R5 si V10 TDI fabricate inainte de iunie 2006)</p>
			</td>
		</tr>
	</tbody>
</table>

<p>&nbsp;<strong>Specificatii</strong></p>

<table border=""1"" cellpadding=""1"" cellspacing=""1"" style=""width:500px"">
	<tbody>
		<tr>
			<td>Clasa de vascozitate</td>
			<td>5W-30</td>
		</tr>
		<tr>
			<td>Vascozitate la 40&ordm; C</td>
			<td>70,0 mm&sup2;/s ASTM D 7042-04</td>
		</tr>
		<tr>
			<td>Vascozitate la 100&ordm; C</td>
			<td>12,2 mm&sup2;/s ASTM D 7042-04</td>
		</tr>
		<tr>
			<td>Index de vascozitate</td>
			<td>173 DIN ISO 2909</td>
		</tr>
		<tr>
			<td>Punct de aprindere</td>
			<td>232 &deg;C DIN ISO 2592</td>
		</tr>
		<tr>
			<td>Punct de scurgere</td>
			<td>-42 &deg;C DIN ISO 3016</td>
		</tr>
		<tr>
			<td>Sulfate ash</td>
			<td>0,8 g/100g DIN 51575</td>
		</tr>
		<tr>
			<td>Base number</td>
			<td>6,5 mg KOH/g DIN ISO 3771</td>
		</tr>
		<tr>
			<td>High temperature/ High shear viscosity</td>
			<td>3,5 mPas ASTM D5481</td>
		</tr>
	</tbody>
</table>

<p>&nbsp;</p>

<p><strong>Liqui MolyTOP-TEC 4200 5W-30 este fabricat in Germania.</strong></p>
","Ulei de motor TOP-TEC 4200 5W-30, 1L ","yes","no","in_supplier_stock","12/10/2016 16:44:04","16/12/2024 14:07:55","",""
"3493434",,"1","207","active","ro","LM2682","TOP-TEC 4100 5W-40, 1L ","top-tec-4100-5w-40-1l-lm2682","Ulei de motor TOP-TEC 4100 5W-40, 1L ","ulei; motor; liqui; moly;","Ulei de motor TOP-TEC 4100 5W-40, 1L ","<p>Ulei de motor Liqui Moly TOP-TEC 4100 5W-40, bidon 1L</p>

<p><strong>TOP TEC 4100</strong>&nbsp;este un ulei compatibil atat cu motorizari diesel cat si cu motorizari benzina.</p>

<p>Datorita compusilor folositi in procesul de productie, acesta ofera o protectie sporita impotriva uzurii, reducand in acelasi timp consumul de ulei si combustibil.</p>

<p>Compozitia uleiului permite un interval de schimb mai mare, pana la&nbsp;<strong>30.000 km</strong>, si este compatibil cu standardele&nbsp;<strong>EURO4/EURO5</strong><br />
Poate fi folosit si in cazul alimentarii cu GPL.<br />
<br />
<strong>Proprietati</strong><br />
-asigura curatarea si starea optima a motorului<br />
-creste intervalul de service<br />
-presiune optima indiferent de turatia motorului<br />
-reduce consumul de ulei si combustibil<br />
<br />
<strong>Aprobari</strong></p>

<table border=""1"" cellpadding=""1"" cellspacing=""1"">
	<tbody>
		<tr>
			<td>
			<p>ACEA C3 API SN / CF BMW Longlife-04 Ford WSS M2C 917-A MB-Approval 229.31 VW 505 00 / 502 00 / 505 01</p>
			</td>
		</tr>
		<tr>
			<td>
			<p>ACEA A3 / B4 Fiat 9.55535-S2 / 9.55535-H2 / 9.55535-M2 Porsche A40 Renault RN 0700 / RN 0710</p>
			</td>
		</tr>
	</tbody>
</table>

<p>&nbsp;<strong>Specificatii tehnice</strong></p>

<table border=""1"" cellpadding=""1"" cellspacing=""1"">
	<tbody>
		<tr>
			<td>
			<p>Clasa vascozitate</p>
			</td>
			<td>
			<p>5W-40</p>
			</td>
		</tr>
		<tr>
			<td>
			<p>Vascozitate la +40 &deg;C</p>
			</td>
			<td>
			<p>85.0 mm&sup2;/s</p>
			</td>
		</tr>
		<tr>
			<td>
			<p>vascozitate la +100 &deg;C</p>
			</td>
			<td>
			<p>14.0 mm&sup2;/s</p>
			</td>
		</tr>
		<tr>
			<td>
			<p>Index vascozitate</p>
			</td>
			<td>
			<p>170 DIN ISO 2909</p>
			</td>
		</tr>
		<tr>
			<td>
			<p>Punct de aprindere</p>
			</td>
			<td>
			<p>236 &deg;C&nbsp;DIN ISO 2592</p>
			</td>
		</tr>
		<tr>
			<td>
			<p>Punct de curgere</p>
			</td>
			<td>
			<p>-39 &deg;C DIN ISO 3016</p>
			</td>
		</tr>
		<tr>
			<td>
			<p>Ash, sulphate</p>
			</td>
			<td>
			<p>0.8 g/100 g DIN ISO 51575</p>
			</td>
		</tr>
		<tr>
			<td>
			<p>Base number</p>
			</td>
			<td>
			<p>7.4 mg KOH/g DIN ISO 3771</p>
			</td>
		</tr>
		<tr>
			<td>
			<p>High temperature/ High shear viscosity&nbsp;</p>
			</td>
			<td>
			<p>3.5 m.Pa.s CEC CL-23</p>
			</td>
		</tr>
	</tbody>
</table>

<p>&nbsp;</p>

<p><strong>&nbsp;Liqui Moly&nbsp;TOP-TEC 4100 5W-40 este fabricat in Germania.</strong></p>
","Ulei de motor TOP-TEC 4100 5W-40, 1L ","yes","no","in_stock","12/10/2016 16:07:31","12/10/2016 19:14:53","",""
"3493436",,"1","207","active","ro","LM2693","TOP-TEC 4200 5W-30, 5L ","top-tec-4200-5w-30-5l-lm2693","Ulei de motor TOP-TEC 4200 5W-30, 5L ","ulei; motor; liqui; moly;","Ulei de motor TOP-TEC 4200 5W-30, 5L ","<p>Ulei de motor Liqui Moly TOP TEC 4200 5W-30, canistra 5L.</p>

<p><strong>Top Tec 4200 5W-30&nbsp;</strong>este uleiul de motor potrivit pentru functionarea in orice anotimp a&nbsp;automobilelor cu motorizari&nbsp;<strong>diesel, benzina sau GPL</strong>.</p>

<p>Indeplineste criteriile emisiilor de noxe&nbsp;<strong>EURO4/EURO5/EURO6</strong>.</p>

<p>Combinatia dintre<strong>&nbsp;uleiurile de baza si aditivi</strong>, mixata prin cele mai&nbsp;<strong>moderne tehnologii</strong>, asigura functionarea optima a motorului, oferindu-i&nbsp;<strong>protectie maxima</strong>&nbsp;impotriva uzurii si&nbsp;ajuta la&nbsp;<strong>reducerea</strong>&nbsp;consumului de ulei si carburant.</p>

<p>Intervalul de service poate atinge intre<strong>&nbsp;30.000 si 50.000 km</strong>.</p>

<p><strong>Proprietati</strong></p>

<p>-potrivit pentru autoturisme dotate cu catalizator si turbina&nbsp;</p>

<p>-reduce emisia de noxe</p>

<p>-lubrifiere optima a motorului&nbsp;</p>

<p>-reduce consumul de carburant</p>

<p>-performante imbunatatite la temperaturi scazute</p>

<p>-interval de service mai mare&nbsp;</p>

<p>-nu isi pierde caracteristicile in timp</p>

<p>-presiune optima indiferent de conditii</p>

<p>-curatare imbunatatita a motorului</p>

<p><strong>Aprobari</strong></p>

<table border=""1"" cellpadding=""1"" cellspacing=""1"">
	<tbody>
		<tr>
			<td>
			<p>ACEA C3</p>

			<p>API SN</p>

			<p>BMW Longlife-04</p>

			<p>MB&nbsp;229.31/229.51</p>

			<p>Porsche C30</p>

			<p>VW 504.00/507.00</p>
			</td>
		</tr>
		<tr>
			<td>
			<p>&nbsp;ACEA A3/A5/B4/B5/C2</p>

			<p>API CF</p>

			<p>BMW Longlife-01/Longlife-01 FE</p>

			<p>Fiat 9.55535-S1</p>

			<p>Peugeot/Citroen (PSA) B71 2290</p>

			<p>VW 500.00/501.01/502.00/503.00/503.01/505.00/505.01/506.00/506.01 (nerecomandat pentru motoare R5 si V10 TDI fabricate inainte de iunie 2006)</p>
			</td>
		</tr>
	</tbody>
</table>

<p>&nbsp;<strong>Specificatii</strong></p>

<table border=""1"" cellpadding=""1"" cellspacing=""1"">
	<tbody>
		<tr>
			<td>Clasa de vascozitate</td>
			<td>5W-30</td>
		</tr>
		<tr>
			<td>Vascozitate la 40&ordm; C</td>
			<td>70,0 mm&sup2;/s ASTM D 7042-04</td>
		</tr>
		<tr>
			<td>Vascozitate la 100&ordm; C</td>
			<td>12,2 mm&sup2;/s ASTM D 7042-04</td>
		</tr>
		<tr>
			<td>Index de vascozitate</td>
			<td>173 DIN ISO 2909</td>
		</tr>
		<tr>
			<td>Punct de aprindere</td>
			<td>232 &deg;C DIN ISO 2592</td>
		</tr>
		<tr>
			<td>Punct de scurgere</td>
			<td>-42 &deg;C DIN ISO 3016</td>
		</tr>
		<tr>
			<td>Sulfate ash</td>
			<td>0,8 g/100g DIN 51575</td>
		</tr>
		<tr>
			<td>Base number</td>
			<td>6,5 mg KOH/g DIN ISO 3771</td>
		</tr>
		<tr>
			<td>High temperature/ High shear viscosity</td>
			<td>3,5 mPas ASTM D5481</td>
		</tr>
	</tbody>
</table>

<p>&nbsp;</p>

<p><strong>Liqui Moly TOP-TEC 4200 5W-30&nbsp;este fabricat in Germania.</strong></p>
","Ulei de motor TOP-TEC 4200 5W-30, 5L ","yes","no","in_supplier_stock","12/10/2016 17:10:50","31/10/2016 13:43:14","",""
"3494620",,"0","577","active","ro","PF61E  9008","Filtru ulei ","filtru-ulei-pf61e-9008","","filtru ulei , sistem ungere motor, lubrifiere motor, ulei","","<table>
	<tbody>
		<tr>
			<td>BUICK</td>
			<td>ALLURE</td>
			<td>2005-2007</td>
		</tr>
		<tr>
			<td>BUICK</td>
			<td>ELECTRA</td>
			<td>1982-1986</td>
		</tr>
		<tr>
			<td>BUICK</td>
			<td>ESTATE WAGON</td>
			<td>1982-1983</td>
		</tr>
		<tr>
			<td>BUICK</td>
			<td>LACROSSE</td>
			<td>2005-2007</td>
		</tr>
		<tr>
			<td>BUICK</td>
			<td>LESABRE</td>
			<td>1982-1990</td>
		</tr>
		<tr>
			<td>BUICK</td>
			<td>LUCERNE</td>
			<td>2006-2011</td>
		</tr>
		<tr>
			<td>BUICK</td>
			<td>RAINIER</td>
			<td>2004-2007</td>
		</tr>
		<tr>
			<td>BUICK</td>
			<td>REGAL</td>
			<td>1982-1985</td>
		</tr>
		<tr>
			<td>BUICK</td>
			<td>RENDEZVOUS</td>
			<td>2004-2006</td>
		</tr>
		<tr>
			<td>BUICK</td>
			<td>RIVIERA</td>
			<td>1982-1985</td>
		</tr>
		<tr>
			<td>BUICK</td>
			<td>TERRAZA</td>
			<td>2006-2007</td>
		</tr>
		<tr>
			<td>CADILLAC</td>
			<td>60 SPECIAL</td>
			<td>1993</td>
		</tr>
		<tr>
			<td>CADILLAC</td>
			<td>ALLANTE</td>
			<td>1987-1993</td>
		</tr>
		<tr>
			<td>CADILLAC</td>
			<td>BROUGHAM</td>
			<td>1987-1990</td>
		</tr>
		<tr>
			<td>CADILLAC</td>
			<td>COMMERCIAL CHASSIS</td>
			<td>1992</td>
		</tr>
		<tr>
			<td>CADILLAC</td>
			<td>DEVILLE</td>
			<td>1982-2005</td>
		</tr>
		<tr>
			<td>CADILLAC</td>
			<td>DTS</td>
			<td>2006-2011</td>
		</tr>
		<tr>
			<td>CADILLAC</td>
			<td>ELDORADO</td>
			<td>1982-2002</td>
		</tr>
		<tr>
			<td>CADILLAC</td>
			<td>FLEETWOOD</td>
			<td>1982-1992</td>
		</tr>
		<tr>
			<td>CADILLAC</td>
			<td>SEVILLE</td>
			<td>1982-2004</td>
		</tr>
		<tr>
			<td>CADILLAC</td>
			<td>SRX</td>
			<td>2004-2009</td>
		</tr>
		<tr>
			<td>CADILLAC</td>
			<td>STS</td>
			<td>2005-2009</td>
		</tr>
		<tr>
			<td>CADILLAC</td>
			<td>XLR</td>
			<td>2004-2009</td>
		</tr>
		<tr>
			<td>CHECKER</td>
			<td>MARATHON</td>
			<td>1980-1982</td>
		</tr>
		<tr>
			<td>CHEVROLET</td>
			<td>CAPRICE</td>
			<td>1987-1990</td>
		</tr>
		<tr>
			<td>CHEVROLET</td>
			<td>COLORADO</td>
			<td>2004-2012</td>
		</tr>
		<tr>
			<td>CHEVROLET</td>
			<td>EL CAMINO</td>
			<td>1984</td>
		</tr>
		<tr>
			<td>CHEVROLET</td>
			<td>IMPALA</td>
			<td>2006-2011</td>
		</tr>
		<tr>
			<td>CHEVROLET</td>
			<td>MALIBU</td>
			<td>1982-2010</td>
		</tr>
		<tr>
			<td>CHEVROLET</td>
			<td>MONTE CARLO</td>
			<td>1982-2007</td>
		</tr>
		<tr>
			<td>CHEVROLET</td>
			<td>TRAILBLAZER</td>
			<td>2002-2009</td>
		</tr>
		<tr>
			<td>CHEVROLET</td>
			<td>UPLANDER</td>
			<td>2006-2009</td>
		</tr>
		<tr>
			<td>GMC</td>
			<td>CABALLERO</td>
			<td>1984</td>
		</tr>
		<tr>
			<td>GMC</td>
			<td>CANYON</td>
			<td>2004-2012</td>
		</tr>
		<tr>
			<td>GMC</td>
			<td>ENVOY</td>
			<td>2002-2009</td>
		</tr>
		<tr>
			<td>HUMMER</td>
			<td>H3</td>
			<td>2006-2010</td>
		</tr>
		<tr>
			<td>HUMMER</td>
			<td>H3T</td>
			<td>2009-2010</td>
		</tr>
		<tr>
			<td>ISUZU</td>
			<td>ASCENDER</td>
			<td>2003-2008</td>
		</tr>
		<tr>
			<td>ISUZU</td>
			<td>I-350</td>
			<td>2006</td>
		</tr>
		<tr>
			<td>ISUZU</td>
			<td>I-370</td>
			<td>2007-2008</td>
		</tr>
		<tr>
			<td>JEEP</td>
			<td>J10</td>
			<td>1984-1986</td>
		</tr>
		<tr>
			<td>JEEP</td>
			<td>J20</td>
			<td>1984-1986</td>
		</tr>
		<tr>
			<td>OLDSMOBILE</td>
			<td>98</td>
			<td>1982-1984</td>
		</tr>
		<tr>
			<td>OLDSMOBILE</td>
			<td>AURORA</td>
			<td>1995-2003</td>
		</tr>
		<tr>
			<td>OLDSMOBILE</td>
			<td>BRAVADA</td>
			<td>2002-2004</td>
		</tr>
		<tr>
			<td>OLDSMOBILE</td>
			<td>CUSTOM CRUISER</td>
			<td>1982-1990</td>
		</tr>
		<tr>
			<td>OLDSMOBILE</td>
			<td>CUTLASS CALAIS</td>
			<td>1982-1984</td>
		</tr>
		<tr>
			<td>OLDSMOBILE</td>
			<td>CUTLASS CRUISER</td>
			<td>1982-1983</td>
		</tr>
		<tr>
			<td>OLDSMOBILE</td>
			<td>CUTLASS SALON</td>
			<td>1985</td>
		</tr>
		<tr>
			<td>OLDSMOBILE</td>
			<td>CUTLASS SUPREME</td>
			<td>1982-1988</td>
		</tr>
		<tr>
			<td>OLDSMOBILE</td>
			<td>DELTA 88</td>
			<td>1982-1985</td>
		</tr>
		<tr>
			<td>OLDSMOBILE</td>
			<td>TORONADO</td>
			<td>1982-1985</td>
		</tr>
		<tr>
			<td>PONTIAC</td>
			<td>BONNEVILLE</td>
			<td>2004-2005</td>
		</tr>
		<tr>
			<td>PONTIAC</td>
			<td>G6</td>
			<td>2006-2010</td>
		</tr>
		<tr>
			<td>PONTIAC</td>
			<td>MONTANA</td>
			<td>2006-2009</td>
		</tr>
		<tr>
			<td>PONTIAC</td>
			<td>PARISIENNE</td>
			<td>1982</td>
		</tr>
		<tr>
			<td>PONTIAC</td>
			<td>SAFARI</td>
			<td>1987-1989</td>
		</tr>
		<tr>
			<td>SATURN</td>
			<td>AURA</td>
			<td>2007-2008</td>
		</tr>
		<tr>
			<td>SATURN</td>
			<td>RELAY</td>
			<td>2006-2007</td>
		</tr>
		<tr>
			<td>SATURN</td>
			<td>VUE</td>
			<td>2008-2009</td>
		</tr>
		<tr>
			<td>SHELBY</td>
			<td>SERIES 1</td>
			<td>1999-200</td>
		</tr>
	</tbody>
</table>
","","","","in_stock","10/1/2025 09:05:00","10/1/2025 09:05:00","kit",""
"3493439",,"1","582","active","ro","7876","EUROSYN SRT 5W-40 TURBO DIESEL FULL SYNTHETIC; 3.78L (1Gallon)","eurosyn-srt-5w-40-turbo-diesel-full-synthetic-378l-1gallon-7876","EUROSYN SRT 5W-40 TURBO DIESEL FULL SYNTHETIC; 3.78L (1Gallon)","ulei; motor; triax; eurosyn; full; synthetic","Ulei de motor Triax EUROSYN SRT 5W-40 TURBO DIESEL FULL SYNTHETIC","<p>Ulei de motor Triax EUROSYN 5W-40 TURBO DIESEL FULL SYNTHETIC, bidon 3.78L (1Gallon)</p>

<p><strong>TRIAX Eurosyn 5W-40&nbsp;Turbo Diesel </strong>este unul dintre cele mai performante uleiuri create pentru autoturisme.&nbsp;Este un ulei full synthetic in compozitia caruia intra uleiuri de baza&nbsp;<strong>PAO</strong>&nbsp;<strong>GROUP IV</strong>. Potrivit pentru autoturisme cu <strong>motorizari turbo diesel</strong>, care sunt echipate cu filtru de particule. De obicei, acest tip de motor functioneaza avand temperaturi mai mari decat celelalte, fiind nevoie de un ulei care sa ofere <strong>protectie maxima</strong>.&nbsp;</p>

<p>Formula acestui ulei contine <strong>aditivi</strong>, <strong>detergenti</strong> si <strong>stabilizatori de vascozitate</strong>, care ajuta la <strong>marirea duratei de viata</strong> a motoarelor.</p>

<p><strong>Proprietati</strong></p>

<p>-interval de schimb mare ( <strong>30.000 km</strong>)</p>

<p>-stabilitate termica ridicata</p>

<p>-isi pastreaza caracteristicile in timp</p>

<p>-protectie ridicata impotriva uzurii motorului</p>

<p>-reduce consumul de ulei si combustibil</p>

<p><strong>Aprobari</strong></p>

<table border=""1"" cellpadding=""1"" cellspacing=""1"" style=""width:500px"">
	<tbody>
		<tr>
			<td>
			<p>API SN/CF Gasoline &amp; Turbo Diesel</p>

			<p>AACEA C2/C3-10/&nbsp;A3/B3/&nbsp;A3/B4/&nbsp;C3-08 Turbo Diesel DPF</p>

			<p>Mercedes Benz MB 229.31/229.51</p>

			<p>BMW LL-04</p>

			<p>Porsche A40</p>

			<p>Mid-SAPS</p>

			<p>VW (Gasoline)* 502.00/503.00/503.01</p>

			<p>VW (Diesel)* 505.00/505.01/506.00/507.00</p>

			<p>Mercedes Benz MB p 229.51</p>

			<p>IVECO Vehicles with DPF</p>

			<p>Ford gasoline and turbo diesel with/without DPF</p>

			<p>Peugeot/Citro&euml;n auto B71 2290</p>

			<p>Mazda</p>

			<p>Chrysler MS - 11106</p>

			<p>FIAT 9.55535-D2/ 9.55535-N2/ 9.55535-S1/&nbsp;9.55535-S2</p>
			</td>
		</tr>
	</tbody>
</table>

<p><strong>Specificatii</strong></p>

<table border=""1"" cellpadding=""1"" cellspacing=""1"" style=""width:500px"">
	<tbody>
		<tr>
			<td>Clasa de vascozitate</td>
			<td>5W-40</td>
		</tr>
		<tr>
			<td>Vascozitate la +40&ordm; C</td>
			<td>87.1</td>
		</tr>
		<tr>
			<td>Vascozitate la +100&ordm; C</td>
			<td>14.50</td>
		</tr>
		<tr>
			<td>Index de vascozitate</td>
			<td>192</td>
		</tr>
		<tr>
			<td>Punct de aprindere</td>
			<td>235&ordm;</td>
		</tr>
		<tr>
			<td>Punct de scurgere</td>
			<td>-45&ordm;</td>
		</tr>
	</tbody>
</table>

<p>&nbsp;</p>

<p><strong>Uleiul de motor Triax EUROSYN 5W-40 TURBO DIESEL FULL SYNTHETIC este fabricat in SUA.</strong></p>
","Ulei de motor Triax EUROSYN SRT 5W-40 TURBO DIESEL FULL SYNTHETIC","yes","no","not_in_stock","13/10/2016 13:29:21","6/2/2018 21:20:39","",""
"3493440",,"1","582","active","ro","7787","EUROSYN VX 5W-30 FULL SYNTHETIC; 3.78 L (1 Gallon)","eurosyn-vx-5w-30-full-synthetic-378-l-1-gallon-7787","EUROSYN VX 5W-30","ulei; motor; triax; eurosyn; full; synthetic","Ulei de motor TriaxEUROSYN VX 5W-30","<p>TRIAX EuroSyn VX 5W-30 Diesel Full Synthetic reprezintă ultima generaţie de lubrifianţi full sintetici cu un spectru foarte larg de utilizare inclusiv motoarele Europene ultra-performante turbo diesel echipate cu twin-turbo cu filtru de particule (DPF). Produsul este formulat in intregime cu&nbsp;uleiuri de baza PAO (polyalphaolephins) Group IV sintetic, urmatorul pas peste uleiuri full sintetice obisnuite si relativ unic in piata de lubrifianti de automobile, oriunde in lume. Diferenta de performanta fata de uleiurie sintetice obisnuite, este dramatica. Toti parametrii de functionare si utilizare, intervalul de schimb, stabilitatea termica, stabilitatea vascozitatii, rezistenta peliculei la uzura si contaminare sunt mult peste uleiurile full sintetice obisnuite. In plus fata de uleiul de baza din care este formulat,&nbsp;&nbsp;acest lubrifiant conţine o nouă generaţie de aditivi, detergenti şi stabilizatori de v&acirc;scozitate polimerici introduşi &icirc;n piaţa de lubrifianţi &icirc;n 2013 ceea ce dau motoarelor o longevitate iesita din comun.</p>

<p>Formulat specific&nbsp;pentru motoare Europene turbo diesel ultra-eficiente, cu temperaturi de operare ridicate şi care au nevoie de lubrifianţi premium cu un nivel de protecţie foarte ridicat at&acirc;t pe autostradă c&acirc;t şi &icirc;n traficul din oraşe.</p>

<p>&nbsp;</p>
","Ulei de motor triax Eurosyn VX 5W-30","yes","no","not_in_stock","13/10/2016 13:53:50","14/5/2019 12:12:30","",""
"3493801",,"1","582","active","ro","7877","SYNERGY MST 10W-40; 3.78L/1 Gal","synergy-mst-10w-40-378l1-gal-7877","SYNERGY MST","SYNERGY MST","SYNERGY MST","<p><strong>TRIAX Synergy MST 10W-40 Full Sintetic&nbsp;este unul din cele mai avansate uleiuri de motor existente, si reprezinta noul etalon de performanta pentru uleiurile dedicate masinilor&nbsp;cu peste 100,000 km</strong>.</p>

<p>Cea mai mare diferenta a acestui produs fata de orice ulei 10W-40 (inclusiv Mobil 1 10W-40), este OMCT (Organic Molybdenum Complex Technology).</p>

<p>&nbsp;</p>

<p><strong>Beneficii:</strong></p>

<table border=""1"" cellpadding=""1"" cellspacing=""1"" style=""width:500px"">
	<tbody>
		<tr>
			<td>
			<ul>
				<li>Rezistenta la oxidare cu 50% mai buna decat orice alt ulei de orice marca, cu rezistenta termica extrema</li>
				<li>Reducere de uzura cu peste 60% fata de uleiurile obisnuite</li>
				<li>Reducere de 68% a coeficientului de frecare interna la cuzineti si vibrochen</li>
				<li>Permite lubrifierea &quot;uscata&quot; instanta la pornire, eliminand uzura pistoanelor la pornire in special iarna</li>
			</ul>
			</td>
		</tr>
	</tbody>
</table>

<p><strong>Specificatii</strong></p>

<table border=""1"" cellpadding=""1"" cellspacing=""1"" style=""width:500px"">
	<tbody>
		<tr>
			<td>
			<p>API SN / SL CF Diesel</p>

			<p>&nbsp;ACEA A3/B3</p>

			<p>VW 501.00</p>
			</td>
		</tr>
	</tbody>
</table>

<p>&nbsp;</p>
","Ulei de motor Triax SYNERGY MST 10W-40; Bidon 3.78L/ 1 Gallon","","","not_in_stock","6/12/2016 13:27:37","6/2/2018 21:20:03","",""
"3494615",,"1","577","active","ro","13293","Ulei de motor Ac Delco 0W20 109322 109302 ","ulei-de-motor-ac-delco-0w20-109322-109302-13293","ulei motor ","uleiuri , ulei, lubrifiant , ulei motor ","Dexos 1 Gen 2 New Formulation; Full Synthetic; SAE 0W-20; 1 Quart","<p>Dexos 1 Gen 2 New Formulation; Full Synthetic; SAE 0W-20; 1 Quart</p>
","Dexos 1 Gen 2 New Formulation; Full Synthetic; SAE 0W-20; 1 Quart","yes","","in_stock","11/12/2024 08:56:56","11/12/2024 08:56:56","",""
"3494616",,"0","418","active","ro","ZD1119  13987 ","Placute frana fata ","placute-frana-fata-zd1119-13987","Placute frana ","frana , sistem franare , frane placute frana ","","<p>Compatibilitate :</p>

<p>Hummer H3&nbsp; 2006 -2009&nbsp; 3.5 3.7&nbsp;</p>
","","yes","","in_stock","16/12/2024 09:30:11","16/12/2024 09:30:11","kit",""
"3494617",,"0","658","active","ro","BCD1119 ","Placute frana ","placute-frana-bcd1119","Placute frana ","sistem franare , placute frana , set de placute frana ","sistem de franare ","<p>Compatibilitate :</p>

<p>Hummer H3&nbsp; 2006-2010&nbsp; 3.5 3.7&nbsp;</p>

<p>Montare ;</p>

<p>punte fata&nbsp;</p>
","Latime :	134.6 mm :
Inaltime 1 	72.5 mm:
Inaltime 2	75.4 mm:
Grosime 	16.9 mm:
Senzor de uzura - Da;
Greutate 	2.48 kg;
Pozitie montare axa  : Fata
","yes","","in_stock","16/12/2024 09:48:01","16/12/2024 09:59:30","kit",""
"3494618",,"0","438","active","ro","RS5407 13797","Amotizor sistem directie ","amotizor-sistem-directie-rs5407-13797","Amotizor caseta directie ","directie , amortizare , amortizor vibratii","","","Amotizor vibratii 
Caseta directie 
Sistem directie 
","yes","","in_stock","16/12/2024 10:09:26","16/12/2024 10:17:27","kit",""
"3494614",,"1","607","active","ro","11476","Mopar 5W20  68518202AA","mopar-5w20-68518202aa-68518202aa","ulei motor ","uleiuri , ulei, lubrifiant , ulei motor ","Nume	Uleiuri de motor
Producator	MOPAR
Vascozitate	5W20
Capacitate	0.946 l
Standard	CHRYSLER MS-6395
Specificatie ACEA	B1
Destinat pentru	Turisme
Culoare ulei	Maro
Aplicatie	
Protejeaza interiorul motoarelor
Greutate	0,87
kg","<p>Nume&nbsp;&nbsp; &nbsp;Uleiuri de motor<br />
Producator&nbsp;&nbsp; &nbsp;MOPAR<br />
Vascozitate&nbsp;&nbsp; &nbsp;5W20<br />
Capacitate&nbsp;&nbsp; &nbsp;0.946 l<br />
Standard&nbsp;&nbsp; &nbsp;CHRYSLER MS-6395<br />
Specificatie ACEA&nbsp;&nbsp; &nbsp;B1<br />
Destinat pentru&nbsp;&nbsp; &nbsp;Turisme<br />
Culoare ulei&nbsp;&nbsp; &nbsp;Maro<br />
Aplicatie&nbsp;&nbsp; &nbsp;<br />
Protejeaza interiorul motoarelor<br />
Greutate&nbsp;&nbsp; &nbsp;0,87kg</p>
","Nume	Uleiuri de motor
Producator	MOPAR
Vascozitate	5W20
Capacitate	0.946 l
Standard	CHRYSLER MS-6395
Specificatie ACEA	B1
Destinat pentru	Turisme
Culoare ulei	Maro
Aplicatie	
Protejeaza interiorul motoarelor
Greutate	0,87kg","","","in_stock","11/12/2024 08:25:28","11/12/2024 08:35:47","",""
"3494613",,"1","582","active","ro","13282","Triax Sinergy SRT 5W20","triax-sinergy-srt-5w20-5w20","ulei motor ","uleiuri , ulei, lubrifiant , ulei motor ","PERFORMANTA IMBUNATATITA - Contine modificatori de frecare din Molybden organo-metalic si Nano-Borate pentru a reduce semnificativ uzura si a mentine neschimbate proprietatile uleiului.
INTERVALE DE SCHIMB EXTINSE - Permite schimbarea uleiului la 24.000KM sau 2 ani.
COMPATIBIL CU O GAMA LARGA DE SPECIFICATII - Depaseste cerintele de performanta API SN si GM Dexos 1 pentru motoarele pe benzina care necesita un ulei 5W-20 SN / Dexos.
TRIAX Synergy SRT 5W-20 contine tehnologia CRP (Continously Regenerative Plating) de placare cu Molybden si stratificare antiuzura si antioxidare.
Nu isi modifica proprietatile in conditii de utilizare extrema a motorului.","<p>Gm Dexos1 Gen 2</p>

<p>Ford WSS M2C930A</p>
","PERFORMANTA IMBUNATATITA - Contine modificatori de frecare din Molybden organo-metalic si Nano-Borate pentru a reduce semnificativ uzura si a mentine neschimbate proprietatile uleiului.
INTERVALE DE SCHIMB EXTINSE - Permite schimbarea uleiului la 24.000KM sau 2 ani.
COMPATIBIL CU O GAMA LARGA DE SPECIFICATII - Depaseste cerintele de performanta API SN si GM Dexos 1 pentru motoarele pe benzina care necesita un ulei 5W-20 SN / Dexos.
TRIAX Synergy SRT 5W-20 contine tehnologia CRP (Continously Regenerative Plating) de placare cu Molybden si stratificare antiuzura si antioxidare.
Nu isi modifica proprietatile in conditii de utilizare extrema a motorului.","yes","","in_stock","11/12/2024 08:17:15","11/12/2024 08:37:47","",""
"3494608",,"1","582","active","ro","11391","ATF Dexron VI LV ","atf-dexron-vi-lv-11391","atf ","uleiuri , ulei, lubrifiant , ulei motor ","TRIAX DEX VI LV ATF complet sintetic cu vâscozitate scăzută, calitate OEM,  compatibil cu GM Dexron VI, Honda/Acura DW-1, Toyota WS, majoritatea vehiculelor GM, Chrysler și Jeep ","<p>TRIAX DEX VI LV ATF complet sintetic cu v&acirc;scozitate scăzută, calitate OEM, compatibil cu GM Dexron VI, Honda/Acura DW-1, Toyota WS, majoritatea vehiculelor GM, Chrysler și Jeep (1 galon)</p>
","TRIAX DEX VI LV ATF complet sintetic cu vâscozitate scăzută, calitate OEM, compatibil cu GM Dexron VI, Honda/Acura DW-1, Toyota WS, majoritatea vehiculelor GM, Chrysler și Jeep","yes","","in_stock","10/12/2024 13:47:47","10/12/2024 14:42:35","",""
"3493556",,"0","121","active","ro","24866","filtru polen ","filtru-polen-wix-filters-24866","filtru polen ","filtru polen ","filtru polen ","<p>filtru polen</p>
","","no","no","in_stock","24/10/2016 17:20:30","7/2/2017 14:40:20","newOEM",""
"3493557",,"0","121","active","ro","51334","filtru ulei ","filtru-ulei-wix-filters-51334","filtru ulei ","filtru ulei ","filtru ulei ","<table border=""0"" cellpadding=""1"" cellspacing=""1"" style=""width:500px"">
	<tbody>
		<tr>
			<th scope=""row"">Tip filtru</th>
			<td>&nbsp;Insurubabil</td>
		</tr>
		<tr>
			<th scope=""row"">Inaltime [mm]</th>
			<td>&nbsp;82</td>
		</tr>
		<tr>
			<th scope=""row"">Diametru exterior [mm]</th>
			<td>&nbsp;80</td>
		</tr>
	</tbody>
</table>

<p>&nbsp;</p>
","","no","no","in_stock","24/10/2016 17:20:48","9/2/2017 14:17:19","newOEM",""
"3493558",,"0","121","active","ro","51393","filtru ulei ","filtru-ulei-wix-filters-51393","filtru ulei ","filtru ulei ","filtru ulei ","<table border=""0"" cellpadding=""1"" cellspacing=""1"" style=""width:500px"">
	<tbody>
		<tr>
			<th scope=""row"">Diametru exterior [mm]</th>
			<td>&nbsp;&nbsp;&nbsp; 77</td>
		</tr>
		<tr>
			<th scope=""row"">Inaltime [mm]</th>
			<td>&nbsp;&nbsp; 122</td>
		</tr>
		<tr>
			<th scope=""row"">Filet cuplaj</th>
			<td>&nbsp;&nbsp; 3/4&quot; - 16</td>
		</tr>
	</tbody>
</table>

<p>&nbsp;</p>
","","no","no","in_stock","24/10/2016 17:21:07","8/11/2016 14:00:44","newOEM",""
"3493559",,"0","121","active","ro","33509","filtru comb ","filtru-comb-wix-filters-33509","filtru comb ","filtru comb ","filtru comb ","<table border=""0"" cellpadding=""1"" cellspacing=""1"" style=""width:500px"">
	<tbody>
		<tr>
			<th scope=""row"">Inaltime [mm]</th>
			<td>
			<p>&nbsp;&nbsp;&nbsp;&nbsp; 175</p>
			</td>
		</tr>
		<tr>
			<th scope=""row"">Diametru exterior [mm]</th>
			<td>&nbsp;&nbsp;&nbsp;&nbsp; &nbsp; 87</td>
		</tr>
		<tr>
			<th scope=""row"">Diametru flux intrare [mm]</th>
			<td>&nbsp;&nbsp;&nbsp;&nbsp;&nbsp;&nbsp; 8</td>
		</tr>
		<tr>
			<th scope=""row"">Diametru flux iesire [mm]</th>
			<td>&nbsp;&nbsp;&nbsp;&nbsp;&nbsp;&nbsp; 8</td>
		</tr>
	</tbody>
</table>

<p>&nbsp;</p>
","","no","no","in_stock","24/10/2016 17:21:26","2/3/2017 17:02:23","newOEM",""
"3493562",,"0","121","active","ro","51042","filtru ulei ","filtru-ulei-wix-filters-51042","filtru ulei ","filtru ulei ","filtru ulei ","<table border=""0"" cellpadding=""0"" cellspacing=""0"" style=""width:500px"">
	<tbody>
		<tr>
			<th scope=""row"">Diametru exterior</th>
			<td>&nbsp;</td>
		</tr>
		<tr>
			<th scope=""row"">Diametru interior</th>
			<td>&nbsp;</td>
		</tr>
		<tr>
			<th scope=""row"">Latime filet</th>
			<td>&nbsp;</td>
		</tr>
	</tbody>
</table>

","","yes","no","in_stock","25/10/2016 21:30:40","26/10/2016 01:56:42","newOEM",""
"3493563",,"0","121","active","ro","51365","filtru ulei ","filtru-ulei-wix-filters-51365","filtru ulei ","filtru ulei ","filtru ulei ","<table border=""0"" cellpadding=""1"" cellspacing=""1"" style=""width:500px"">
	<tbody>
		<tr>
			<th scope=""row"">Diametru exterior[mm]</th>
			<td>&nbsp;&nbsp;&nbsp;&nbsp;&nbsp;&nbsp;&nbsp; 68</td>
		</tr>
		<tr>
			<th scope=""row"">Diametru interior [mm]</th>
			<td>&nbsp;&nbsp;&nbsp;&nbsp;&nbsp;&nbsp;&nbsp; 54</td>
		</tr>
		<tr>
			<th scope=""row"">Filet cuplaj</th>
			<td>&nbsp;&nbsp;&nbsp;&nbsp;&nbsp;&nbsp;&nbsp; M20x1.5</td>
		</tr>
		<tr>
			<th scope=""row"">Presiune deschidere&nbsp; [bar]</th>
			<td>&nbsp;&nbsp;&nbsp;&nbsp;&nbsp;&nbsp;&nbsp;&nbsp; 1</td>
		</tr>
		<tr>
			<th scope=""row"">Info suplimentar</th>
			<td>&nbsp;&nbsp;&nbsp;&nbsp; cu ventil blocare retur</td>
		</tr>
	</tbody>
</table>
","","no","no","in_stock","25/10/2016 22:37:57","9/2/2017 14:58:42","newAMPart",""
"3493565",,"0","121","active","ro","51522","filtru ulei ","filtru-ulei-wix-filters-51522","filtru ulei ","filtru ulei ","filtru ulei ","<table border=""0"" cellpadding=""1"" cellspacing=""3"" style=""width:500px"">
	<tbody>
		<tr>
			<th scope=""row"">Diametru exterior</th>
			<td>74</td>
		</tr>
		<tr>
			<th scope=""row"">Inaltime</th>
			<td>115</td>
		</tr>
		<tr>
			<th scope=""row"">Filet</th>
			<td>13/16&quot;-16</td>
		</tr>
	</tbody>
</table>
","","no","no","in_stock","25/10/2016 23:03:35","26/10/2016 11:32:23","newOEM",""
"3493566",,"0","580","active","ro","FL331","filtru ulei ","filtru-ulei-motorcraft-fl331","filtru ulei ","filtru ulei ","filtru ulei ","<table border=""1"" cellpadding=""1"" cellspacing=""1"" style=""width:500px"">
	<tbody>
		<tr>
			<th scope=""row"">Inaltime</th>
			<td>&nbsp; 115 mm</td>
		</tr>
		<tr>
			<th scope=""row"">Diametru ext</th>
			<td>&nbsp;&nbsp; 74 mm</td>
		</tr>
		<tr>
			<th scope=""row"">Filet</th>
			<td>&nbsp;&nbsp; 13/16&nbsp;&nbsp; 16 UNF</td>
		</tr>
	</tbody>
</table>

<p>&nbsp;</p>
","","no","no","in_stock","25/10/2016 23:12:13","20/7/2018 17:20:26","newOEM",""
"3494152",,"0","599","active","ro","10207110","Placute frana spate ","placute-frana-spate-10207110","placute frana spate ","Placute frana, sistem de franare , frana , disc, frana de mana , cablu, racord , furtun","","<table border=""0"" cellpadding=""1"" cellspacing=""1"" style=""width:500px"">
	<tbody>
		<tr>
			<th scope=""row"">Parte montare</th>
			<td>&nbsp;&nbsp; sistem de franare</td>
		</tr>
		<tr>
			<th scope=""row"">Parte montare</th>
			<td>&nbsp;&nbsp; spate</td>
		</tr>
		<tr>
			<th scope=""row"">Dimensiuni [mm]</th>
			<td>&nbsp;&nbsp; L142.5&nbsp;&nbsp;&nbsp; l 48.3&nbsp;&nbsp;&nbsp;&nbsp;&nbsp;&nbsp; H 16.00</td>
		</tr>
	</tbody>
</table>

<p>&nbsp;</p>
","","","","in_stock","27/4/2017 18:47:34","27/4/2017 18:47:34","kit",""
"3493567",,"0","31","active","ro","911527","amortizor","amortizor-monroe-911527","amortizor","amortizor","amortizor","<table border=""0"" cellpadding=""1"" cellspacing=""1"" style=""width:500px"">
	<tbody>
		<tr>
			<th scope=""row"">Parte montare</th>
			<td>&nbsp; punte fata</td>
		</tr>
		<tr>
			<th scope=""row"">Tip amortizor</th>
			<td>&nbsp; presiune gas</td>
		</tr>
	</tbody>
</table>

<p>&nbsp;</p>
","","no","no","in_supplier_stock","26/10/2016 12:36:45","3/11/2016 16:24:08","newOEM",""
"3493568",,"0","31","active","ro","911528","amortizor","amortizor-monroe-911528","amortizor","amortizor","Amortizor punte spate ","<table border=""0"" cellpadding=""1"" cellspacing=""1"" style=""width:500px"">
	<tbody>
		<tr>
			<th scope=""row"">Parte montare</th>
			<td>&nbsp; punte spate</td>
		</tr>
		<tr>
			<th scope=""row"">Sistem amortizor</th>
			<td>&nbsp; monotub</td>
		</tr>
		<tr>
			<th scope=""row"">Tip amortizor</th>
			<td>&nbsp; presiune gas</td>
		</tr>
	</tbody>
</table>

<p><br />
<br />
<br />
&nbsp;</p>

<p><br />
<br />
<br />
&nbsp;</p>

<p>&nbsp;</p>
","","no","no","in_stock","26/10/2016 12:56:27","3/11/2016 16:30:47","newOEM",""
"3493581",,"0","577","active","ro","41103","Bujie aprindere","bujie-aprindere-41103","Bujie aprindere","bujie;bujii;","","<table border=""0"" cellpadding=""1"" cellspacing=""1"" style=""width:500px"">
	<tbody>
		<tr>
			<th scope=""row"">Dimensiune cheie</th>
			<td>16 mm</td>
		</tr>
		<tr>
			<th scope=""row"">Lungime filet</th>
			<td>25 mm</td>
		</tr>
		<tr>
			<th scope=""row"">Specificatie</th>
			<td>Iridium</td>
		</tr>
	</tbody>
</table>

<p>&nbsp;</p>
","","","","in_stock","27/10/2016 22:38:28","27/10/2016 22:38:28","kit",""
"3493584",,"0","586","active","ro","WB513067","Rulment roata ","rulment-roata-wjb-wa513067","Rulment roata ","rulment ; rulmenti","Rulment roata ","<table border=""0"" cellpadding=""1"" cellspacing=""1"" style=""width:500px"">
	<tbody>
		<tr>
			<th scope=""row"">Parte montare</th>
			<td>&nbsp; punte spate</td>
		</tr>
		<tr>
			<th scope=""row"">Parte montare</th>
			<td>&nbsp;&nbsp; stanga</td>
		</tr>
		<tr>
			<th scope=""row"">parte montare</th>
			<td>&nbsp;&nbsp;&nbsp; dreapta</td>
		</tr>
	</tbody>
</table>

<p>&nbsp;</p>
","","no","no","in_stock","28/10/2016 13:21:30","19/1/2018 15:47:14","newOEM",""
"3493583",,"0","586","active","ro","WA515093","Rulment roata ","rulment-roata-wjb-wa515093","Rulment roata ","Rulment roata ","Rulment roata ","<table border=""0"" cellpadding=""1"" cellspacing=""1"" style=""width:500px"">
	<tbody>
		<tr>
			<th scope=""row"">Rulment roata</th>
			<td>&nbsp; punte fata</td>
		</tr>
		<tr>
			<th scope=""row"">Specificatie</th>
			<td>&nbsp; cu senzor ABS</td>
		</tr>
		<tr>
			<th scope=""row"">Parte montare</th>
			<td>&nbsp; stg/dr</td>
		</tr>
	</tbody>
</table>

<p>&nbsp;</p>
","","no","no","in_stock","28/10/2016 13:01:12","28/10/2016 13:34:21","newOEM",""
"3493590",,"0","121","active","ro","58323","Filtru transmisie ","filtru-transmisie-58323","Filtru transmisie ","Filtru transmisie; Filtru hidraulic; Filtru cutie vietza automata;Humer H3","filtu transmisie ","<p>Filtru hydraulic&nbsp; transmisie</p>
","","","","in_stock","28/10/2016 16:57:11","28/10/2016 16:57:11","kit",""
"3493586",,"0","577","active","ro","45D2432","Articulatie sarcina ghidare","articulatie-sarcina-ghidare-45d2432","Articulatie sarcina ghidare Hummer H3","articulatie sarcina ghidare","Articulatie sarcina ghidare Hummer H3","<p>&nbsp;</p>

<table border=""0"" cellpadding=""1"" cellspacing=""1"" style=""width:500px"">
	<tbody>
		<tr>
			<th scope=""row"">Parte montare</th>
			<td>&nbsp; fata</td>
		</tr>
		<tr>
			<th scope=""row"">Parte montare</th>
			<td>&nbsp; inferior</td>
		</tr>
		<tr>
			<th scope=""row"">Parte montare</th>
			<td>&nbsp; stg/dr</td>
		</tr>
	</tbody>
</table>

<p>&nbsp;</p>
","","yes","no","in_stock","28/10/2016 14:55:50","31/10/2016 12:40:10","kit",""
"3493588",,"0","121","active","ro","42013","Filtru aer ","filtru-aer-wix-filters-42013","Filtru aer ","Filtru aer ","Filtru aer ","<table border=""0"" cellpadding=""1"" cellspacing=""1"" style=""width:500px"">
	<tbody>
		<tr>
			<th scope=""row"">Diametru exterior</th>
			<td>&nbsp;148 mm</td>
		</tr>
		<tr>
			<th scope=""row"">Diametru interior</th>
			<td>&nbsp; 91 mm</td>
		</tr>
		<tr>
			<th scope=""row"">Inaltime</th>
			<td>&nbsp; 225 mm</td>
		</tr>
	</tbody>
</table>

<p>&nbsp;</p>
","","no","no","in_stock","28/10/2016 16:22:10","28/10/2016 16:39:51","newOEM",""
"3493591",,"0","97","active","ro","K6408","Set bucse  bara stabilizatoare ","set-bucse-bara-stabilizatoare-k6408","Bucsa bara stabilizatoare ; bara stabilizatoare ; bara torsiune ","bucsa bara stabilizatoare ","set bucsi bara stabilizatoare ; bucsa bara stabilizatoare ; bara stabilizatoare ; bara torsiune ","<table border=""0"" cellpadding=""1"" cellspacing=""1"" style=""width:500px"">
	<tbody>
		<tr>
			<th scope=""row"">Diametru bara stabilizatoare</th>
			<td>&nbsp;29 mm</td>
		</tr>
		<tr>
			<th scope=""row"">Parte montare</th>
			<td>&nbsp;spate</td>
		</tr>
	</tbody>
</table>

<p>&nbsp;</p>

<p>&nbsp;</p>

<p>&nbsp;</p>
","","yes","no","in_stock","31/10/2016 14:01:15","22/1/2018 21:32:48","kit",""
"3493592",,"0","587","active","ro","HU2551100","Lucas aripa dreapta fata; Galben","lucas-aripa-dreapta-fata-galben-hu2551100","LUCAS ARIPA DREAPTA FATA GALBEN","lucas; aripa; dreapta; fata; galben","LUCAS ARIPA DREAPTA FATA GALBEN","<table border=""0"" cellpadding=""1"" cellspacing=""1"" style=""width:500px"">
	<tbody>
		<tr>
			<th scope=""row"">Parte montare</th>
			<td>&nbsp;aripa</td>
		</tr>
		<tr>
			<th scope=""row"">Parte montare</th>
			<td>&nbsp;dreapta</td>
		</tr>
		<tr>
			<th scope=""row"">Culoare</th>
			<td>&nbsp;galben</td>
		</tr>
	</tbody>
</table>

<p>5-12 zile</p>
","","no","no","in_supplier_stock","31/10/2016 17:24:04","27/7/2018 17:28:50","kit",""
"3493593",,"0","587","active","ro","HU2550100","Lucas aripa stanga fata; Galben","lucas-aripa-stanga-fata-galben-hu2550100","LUCAS ARIPA STANGA FATA GALBEN","lucas; aripa; stanga; fata; galben","LUCAS ARIPA STANGA FATA GALBEN","<table border=""0"" cellpadding=""1"" cellspacing=""1"" style=""width:500px"">
	<tbody>
		<tr>
			<th scope=""row"">Parte montare</th>
			<td>&nbsp;fata</td>
		</tr>
		<tr>
			<th scope=""row"">Parte montare</th>
			<td>&nbsp;stanga</td>
		</tr>
		<tr>
			<th scope=""row"">Culoare</th>
			<td>&nbsp;galben</td>
		</tr>
	</tbody>
</table>

<p>5-12 zlie</p>
","","no","no","in_supplier_stock","31/10/2016 17:33:10","27/7/2018 17:29:46","kit",""
"3493594",,"0","589","active","ro","15086904","Bucsa bara stabilizatoare","bucsa-bara-stabilizatoare-15086904","Bucsa  bara stabilizatoare ","stabilizare;bara ; bucsa;set bucsi bara stabilizatoare ","","<table border=""0"" cellpadding=""1"" cellspacing=""1"" style=""width:500px"">
	<tbody>
		<tr>
			<th scope=""row"">Parte montare</th>
			<td>&nbsp;&nbsp;&nbsp;&nbsp;&nbsp; punte spate</td>
		</tr>
		<tr>
			<th scope=""row"">Produs</th>
			<td>&nbsp;&nbsp;&nbsp;&nbsp;&nbsp;&nbsp;&nbsp;&nbsp; origine</td>
		</tr>
		<tr>
			<th scope=""row"">&nbsp;</th>
			<td>&nbsp;</td>
		</tr>
	</tbody>
</table>

<p>&nbsp;</p>
","","yes","","in_stock","1/11/2016 12:43:32","2/11/2016 15:54:43","kit",""
"3493595",,"0","121","active","ro","51348","Filtru ulei","filtru-ulei-wix-filters-51348","Filtru ulei","Filtru ulei","Filtru ulei","<table border=""0"" cellpadding=""1"" cellspacing=""1"" style=""width:500px"">
	<tbody>
		<tr>
			<th scope=""row"">Inaltime</th>
			<td>&nbsp; 84 mm</td>
		</tr>
		<tr>
			<th scope=""row"">Diametru exterior</th>
			<td>&nbsp;&nbsp; 74 mm</td>
		</tr>
		<tr>
			<th scope=""row"">Dimensiune filet</th>
			<td>3/4-16</td>
		</tr>
	</tbody>
</table>
","","no","no","in_stock","1/11/2016 12:56:16","1/11/2016 13:52:51","newOEM",""
"3493600",,"0","588","active","ro","XW4P7H103AA","Senzor cutie viteze automata ","senzor-cutie-viteze-automata-ford-xw4p7h103aa","Senzor cutie viteze automata ","Senzor cutie viteze automata ","Senzor cutie viteze automata ","<p>Senzor cutie viteze automata</p>
","","no","no","in_stock","2/11/2016 12:48:24","2/11/2016 12:53:41","newOEM",""
"3493601",,"0","588","active","ro","8R2P7M101AA","Senzor impulsuri arbore cotit  ","senzor-impulsuri-arbore-cotit-ford-8r2p7m101aa","Senzor arbore cotit  ","Senzor arbore cotit  ","Senzor arbore cotit  ","<p>Senzor impulsuri arbore cotit</p>
","","no","no","in_stock","2/11/2016 13:12:49","2/11/2016 13:22:35","newOEM",""
"3493602",,"0","579","active","ro","56105","Geam oglinda retrovizoare dreapta ","geam-oglinda-retrovizoare-dreapta-56105","geam ; geam oglinda ; geam oglinda retrovizoare dreapta;oglinda ","geam oglinda retrovizoare dreapta ","geam oglinda retrovizoare dreapta ","<table border=""0"" cellpadding=""1"" cellspacing=""1"" style=""width:500px"">
	<tbody>
		<tr>
			<th scope=""row"">Parte montare</th>
			<td>&nbsp;&nbsp; dreapta</td>
		</tr>
		<tr>
			<th scope=""row"">Cod OE</th>
			<td>&nbsp;&nbsp; 4R3Z17K707AA</td>
		</tr>
		<tr>
			<th scope=""row"">&nbsp;</th>
			<td>&nbsp;</td>
		</tr>
	</tbody>
</table>

<p>&nbsp;</p>
","geam oglinda retrovizoare dreapta ","","","in_stock","2/11/2016 14:11:04","2/11/2016 14:11:04","kit",""
"3493598",,"0","97","active","ro","K6439","Set bucse bara stabilizatoare","set-bucse-bara-stabilizatoare-k6439","Bucsa bara stabilizatoare","bucsa; bara; stabilizatoare","","<table border=""0"" cellpadding=""1"" cellspacing=""1"" style=""width:500px"">
	<tbody>
		<tr>
			<th scope=""row"">Diametru bara stabilizatoare [mm]</th>
			<td>&nbsp;33</td>
		</tr>
		<tr>
			<th scope=""row"">Diametru exterior [mm]</th>
			<td>&nbsp;43</td>
		</tr>
		<tr>
			<th scope=""row"">Material</th>
			<td>&nbsp;Termoplastic</td>
		</tr>
	</tbody>
</table>

<p>&nbsp;</p>
","","no","no","in_stock","1/11/2016 19:06:06","27/3/2018 19:42:31","kit",""
"3494167",,"0","589","active","ro","15124516","Bucsa bara stabilizatoare","bucsa-bara-stabilizatoare-15124516","Bucsa bara stabilizatoare","Bucsa bara stabilizatoare","","<table border=""0"" cellpadding=""1"" cellspacing=""1"" style=""width:500px"">
	<tbody>
		<tr>
			<th scope=""row"">Parte montare</th>
			<td>&nbsp;Fata</td>
		</tr>
		<tr>
			<th scope=""row"">Pozitie montare</th>
			<td>&nbsp;Stanga/Dreapta</td>
		</tr>
		<tr>
			<th scope=""row"">Diametru bara stabilizatoare [mm]</th>
			<td>&nbsp;36</td>
		</tr>
	</tbody>
</table>

<p>&nbsp;</p>
","","no","no","in_stock","18/5/2017 15:39:28","18/5/2017 15:39:28","kit",""
"3493608",,"0","579","active","ro","521949","Brat suspensie ","brat-suspensie-521949","Brat suspensie ","suspensie/directie/roti/","","<table border=""0"" cellpadding=""1"" cellspacing=""1"" style=""width:500px"">
	<tbody>
		<tr>
			<th scope=""row"">Parte montare</th>
			<td>&nbsp;&nbsp;&nbsp;&nbsp; fata</td>
		</tr>
		<tr>
			<th scope=""row"">Parte montare</th>
			<td>&nbsp;&nbsp;&nbsp;&nbsp; superior</td>
		</tr>
		<tr>
			<th scope=""row"">Parte montare</th>
			<td>&nbsp;&nbsp;&nbsp;&nbsp; stanga</td>
		</tr>
		<tr>
			<th scope=""row"">ACEST PRODUS NU SE MAI FABRICA</th>
			<td>&nbsp;</td>
		</tr>
		<tr>
			<th scope=""row"">A fost inlocuit cu CMS501144 sau RK621676</th>
			<td>&nbsp;</td>
		</tr>
	</tbody>
</table>

<p>&nbsp;</p>
","","","","not_in_stock","2/11/2016 16:46:01","28/11/2017 16:03:50","kit",""
"3493609",,"0","579","active","ro","521950","Brat suspensie","brat-suspensie-521950","Brat suspensie","suspensie;suspensie/directie/roti","","<table border=""0"" cellpadding=""1"" cellspacing=""1"" style=""width:500px"">
	<tbody>
		<tr>
			<th scope=""row"">Parte montare</th>
			<td>&nbsp; fata</td>
		</tr>
		<tr>
			<th scope=""row"">Parte montare</th>
			<td>&nbsp; superior</td>
		</tr>
		<tr>
			<th scope=""row"">Parte montare</th>
			<td>&nbsp; dreapta</td>
		</tr>
		<tr>
			<th scope=""row""><strong>ACEST PRODUS NU SE MAI FABRICA!</strong></th>
			<td>&nbsp;</td>
		</tr>
		<tr>
			<th scope=""row"">A fost&nbsp;inlocuit cu <strong>CMS 501145 </strong>sau<strong> RK621675 !!</strong></th>
			<td>&nbsp;</td>
		</tr>
	</tbody>
</table>

<p>&nbsp;</p>
","","","","not_in_stock","2/11/2016 17:55:28","28/11/2017 16:02:42","kit",""
"3493610",,"0","589","active","ro","15082974","Brat suspensie","brat-suspensie-15082974","Brat suspensie","suspensie;suspensie/directie/roti","","<table border=""0"" cellpadding=""1"" cellspacing=""1"" style=""width:500px"">
	<tbody>
		<tr>
			<th scope=""row"">Parte montare</th>
			<td>fata</td>
		</tr>
		<tr>
			<th scope=""row"">Parte montare</th>
			<td>superior</td>
		</tr>
		<tr>
			<th scope=""row"">Parte montare</th>
			<td>stanga</td>
		</tr>
	</tbody>
</table>

<p>&nbsp;</p>
","","","","in_supplier_stock","2/11/2016 18:02:25","2/11/2016 18:02:25","kit",""
"3493611",,"0","589","active","ro","15082975","Brat suspensie","brat-suspensie-15082975","Brat suspensie","suspensie;suspensie/directie/roti","","<table border=""0"" cellpadding=""1"" cellspacing=""1"" style=""width:500px"">
	<tbody>
		<tr>
			<th scope=""row"">Parte montare</th>
			<td>&nbsp;fata</td>
		</tr>
		<tr>
			<th scope=""row"">Parte montare</th>
			<td>&nbsp;superior</td>
		</tr>
		<tr>
			<th scope=""row"">Parte montare</th>
			<td>&nbsp;dreapta</td>
		</tr>
	</tbody>
</table>

<p>&nbsp;</p>
","","","","in_supplier_stock","2/11/2016 18:09:02","2/11/2016 18:09:02","kit",""
"3493612",,"0","97","active","ro","EV800584","Bieleta directie ","bieleta-directie-ev800584","Bieleta directie ","elemente directie ","","<table border=""0"" cellpadding=""1"" cellspacing=""1"" style=""width:500px"">
	<tbody>
		<tr>
			<th scope=""row"">Parte montare</th>
			<td>&nbsp; stanga / dreapta</td>
		</tr>
		<tr>
			<th scope=""row"">Diametru</th>
			<td>&nbsp;14 mm</td>
		</tr>
		<tr>
			<th scope=""row"">&nbsp;</th>
			<td>&nbsp;</td>
		</tr>
	</tbody>
</table>

<p>&nbsp;</p>
","","","","in_stock","2/11/2016 19:11:24","2/11/2016 19:11:24","kit",""
"3493613",,"0","97","active","ro","ES800763","Cap de bara ","cap-de-bara-es800763","cap de bara ","elemente directie","","<table border=""0"" cellpadding=""1"" cellspacing=""1"" style=""width:500px"">
	<tbody>
		<tr>
			<th scope=""row"">Parte montare</th>
			<td>&nbsp;&nbsp;&nbsp;&nbsp; stanga/dreapta</td>
		</tr>
		<tr>
			<th scope=""row"">Diametru</th>
			<td>&nbsp;&nbsp;&nbsp;&nbsp; 14 mm</td>
		</tr>
		<tr>
			<th scope=""row"">&nbsp;</th>
			<td>&nbsp;</td>
		</tr>
	</tbody>
</table>

<p>&nbsp;</p>
","","","","in_stock","2/11/2016 19:34:44","2/11/2016 19:34:44","kit",""
"3493620",,"0","36","active","ro","AF3595","Filtru Aer","filtru-aer-champion-af3595","Filtru Aer","Filtru Aer","Filtru Aer","<table border=""0"" cellpadding=""1"" cellspacing=""1"" style=""width:500px"">
	<tbody>
		<tr>
			<th scope=""row"">Lungime</th>
			<td>&nbsp; 290 mm</td>
		</tr>
		<tr>
			<th scope=""row"">Latime</th>
			<td>
			<p>&nbsp; 150 mm</p>
			</td>
		</tr>
		<tr>
			<th scope=""row"">Inaltime</th>
			<td>&nbsp; 52 mm</td>
		</tr>
	</tbody>
</table>

<p>&nbsp;</p>
","","no","yes","in_stock","3/11/2016 13:32:49","3/11/2016 20:10:13","newOEM",""
"3493615",,"0","577","active","ro","45A1374","Cap de bara","cap-de-bara-45a1374","Cap de bara","cap; de; bara;","","<table border=""0"" cellpadding=""1"" cellspacing=""1"" style=""width:500px"">
	<tbody>
		<tr>
			<th scope=""row"">Parte montare</th>
			<td>&nbsp;stanga/dreapta</td>
		</tr>
		<tr>
			<th scope=""row"">Diametru [mm]</th>
			<td>&nbsp;16</td>
		</tr>
	</tbody>
</table>

<p>&nbsp;</p>
","","no","no","in_stock","2/11/2016 19:49:30","2/11/2016 19:49:30","kit",""
"3493616",,"0","577","active","ro","45A1375","Bieleta directie","bieleta-directie-45a1375","Bieleta directie","suspensie/directie/roti","","<table border=""0"" cellpadding=""1"" cellspacing=""1"" style=""width:500px"">
	<tbody>
		<tr>
			<th scope=""row"">Parte montare</th>
			<td>&nbsp; stanga/dreapta</td>
		</tr>
		<tr>
			<th scope=""row"">Diametru</th>
			<td>&nbsp; 16 mm</td>
		</tr>
		<tr>
			<th scope=""row"">&nbsp;</th>
			<td>&nbsp;</td>
		</tr>
	</tbody>
</table>

<p>&nbsp;</p>
","","","","in_stock","2/11/2016 20:00:49","2/11/2016 20:07:36","kit",""
"3493621",,"0","39","active","ro","PRT5259","Disc frana ","disc-frana-prt5259","disc frana ","sistem franare ","","<table border=""0"" cellpadding=""1"" cellspacing=""1"" style=""width:500px"">
	<tbody>
		<tr>
			<th scope=""row"">Parte montare</th>
			<td>&nbsp; punte fata</td>
		</tr>
		<tr>
			<th scope=""row"">&nbsp; Diametru exterior</th>
			<td>&nbsp; 302 mm / 6 gauri</td>
		</tr>
		<tr>
			<th scope=""row"">Tip disc frana</th>
			<td>&nbsp;&nbsp; ventilat</td>
		</tr>
	</tbody>
</table>

<p>&nbsp;</p>
","","","","in_stock","3/11/2016 17:25:17","3/11/2016 17:25:17","kit",""
"3493622",,"0","36","active","ro","AF7884","Filtru Aer","filtru-aer-champion-af7884","Filtru Aer","Filtru Aer","Filtru Aer","<table border=""0"" cellpadding=""1"" cellspacing=""1"" style=""width:500px"">
	<tbody>
		<tr>
			<th scope=""row"">Lungime</th>
			<td>&nbsp; 254 mm</td>
		</tr>
		<tr>
			<th scope=""row"">Latime</th>
			<td>&nbsp; 213 mm</td>
		</tr>
		<tr>
			<th scope=""row"">Inaltime</th>
			<td>&nbsp;&nbsp; 58 mm</td>
		</tr>
	</tbody>
</table>

<p>Filtru Aer</p>
","","no","no","in_stock","3/11/2016 17:28:28","3/11/2016 19:57:24","newOEM",""
"3493623",,"0","36","active","ro","AF7935","Filtru Aer","filtru-aer-champion-af7935","Filtru Aer","Filtru Aer","Filtru Aer","<table border=""0"" cellpadding=""1"" cellspacing=""1"" style=""width:500px"">
	<tbody>
		<tr>
			<th scope=""row"">Lungime</th>
			<td>&nbsp; 364 mm</td>
		</tr>
		<tr>
			<th scope=""row"">Latime</th>
			<td>&nbsp; 184 mm</td>
		</tr>
		<tr>
			<th scope=""row"">Inaltime</th>
			<td>&nbsp;&nbsp; 50mm</td>
		</tr>
	</tbody>
</table>

<p>&nbsp;</p>
","","no","no","in_stock","3/11/2016 17:32:37","4/11/2016 17:29:45","newOEM",""
"3493624",,"0","36","active","ro","AF7974","Filtru Aer","filtru-aer-champion-af7974","Filtru Aer","Filtru Aer","Filtru Aer","<table border=""0"" cellpadding=""1"" cellspacing=""1"" style=""width:500px"">
	<tbody>
		<tr>
			<th scope=""row"">Lungime</th>
			<td>&nbsp; 249 mm</td>
		</tr>
		<tr>
			<th scope=""row"">Latime</th>
			<td>&nbsp; 168 mm</td>
		</tr>
		<tr>
			<th scope=""row"">Inaltime</th>
			<td>&nbsp; 38 mm</td>
		</tr>
	</tbody>
</table>

<p>Filtru Aer</p>
","","no","no","in_stock","3/11/2016 17:34:42","4/11/2016 17:34:15","newOEM",""
"3493625",,"0","36","active","ro","AF7987 (inlocuieste  AF7906)","Filtru Aer","filtru-aer-champion-af7987","Filtru Aer","Filtru Aer","Filtru Aer","<table border=""0"" cellpadding=""1"" cellspacing=""1"" style=""width:500px"">
	<tbody>
		<tr>
			<th scope=""row"">Lungime</th>
			<td>&nbsp; 352 mm</td>
		</tr>
		<tr>
			<th scope=""row"">Latime</th>
			<td>&nbsp; 133 mm</td>
		</tr>
		<tr>
			<th scope=""row"">Inaltime</th>
			<td>&nbsp; 47 mm</td>
		</tr>
	</tbody>
</table>

<p>&nbsp;</p>
","","no","no","in_stock","3/11/2016 17:35:00","4/11/2016 17:50:44","newOEM",""
"3493626",,"0","36","active","ro","AF7991","Filtru Aer","filtru-aer-champion-af7991","Filtru Aer","Filtru Aer","Filtru Aer","<table border=""0"" cellpadding=""1"" cellspacing=""1"" style=""width:500px"">
	<tbody>
		<tr>
			<th scope=""row"">Lungime</th>
			<td>&nbsp; 376mm</td>
		</tr>
		<tr>
			<th scope=""row"">Latime</th>
			<td>&nbsp; 136 mm</td>
		</tr>
		<tr>
			<th scope=""row"">Inaltime</th>
			<td>&nbsp; 52 mm</td>
		</tr>
	</tbody>
</table>

<p>&nbsp;</p>
","","no","no","in_stock","3/11/2016 17:35:24","4/11/2016 17:56:58","newOEM",""
"3493627",,"0","36","active","ro","AF7999","Filtru Aer","filtru-aer-champion-af7999","Filtru Aer","Filtru Aer","Filtru Aer","<table border=""0"" cellpadding=""1"" cellspacing=""1"" style=""width:500px"">
	<tbody>
		<tr>
			<th scope=""row"">Lungime</th>
			<td>&nbsp; 255 mm</td>
		</tr>
		<tr>
			<th scope=""row"">Latime</th>
			<td>&nbsp; 175 mm</td>
		</tr>
		<tr>
			<th scope=""row"">Inaltime</th>
			<td>&nbsp; 42 mm</td>
		</tr>
	</tbody>
</table>

<p>&nbsp;</p>
","","no","no","in_stock","3/11/2016 17:35:41","4/11/2016 18:01:42","newOEM",""
"3493628",,"0","36","active","ro","CAF1702","Filtru Polen ","filtru-polen-champion-caf1702","Filtru Polen ","Filtru Polen ","Filtru Polen ","<table border=""0"" cellpadding=""1"" cellspacing=""1"" style=""width:500px"">
	<tbody>
		<tr>
			<th scope=""row"">Lungime</th>
			<td>&nbsp; 279 mm</td>
		</tr>
		<tr>
			<th scope=""row"">Latime</th>
			<td>&nbsp; 205 mm</td>
		</tr>
		<tr>
			<th scope=""row"">Inaltime</th>
			<td>&nbsp; 29 mm</td>
		</tr>
	</tbody>
</table>

<p>&nbsp;</p>
","","no","no","in_stock","3/11/2016 17:35:58","4/11/2016 18:07:11","newOEM",""
"3493629",,"0","36","active","ro","CAF1711","Filtru Polen ","filtru-polen-champion-caf1711","Filtru Polen ","Filtru Polen ","Filtru Polen ","<table border=""0"" cellpadding=""1"" cellspacing=""1"" style=""width:500px"">
	<tbody>
		<tr>
			<th scope=""row"">Lungime</th>
			<td>&nbsp; 264 mm</td>
		</tr>
		<tr>
			<th scope=""row"">Latime</th>
			<td>&nbsp; 212 mm</td>
		</tr>
		<tr>
			<th scope=""row"">Inaltime</th>
			<td>&nbsp; 53 mm</td>
		</tr>
	</tbody>
</table>

<p>Filtru Polen</p>
","","no","no","in_stock","3/11/2016 17:36:22","4/11/2016 18:11:30","newOEM",""
"3493630",,"0","579","active","ro","520-222","Brat suspensie ","brat-suspensie-dorman-520-222","Brat suspensie ","Brat suspensie ","Brat suspensie ","<table border=""0"" cellpadding=""1"" cellspacing=""1"" style=""width:500px"">
	<tbody>
		<tr>
			<th scope=""row"">Parte montare</th>
			<td>&nbsp; dreapta fata</td>
		</tr>
		<tr>
			<th scope=""row"">Parte montare</th>
			<td>&nbsp; superior</td>
		</tr>
	</tbody>
</table>

<p>&nbsp;</p>
","","no","no","in_stock","3/11/2016 17:56:43","3/11/2016 18:03:42","newOEM",""
"3493631",,"0","579","active","ro","520-221","Brat suspensie ","brat-suspensie-dorman-520-221","Brat suspensie ","Brat suspensie ","Brat suspensie ","<table border=""0"" cellpadding=""1"" cellspacing=""1"" style=""width:500px"">
	<tbody>
		<tr>
			<th scope=""row"">Parte montare</th>
			<td>&nbsp;&nbsp; stanga fata</td>
		</tr>
		<tr>
			<th scope=""row"">Parte montare</th>
			<td>&nbsp;&nbsp;&nbsp; superior</td>
		</tr>
	</tbody>
</table>

<p>&nbsp;</p>
","","no","no","in_stock","3/11/2016 18:06:11","3/11/2016 18:09:38","newOEM",""
"3493632",,"0","590","active","ro","FO1039103","Grila proiector ","grila-proiector-fo1039103","Grila proiector ","proiector","Grila proiector","<table border=""0"" cellpadding=""1"" cellspacing=""1"" style=""width:500px"">
	<tbody>
		<tr>
			<th scope=""row"">Grila proiector</th>
			<td>fata</td>
		</tr>
		<tr>
			<th scope=""row"">Parte montare</th>
			<td>dreapta</td>
		</tr>
		<tr>
			<th scope=""row"">&nbsp;</th>
			<td>&nbsp;</td>
		</tr>
	</tbody>
</table>

<p>&nbsp;</p>
","","","","in_stock","7/11/2016 14:22:22","7/11/2016 14:22:22","kit",""
"3493633",,"0","579","active","ro","83403","Maner exterior usa","maner-exterior-usa-83403","Maner exterior usa","Maner; exterior; usa;","","<table border=""0"" cellpadding=""1"" cellspacing=""1"" style=""width:500px"">
	<tbody>
		<tr>
			<th scope=""row"">Maner usa</th>
			<td>&nbsp; exterior&nbsp; negru</td>
		</tr>
		<tr>
			<th scope=""row"">Maner usa</th>
			<td>&nbsp; stanga dreapta</td>
		</tr>
		<tr>
			<th scope=""row"">Maner usa</th>
			<td>&nbsp; fata spate</td>
		</tr>
	</tbody>
</table>

<p>&nbsp;</p>
","","no","no","in_stock","7/11/2016 16:42:40","27/2/2017 19:05:14","kit",""
"3493634",,"0","591","active","ro","673006","Carcasa clapeta acceleratie","carcasa-clapeta-acceleratie-cardone-673006","Carcasa clapeta acceleratie","Carcasa clapeta acceleratie","Carcasa clapeta acceleratie","<table border=""0"" cellpadding=""1"" cellspacing=""1"" style=""width:500px"">
	<tbody>
		<tr>
			<th scope=""row"">Mod de functionare</th>
			<td>&nbsp;Electric</td>
		</tr>
		<tr>
			<th scope=""row"">Diametru [mm]</th>
			<td>&nbsp;77</td>
		</tr>
		<tr>
			<th scope=""row"">Tensiune [V]</th>
			<td>&nbsp;12</td>
		</tr>
	</tbody>
</table>

<p>Livrare in 5-12 zile. Import SUA</p>
","","no","no","in_stock","7/11/2016 17:22:34","5/6/2019 11:37:02","newOEM",""
"3493635",,"0","590","active","ro","HU2800100","Lampa stop ","lampa-stop-hu2800100","Lampa stop","lampa ","","<table border=""0"" cellpadding=""1"" cellspacing=""1"" style=""width:500px"">
	<tbody>
		<tr>
			<th scope=""row"">Parte montare</th>
			<td>&nbsp;&nbsp; stanga &nbsp;</td>
		</tr>
		<tr>
			<th scope=""row"">Parte montare</th>
			<td>&nbsp;&nbsp; spate</td>
		</tr>
	</tbody>
</table>

<p>&nbsp;</p>
","","","","in_stock","7/11/2016 17:56:10","7/11/2016 18:18:09","kit",""
"3493637",,"0","590","active","ro","HU2801100","Lampa stop","lampa-stop-hu2801100","Lampa stop","lampa ","lampa stop","<table border=""0"" cellpadding=""1"" cellspacing=""1"" style=""width:500px"">
	<tbody>
		<tr>
			<th scope=""row"">Parte montare</th>
			<td>&nbsp;&nbsp;&nbsp; dreapta</td>
		</tr>
		<tr>
			<th scope=""row"">Parte montare</th>
			<td>&nbsp;&nbsp;&nbsp;&nbsp; spate</td>
		</tr>
	</tbody>
</table>

<p>&nbsp;</p>
","","","","in_stock","7/11/2016 18:26:35","7/11/2016 18:26:35","kit",""
"3493642",,"0","36","active","ro","P843","Filtru ulei","filtru-ulei-champion-p843","Filtru ulei","Filtru ulei","Filtru ulei","<table border=""0"" cellpadding=""1"" cellspacing=""1"" style=""width:500px"">
	<tbody>
		<tr>
			<th scope=""row"">Diametru exterior [mm]</th>
			<td>&nbsp;&nbsp; 62</td>
		</tr>
		<tr>
			<th scope=""row"">Diametru interior [mm]</th>
			<td>&nbsp;&nbsp; 21</td>
		</tr>
		<tr>
			<th scope=""row"">Inaltime [mm]</th>
			<td>&nbsp;&nbsp; 159</td>
		</tr>
	</tbody>
</table>

<p>&nbsp;</p>
","","no","no","in_stock","7/11/2016 21:15:04","7/11/2016 21:44:03","newOEM",""
"3493643",,"0","36","active","ro","P846","Filtru ulei","filtru-ulei-champion-p846","Filtru ulei","Filtru ulei","Filtru ulei","<table border=""0"" cellpadding=""1"" cellspacing=""1"" style=""width:500px"">
	<tbody>
		<tr>
			<th scope=""row"">Diametru exterior [mm]</th>
			<td>&nbsp;&nbsp;&nbsp; 83</td>
		</tr>
		<tr>
			<th scope=""row"">Diametru interior [mm]</th>
			<td>&nbsp;&nbsp;&nbsp; 24</td>
		</tr>
		<tr>
			<th scope=""row"">Inaltime [mm]</th>
			<td>&nbsp;&nbsp;&nbsp; 102</td>
		</tr>
	</tbody>
</table>

<p>&nbsp;</p>
","","no","no","in_stock","7/11/2016 21:15:24","8/11/2016 12:54:34","newOEM",""
"3493644",,"0","36","active","ro","PH2801","Filtru ulei","filtru-ulei-champion-ph2801","Filtru ulei","Filtru ulei","Filtru ulei","<table border=""0"" cellpadding=""1"" cellspacing=""1"" style=""width:500px"">
	<tbody>
		<tr>
			<th scope=""row"">Diametru exterior [mm]</th>
			<td>&nbsp;&nbsp; 97</td>
		</tr>
		<tr>
			<th scope=""row"">Inaltime [mm]</th>
			<td>&nbsp;&nbsp; 94</td>
		</tr>
		<tr>
			<th scope=""row"">Filet cuplaj</th>
			<td>&nbsp;&nbsp; M20x1.5 THD</td>
		</tr>
	</tbody>
</table>

<p>&nbsp;</p>
","","no","no","in_stock","7/11/2016 21:17:32","8/11/2016 13:09:18","newOEM",""
"3493641",,"0","579","active","ro","928308","Set bucsa bara stabilizatoare","set-bucsa-bara-stabilizatoare-928308","Set bucsa bara stabilizatoare","stabilizare;bara ; bucsa;set bucsi bara stabilizatoare","set bucsa bara stabilizatoare ","<table border=""0"" cellpadding=""1"" cellspacing=""1"" style=""width:500px"">
	<tbody>
		<tr>
			<th scope=""row"">Parte montare</th>
			<td>&nbsp; punte spate</td>
		</tr>
		<tr>
			<th scope=""row"">Set</th>
			<td>&nbsp; bucsa D29 mm +colier prindere</td>
		</tr>
	</tbody>
</table>

<p>&nbsp;</p>
","","","","in_stock","7/11/2016 20:37:17","29/3/2018 16:39:46","kit",""
"3493640",,"0","613","active","ro","P8153","Filtru ulei ","filtru-ulei-champ-p8153","Filtru ulei ","Filtru ulei ","Filtru ulei ","<table border=""0"" cellpadding=""1"" cellspacing=""1"" style=""width:500px"">
	<tbody>
		<tr>
			<th scope=""row"">Diametru exterior (mm)</th>
			<td>&nbsp;&nbsp;&nbsp; 64</td>
		</tr>
		<tr>
			<th scope=""row"">Diametru interior (mm)</th>
			<td>&nbsp;&nbsp;&nbsp; 31</td>
		</tr>
		<tr>
			<th scope=""row"">Inaltime (mm)</th>
			<td>&nbsp; &nbsp; 112</td>
		</tr>
	</tbody>
</table>

<p>&nbsp;</p>
","","no","no","in_stock","7/11/2016 20:19:32","30/1/2017 15:57:33","newOEM",""
"3493645",,"0","36","active","ro","PH2808","Filtru ulei","filtru-ulei-champion-ph2808","Filtru ulei","Filtru ulei","Filtru ulei","<table border=""0"" cellpadding=""1"" cellspacing=""1"" style=""width:500px"">
	<tbody>
		<tr>
			<th scope=""row"">Diametru exterior [mm]</th>
			<td>&nbsp;&nbsp; 79</td>
		</tr>
		<tr>
			<th scope=""row"">Inaltime [mm]</th>
			<td>&nbsp;&nbsp;&nbsp; 78</td>
		</tr>
		<tr>
			<th scope=""row"">Filet cuplaj</th>
			<td>&nbsp;&nbsp; M20x1.5 THD</td>
		</tr>
	</tbody>
</table>

<p>Filtru ulei</p>
","","no","no","in_stock","7/11/2016 21:18:23","8/11/2016 02:24:39","newOEM",""
"3493646",,"0","36","active","ro","PH2809","Filtru ulei ","filtru-ulei-champion-ph2809","Filtru ulei ","Filtru ulei ","Filtru ulei ","<table border=""0"" cellpadding=""1"" cellspacing=""1"" style=""width:500px"">
	<tbody>
		<tr>
			<th scope=""row"">Diametru exterior [mm]</th>
			<td>&nbsp;&nbsp;&nbsp;&nbsp; 97</td>
		</tr>
		<tr>
			<th scope=""row"">Inaltime [mm]</th>
			<td>&nbsp;&nbsp;&nbsp;&nbsp; 70</td>
		</tr>
		<tr>
			<th scope=""row"">Filet cuplaj</th>
			<td>&nbsp;&nbsp;&nbsp;&nbsp; M20 x1.5 THD</td>
		</tr>
	</tbody>
</table>

<p>&nbsp;</p>
","","no","no","in_stock","7/11/2016 22:36:28","8/11/2016 13:14:33","newOEM",""
"3493647",,"0","36","active","ro","PH2811","Filtru ulei ","filtru-ulei-champion-ph2811","Filtru ulei ","Filtru ulei ","Filtru ulei ","<table border=""0"" cellpadding=""1"" cellspacing=""1"" style=""width:500px"">
	<tbody>
		<tr>
			<th scope=""row"">Diametru exterior [mm]</th>
			<td>&nbsp;&nbsp; 97</td>
		</tr>
		<tr>
			<th scope=""row"">Inaltime&nbsp; [mm]</th>
			<td>&nbsp;&nbsp; 107</td>
		</tr>
		<tr>
			<th scope=""row"">Filet cuplaj</th>
			<td>&nbsp;&nbsp; M20 x1.5 THD</td>
		</tr>
	</tbody>
</table>

<p>&nbsp;</p>
","","no","no","in_stock","7/11/2016 22:36:45","8/11/2016 13:26:22","newOEM",""
"3493648",,"0","36","active","ro","PH2815","Filtru ulei ","filtru-ulei-champion-ph2815","Filtru ulei ","Filtru ulei ","Filtru ulei ","<table border=""0"" cellpadding=""1"" cellspacing=""1"" style=""width:500px"">
	<tbody>
		<tr>
			<th scope=""row"">Diametru exterior [mm]</th>
			<td>&nbsp;&nbsp; 94</td>
		</tr>
		<tr>
			<th scope=""row"">Inaltime [mm]</th>
			<td>&nbsp;&nbsp; 107</td>
		</tr>
		<tr>
			<th scope=""row"">Filet cuplaj</th>
			<td>&nbsp;&nbsp; 3/4&quot; - 16</td>
		</tr>
	</tbody>
</table>

<p>&nbsp;</p>
","","no","no","in_stock","7/11/2016 22:36:54","8/11/2016 13:35:52","newOEM",""
"3493649",,"0","36","active","ro","PH2840","Filtru ulei ","filtru-ulei-champion-ph2840","Filtru ulei ","Filtru ulei ","Filtru ulei ","<table border=""0"" cellpadding=""1"" cellspacing=""1"" style=""width:500px"">
	<tbody>
		<tr>
			<th scope=""row"">Diametru exterior [mm]</th>
			<td>&nbsp;&nbsp; 70</td>
		</tr>
		<tr>
			<th scope=""row"">Inaltime [mm]</th>
			<td>&nbsp;&nbsp; 74</td>
		</tr>
		<tr>
			<th scope=""row"">Filet cuplaj</th>
			<td>&nbsp;&nbsp; 3/4&quot; -16 UNF</td>
		</tr>
	</tbody>
</table>

<p>&nbsp;</p>
","","no","no","in_stock","7/11/2016 22:37:01","11/7/2017 20:11:02","newOEM",""
"3493650",,"0","36","active","ro","PH2876","Filtru ulei ","filtru-ulei-champion-ph2876","Filtru ulei ","Filtru ulei ","Filtru ulei ","<table cellpadding=""1"" cellspacing=""1"" style=""width:500px"">
	<tbody>
		<tr>
			<th scope=""row"">Diametru exterior[mm]</th>
			<td>&nbsp;&nbsp;&nbsp; 67</td>
		</tr>
		<tr>
			<th scope=""row"">Inaltime[mm]</th>
			<td>&nbsp;&nbsp;&nbsp; 64</td>
		</tr>
		<tr>
			<th scope=""row"">Filet cuplaj</th>
			<td>&nbsp;&nbsp;&nbsp; M20 x 1.5 THD</td>
		</tr>
	</tbody>
</table>
","","no","no","in_stock","7/11/2016 22:37:08","8/11/2016 01:59:51","newOEM",""
"3493651",,"0","36","active","ro","PH561","Filtru ulei ","filtru-ulei-champion-ph561","Filtru ulei ","Filtru ulei ","Filtru ulei ","<table border=""0"" cellpadding=""1"" cellspacing=""1"" style=""width:500px"">
	<tbody>
		<tr>
			<th scope=""row"">Diametru exterior[mm]</th>
			<td>75</td>
		</tr>
		<tr>
			<th scope=""row"">Inaltime [mm]</th>
			<td>115</td>
		</tr>
		<tr>
			<th scope=""row"">Filet cuplaj</th>
			<td>3/4&quot;-16 UNF</td>
		</tr>
	</tbody>
</table>

<p>&nbsp;</p>
","","no","no","in_stock","7/11/2016 22:37:19","8/11/2016 01:51:49","newOEM",""
"3493652",,"0","36","active","ro","PH787","Filtru ulei ","filtru-ulei-champion-ph787","Filtru ulei ","Filtru ulei ","Filtru ulei ","<table border=""0"" cellpadding=""1"" cellspacing=""1"" style=""width:500px"">
	<tbody>
		<tr>
			<th scope=""row"">Diametru exterior[mm]</th>
			<td>109</td>
		</tr>
		<tr>
			<th scope=""row"">Inaltime [mm]</th>
			<td>85</td>
		</tr>
		<tr>
			<th scope=""row"">Filet cuplaj</th>
			<td>20x1.5</td>
		</tr>
	</tbody>
</table>

<p>&nbsp;</p>
","","no","no","in_stock","7/11/2016 22:37:29","8/11/2016 01:41:00","newOEM",""
"3493653",,"0","36","active","ro","PH920","Filtru ulei ","filtru-ulei-champion-ph920","Filtru ulei ","Filtru ulei ","Filtru ulei ","<table border=""0"" cellpadding=""1"" cellspacing=""1"" style=""width:500px"">
	<tbody>
		<tr>
			<th scope=""row"">
			<p>Diametru exterior [mm]</p>
			</th>
			<td>&nbsp;&nbsp;&nbsp;&nbsp; 85</td>
		</tr>
		<tr>
			<th scope=""row"">Inaltime[mm]</th>
			<td>&nbsp;&nbsp;&nbsp;&nbsp; 104</td>
		</tr>
		<tr>
			<th scope=""row"">Filet cuplaj</th>
			<td>&nbsp;&nbsp;&nbsp;&nbsp; M24x1.5</td>
		</tr>
	</tbody>
</table>
","","no","no","in_stock","7/11/2016 22:37:41","8/11/2016 01:32:04","newOEM",""
"3493658",,"0","577","active","ro","46A1377A","Cap de bara","cap-de-bara-46a1377a","Cap de bara","cap; de; bara;","","<table border=""0"" cellpadding=""1"" cellspacing=""1"" style=""width:500px"">
	<tbody>
		<tr>
			<th scope=""row"">Parte montare</th>
			<td>&nbsp;fata</td>
		</tr>
		<tr>
			<th scope=""row"">Parte montare</th>
			<td>&nbsp;stanga/dreapta</td>
		</tr>
		<tr>
			<th scope=""row"">Diametru filet [mm]</th>
			<td>&nbsp;14.00</td>
		</tr>
	</tbody>
</table>

<p>&nbsp;</p>
","","no","no","in_stock","8/11/2016 14:08:43","8/11/2016 14:08:43","kit",""
"3493657",,"0","577","active","ro","45D2322","Articulatie sarcina ghidare","articulatie-sarcina-ghidare-45d2322","Articulatie sarcina ghidare","Articulatie; sarcina; ghidare;","","<table border=""0"" cellpadding=""1"" cellspacing=""1"" style=""width:500px"">
	<tbody>
		<tr>
			<th scope=""row"">Parte montare</th>
			<td>&nbsp;fata</td>
		</tr>
		<tr>
			<th scope=""row"">Parte montare</th>
			<td>&nbsp;stanga/dreapta</td>
		</tr>
		<tr>
			<th scope=""row"">Greutate[kg]</th>
			<td>&nbsp;0.54</td>
		</tr>
	</tbody>
</table>

<p>&nbsp;</p>
","","no","no","in_stock","8/11/2016 13:52:13","8/11/2016 13:52:13","kit",""
"3493659",,"0","589","active","ro","12479126","Cruce cardan","cruce-cardan-general-motors-12479126","Cruce cardan","Cruce cardan","Cruce cardan","<table border=""0"" cellpadding=""1"" cellspacing=""1"" style=""width:500px"">
	<tbody>
		<tr>
			<th scope=""row"">Lungime [mm]</th>
			<td>&nbsp;94</td>
		</tr>
		<tr>
			<th scope=""row"">Lungime 1 [mm]</th>
			<td>&nbsp;61</td>
		</tr>
		<tr>
			<th scope=""row"">Diametru de montaj [mm]&nbsp;</th>
			<td>&nbsp;28.6</td>
		</tr>
	</tbody>
</table>

<p>&nbsp;</p>
","","no","no","in_stock","8/11/2016 14:26:35","8/11/2016 14:29:53","newOEM",""
"3493669",,"0","97","active","ro","K80631","Bieleta antiruliu","bieleta-antiruliu-moog-k80631","Bieleta antiruliu","Bieleta antiruliu","Bieleta antiruliu","<table border=""0"" cellpadding=""1"" cellspacing=""1"" style=""width:500px"">
	<tbody>
		<tr>
			<th scope=""row"">Parte montare</th>
			<td>&nbsp; &nbsp; &nbsp; &nbsp; axa fata ambele parti</td>
		</tr>
	</tbody>
</table>

<p>&nbsp;</p>
","","no","no","in_stock","8/11/2016 17:34:59","8/11/2016 17:39:30","newOEM",""
"3493670",,"0","579","active","ro","419204","Rola intindere","rola-intindere-419204","Rola intindere","rola intindere","","<table border=""0"" cellpadding=""1"" cellspacing=""1"" style=""width:500px"">
	<tbody>
		<tr>
			<th scope=""row"">Latime curea [mm]</th>
			<td>&nbsp;20</td>
		</tr>
	</tbody>
</table>

<p>&nbsp;</p>
","","no","no","in_stock","8/11/2016 17:54:34","8/11/2016 17:54:34","kit",""
"3493665",,"0","577","active","ro","46G9211A","Bucsa bascula","bucsa-bascula-46g9211a","Bucsa bascula","bucsa; bascula","","<table border=""0"" cellpadding=""1"" cellspacing=""1"" style=""width:500px"">
	<tbody>
		<tr>
			<th scope=""row"">Parte montare</th>
			<td>&nbsp;Fata</td>
		</tr>
		<tr>
			<th scope=""row"">Parte montare</th>
			<td>&nbsp;Stanga/dreapta</td>
		</tr>
		<tr>
			<th scope=""row"">Diametru interior [mm]</th>
			<td>&nbsp;15</td>
		</tr>
	</tbody>
</table>

<p>&nbsp;</p>
","","no","no","in_stock","8/11/2016 16:10:10","8/11/2016 16:10:10","kit",""
"3493661",,"0","577","active","ro","45A2187","Bieleta directie","bieleta-directie-45a2187","Bieleta directie","bieleta; directie;","","<table border=""0"" cellpadding=""1"" cellspacing=""1"" style=""width:500px"">
	<tbody>
		<tr>
			<th scope=""row"">Parte montare</th>
			<td>&nbsp;fata</td>
		</tr>
		<tr>
			<th scope=""row"">Parte montare</th>
			<td>&nbsp;stanga/dreapta</td>
		</tr>
		<tr>
			<th scope=""row"">Greutate [kg]</th>
			<td>&nbsp; 0.68</td>
		</tr>
	</tbody>
</table>

<p>&nbsp;</p>
","","no","no","in_stock","8/11/2016 14:42:08","8/11/2016 14:42:08","kit",""
"3493662",,"0","589","active","ro","12637698","Fulie pompa servo","fulie-pompa-servo-12637698","Fulie fompa servo","Fulie; pompa; servo;","","<table border=""0"" cellpadding=""1"" cellspacing=""1"" style=""width:500px"">
	<tbody>
		<tr>
			<th scope=""row"">Parte montare</th>
			<td>&nbsp;fata</td>
		</tr>
		<tr>
			<th scope=""row"">Dimensiuni [cm]</th>
			<td>&nbsp;20.32 x 20.32 x 20.32</td>
		</tr>
	</tbody>
</table>

<p>&nbsp;</p>
","","no","no","in_stock","8/11/2016 14:58:42","8/11/2016 14:58:42","kit",""
"3493664",,"0","592","active","ro","K6540","Articulatie sarcina ghidare","articulatie-sarcina-ghidare-k6540","Articulatie sarcina ghidare","Articulatie; sarcina; ghidare;","","<table border=""0"" cellpadding=""1"" cellspacing=""1"" style=""width:100%"">
	<tbody>
		<tr>
			<th scope=""row"">Parte montare</th>
			<td>&nbsp;fata</td>
		</tr>
		<tr>
			<th scope=""row"">Parte montare</th>
			<td>&nbsp;stanga/dreapta</td>
		</tr>
		<tr>
			<th scope=""row"">Diametru [mm]</th>
			<td>&nbsp;42</td>
		</tr>
	</tbody>
</table>

<p>&nbsp;</p>
","","no","no","in_stock","8/11/2016 15:52:22","8/11/2016 15:52:22","kit",""
"3493666",,"0","593","active","ro","MK6541","Articulatie sarcina ghidare","articulatie-sarcina-ghidare-mevotech-mk6541","Articulatie sarcina ghidare","Articulatie sarcina ghidare","Articulatie sarcina ghidare","<table border=""0"" cellpadding=""1"" cellspacing=""1"" style=""width:500px"">
	<tbody>
		<tr>
			<th scope=""row"">Parte montare</th>
			<td>&nbsp;fata; inferior</td>
		</tr>
		<tr>
			<th scope=""row"">Lungime/ Latime [mm]</th>
			<td>&nbsp;61/61</td>
		</tr>
		<tr>
			<th scope=""row"">Inaltime [mm]</th>
			<td>&nbsp;130</td>
		</tr>
		<tr>
			<th scope=""row"">Dimensiune filet&nbsp;</th>
			<td>&nbsp;M16x2</td>
		</tr>
	</tbody>
</table>

<p>&nbsp;</p>
","","no","no","in_stock","8/11/2016 16:22:01","8/11/2016 16:41:44","newOEM",""
"3493667",,"0","594","active","ro","K6541","Articulatie sarcina ghidare","articulatie-sarcina-ghidare-falcon-k6541","Articulatie sarcina ghidare","Articulatie sarcina ghidare","Articulatie sarcina ghidare","<table border=""0"" cellpadding=""1"" cellspacing=""1"" style=""width:500px"">
	<tbody>
		<tr>
			<th scope=""row"">Parte montare</th>
			<td>&nbsp;fata</td>
		</tr>
		<tr>
			<th scope=""row"">Lungime/ Latime [mm]</th>
			<td>&nbsp;61/61</td>
		</tr>
		<tr>
			<th scope=""row"">Inaltime [mm]</th>
			<td>&nbsp;130</td>
		</tr>
		<tr>
			<th scope=""row"">Dimensiune filet&nbsp;</th>
			<td>&nbsp;M16x2</td>
		</tr>
	</tbody>
</table>

<p>&nbsp;</p>
","","no","no","in_stock","8/11/2016 16:36:03","8/11/2016 16:40:55","newOEM",""
"3493668",,"0","595","active","ro","SL90475","Bieleta antiruliu","bieleta-antiruliu-sl90475","Bieleta antiruliu","bieleta; antiruliu;","","<table border=""0"" cellpadding=""1"" cellspacing=""1"" style=""width:500px"">
	<tbody>
		<tr>
			<th scope=""row"">Parte montare</th>
			<td>&nbsp;Fata</td>
		</tr>
		<tr>
			<th scope=""row"">Dimensiune [cm]</th>
			<td>&nbsp;22&nbsp;</td>
		</tr>
	</tbody>
</table>

<p>&nbsp;</p>
","","no","no","in_stock","8/11/2016 17:13:05","8/11/2016 17:13:05","kit",""
"3493671",,"0","579","active","ro","H620815","Racord frana ","racord-frana-h620815","Racord frana","Conducta frana","","<table border=""0"" cellpadding=""1"" cellspacing=""1"" style=""width:500px"">
	<tbody>
		<tr>
			<th scope=""row"">Parte montare</th>
			<td>&nbsp;fata</td>
		</tr>
		<tr>
			<th scope=""row"">Parte montare</th>
			<td>&nbsp;stanga</td>
		</tr>
		<tr>
			<th scope=""row"">Dimensiune [cm]</th>
			<td>&nbsp;52</td>
		</tr>
	</tbody>
</table>

<p>&nbsp;</p>
","","no","no","in_stock","8/11/2016 18:15:49","14/2/2017 13:34:06","kit",""
"3494053",,"0","97","active","ro","K80996","Pivot axa fata","pivot-axa-fata-k80996","Pivot axa fata","Pivot axa fata","","<table border=""0"" cellpadding=""1"" cellspacing=""1"" style=""width:500px"">
	<tbody>
		<tr>
			<th scope=""row"">Parte de montare</th>
			<td>&nbsp;pe ambele parti</td>
		</tr>
		<tr>
			<th scope=""row"">Parte montare</th>
			<td>&nbsp;punte fata</td>
		</tr>
	</tbody>
</table>

<p>&nbsp;</p>
","","no","no","in_stock","14/2/2017 13:58:07","14/2/2017 13:58:07","kit",""
"3493673",,"0","579","active","ro","H620821","Racord frana","racord-frana-h620821","racord frana","Racord frana","","<table border=""0"" cellpadding=""1"" cellspacing=""1"" style=""width:500px"">
	<tbody>
		<tr>
			<th scope=""row"">Parte montare</th>
			<td>&nbsp;spate</td>
		</tr>
		<tr>
			<th scope=""row"">Parte montare</th>
			<td>&nbsp;stanga</td>
		</tr>
		<tr>
			<th scope=""row"">Dimensiune [cm]</th>
			<td>&nbsp;35.79</td>
		</tr>
	</tbody>
</table>

<p>&nbsp;</p>
","","no","no","in_stock","8/11/2016 18:32:39","14/2/2017 13:36:05","kit",""
"3493674",,"0","579","active","ro","H620820","Racord frana","racord-frana-h620820","Racord frana","Racord frana","","<table border=""0"" cellpadding=""1"" cellspacing=""1"" style=""width:500px"">
	<tbody>
		<tr>
			<th scope=""row"">Parte montare</th>
			<td>&nbsp;spate (la roata)</td>
		</tr>
		<tr>
			<th scope=""row"">Parte montare</th>
			<td>&nbsp;stanga&nbsp;</td>
		</tr>
		<tr>
			<th scope=""row"">Dimensiune [cm]</th>
			<td>&nbsp;35.89</td>
		</tr>
	</tbody>
</table>

<p>&nbsp;</p>
","","no","no","in_stock","8/11/2016 18:37:39","14/2/2017 13:36:59","kit",""
"3493675",,"0","579","active","ro","H620819","Racord frana","racord-frana-h620819","Racord frana","Racord frana","","<table border=""0"" cellpadding=""1"" cellspacing=""1"" style=""width:500px"">
	<tbody>
		<tr>
			<th scope=""row"">Parte montare</th>
			<td>&nbsp;spate (la roata)</td>
		</tr>
		<tr>
			<th scope=""row"">Parte montare&nbsp;</th>
			<td>&nbsp;dreapta</td>
		</tr>
		<tr>
			<th scope=""row"">Dimensiune [cm]</th>
			<td>&nbsp;35.90</td>
		</tr>
	</tbody>
</table>

<p>&nbsp;</p>
","","no","no","in_stock","8/11/2016 18:48:22","14/2/2017 13:37:34","kit",""
"3493676",,"0","577","active","ro","45U0189","Cruce cardanica","cruce-cardanica-45u0189","Cruce cardanica","cruce cardanica","","<table border=""0"" cellpadding=""1"" cellspacing=""1"" style=""width:500px"">
	<tbody>
		<tr>
			<th scope=""row"">Dimensiune [cm]</th>
			<td>&nbsp;9.4 x 9.4 x 3.81</td>
		</tr>
	</tbody>
</table>

<p>Parte montare&nbsp;&nbsp; transmisie spate</p>
","","no","no","in_stock","8/11/2016 19:24:16","15/12/2016 14:39:38","kit",""
"3493677",,"0","579","active","ro","300313MX","Fulie pompa servodirectie ","fulie-pompa-servodirectie-300313mx","Fulie pompa servodirectie ","Fulie pompa servodirectie ","Fulie pompa servodirectie ","<table border=""1"" cellpadding=""1"" cellspacing=""1"" style=""width:500px"">
	<tbody>
		<tr>
			<th scope=""row"">Diametru exterior [mm]</th>
			<td>&nbsp;&nbsp; 139</td>
		</tr>
		<tr>
			<th scope=""row"">Diametru ax fixare&nbsp; [mm]</th>
			<td>&nbsp;&nbsp;&nbsp; 19</td>
		</tr>
		<tr>
			<th scope=""row"">Caneluri</th>
			<td>&nbsp;&nbsp;&nbsp;&nbsp; 6</td>
		</tr>
	</tbody>
</table>

<p>&nbsp;</p>
","","","","in_stock","8/11/2016 20:55:25","8/11/2016 20:55:25","kit",""
"3493678",,"0","595","active","ro","K6437","Set bucsa bara stabilizatoare","set-bucsa-bara-stabilizatoare-k6437","Set bucsa bara stabilizatoare","Set bucsa bara stabilizatoare","Set bucsa bara stabilizatoare","<table border=""0"" cellpadding=""1"" cellspacing=""1"" style=""width:500px"">
	<tbody>
		<tr>
			<th scope=""row"">Parte montare</th>
			<td>&nbsp;&nbsp;&nbsp; axa fata ambele parti</td>
		</tr>
		<tr>
			<th scope=""row"">Diametru bara stabilizare</th>
			<td>&nbsp;&nbsp;&nbsp;&nbsp; 30</td>
		</tr>
	</tbody>
</table>

<p>&nbsp;</p>
","","","","in_stock","8/11/2016 21:25:14","8/11/2016 21:25:14","kit",""
"3493679",,"0","97","active","ro","445","Cruce cardanica","cruce-cardanica-445","Cruce cardanica","cruce cardanica","","<table border=""0"" cellpadding=""1"" cellspacing=""1"" style=""width:500px"">
	<tbody>
		<tr>
			<th scope=""row"">Parte montare</th>
			<td>&nbsp;fata</td>
		</tr>
		<tr>
			<th scope=""row"">Diametru orificiu A/A[cm]</th>
			<td>&nbsp;2.70/2.70</td>
		</tr>
		<tr>
			<th scope=""row"">Lungime B/B[cm]</th>
			<td>&nbsp;5.95/8.17</td>
		</tr>
	</tbody>
</table>

<p>&nbsp;</p>
","","no","no","in_stock","9/11/2016 14:30:57","9/11/2016 14:33:34","kit",""
"3493680",,"0","97","active","ro","330A","Cruce cardanica","cruce-cardanica-330a","Cruce cardanica","cruce cardanica","","<table border=""0"" cellpadding=""1"" cellspacing=""1"" style=""width:500px"">
	<tbody>
		<tr>
			<th scope=""row"">Diametru orificiu A/A [cm]</th>
			<td>&nbsp;3.01/3.01</td>
		</tr>
		<tr>
			<th scope=""row"">Lungime B/B [cm]</th>
			<td>&nbsp;10.61/10.61</td>
		</tr>
	</tbody>
</table>

<p>&nbsp;</p>
","","no","no","in_stock","9/11/2016 14:50:12","9/11/2016 14:50:12","kit",""
"3493681",,"0","97","active","ro","K700507","Bieleta antiruliu","bieleta-antiruliu-k700507","Bieleta antiruliu","bieleta; antiruliu;","","<table border=""0"" cellpadding=""1"" cellspacing=""1"" style=""width:500px"">
	<tbody>
		<tr>
			<th scope=""row"">Parte montare</th>
			<td>&nbsp;spate</td>
		</tr>
		<tr>
			<th scope=""row"">Parte montare</th>
			<td>&nbsp;stanga/dreapta</td>
		</tr>
		<tr>
			<th scope=""row"">Diametru bara&nbsp; [mm]</th>
			<td>&nbsp; 22</td>
		</tr>
	</tbody>
</table>

<p>&nbsp;</p>
","","no","no","in_stock","9/11/2016 15:17:06","18/5/2017 18:33:48","kit",""
"3493682",,"0","589","active","ro","7L7Z-17L835 APTM ","Bara protectie spate ","bara-protectie-spate-7l7z-17l835-aptm","Bara protectie spate ","Bara protectie spate ","Bara protectie spate ","<table border=""0"" cellpadding=""1"" cellspacing=""1"" style=""width:500px"">
	<tbody>
		<tr>
			<th scope=""row"">Parte montare</th>
			<td>&nbsp;spate</td>
		</tr>
	</tbody>
</table>

<p>&nbsp;</p>
","","","","in_stock","9/11/2016 15:23:36","9/11/2016 15:23:36","kit",""
"3493683",,"0","576","active","ro","4012035","Bieleta directie","bieleta-directie-4012035","Bieleta directie","bieleta; directie;","","<table border=""0"" cellpadding=""1"" cellspacing=""1"" style=""width:500px"">
	<tbody>
		<tr>
			<th scope=""row"">Parte montare</th>
			<td>&nbsp;fata</td>
		</tr>
		<tr>
			<th scope=""row"">Parte montare</th>
			<td>&nbsp;stanga/dreapta</td>
		</tr>
		<tr>
			<th scope=""row"">Dimensiune [cm]</th>
			<td>26.16 x 9.39 x 7.11</td>
		</tr>
	</tbody>
</table>

<p>&nbsp;</p>
","","no","no","in_stock","9/11/2016 15:34:01","9/11/2016 15:34:01","kit",""
"3493684",,"0","577","active","ro","46G0106A","Bieleta antiruliu","bieleta-antiruliu-46g0106a","Bieleta antiruliu","bieleta; antiruliu;","","<table border=""0"" cellpadding=""1"" cellspacing=""1"" style=""width:500px"">
	<tbody>
		<tr>
			<th scope=""row"">Parte montare</th>
			<td>&nbsp;fata</td>
		</tr>
		<tr>
			<th scope=""row"">Parte montare</th>
			<td>&nbsp;stanga/dreapta</td>
		</tr>
		<tr>
			<th scope=""row"">Dimensiune</th>
			<td>&nbsp;34.79 x 9.90 x 7.36</td>
		</tr>
	</tbody>
</table>

<p>&nbsp;</p>
","","no","no","in_stock","9/11/2016 16:38:11","9/11/2016 16:38:11","kit",""
"3493685",,"0","97","active","ro","K750185","Bieleta antiruliu","bieleta-antiruliu-k750185","Bieleta antiruliu","bieleta; antiruliu;","","<table border=""0"" cellpadding=""1"" cellspacing=""1"" style=""width:500px"">
	<tbody>
		<tr>
			<th scope=""row"">Parte montare</th>
			<td>&nbsp;fata</td>
		</tr>
		<tr>
			<th scope=""row"">Dimensiuni&nbsp;</th>
			<td>&nbsp;24.89 x 8.89 x 6.60</td>
		</tr>
	</tbody>
</table>

<p>&nbsp;</p>
","","no","no","in_stock","9/11/2016 16:50:36","9/11/2016 16:50:36","kit",""
"3493686",,"0","97","active","ro","K750243","Bieleta antiruliu","bieleta-antiruliu-k750243","Bieleta antiruliu","bieleta; antiruliu;","","<table border=""0"" cellpadding=""1"" cellspacing=""1"" style=""width:500px"">
	<tbody>
		<tr>
			<th scope=""row"">Parte montare</th>
			<td>&nbsp;spate</td>
		</tr>
		<tr>
			<th scope=""row"">Dimensiuni [cm]</th>
			<td>&nbsp;24.89 x 11.43 x 6.60</td>
		</tr>
	</tbody>
</table>

<p>&nbsp;</p>
","","no","no","in_stock","9/11/2016 16:54:43","9/11/2016 16:54:43","kit",""
"3493687",,"0","39","active","ro","D619","Placute frana","placute-frana-bendix-mrd619","Placute frana","Placute frana","Placute frana","<table border=""0"" cellpadding=""1"" cellspacing=""1"" style=""width:500px"">
	<tbody>
		<tr>
			<th scope=""row"">Parte montare</th>
			<td>&nbsp;fata</td>
		</tr>
		<tr>
			<th scope=""row"">Latime [mm]</th>
			<td>&nbsp;144</td>
		</tr>
		<tr>
			<th scope=""row"">Inaltime [mm]</th>
			<td>&nbsp;64</td>
		</tr>
		<tr>
			<th scope=""row"">Grosime [mm]</th>
			<td>&nbsp;17</td>
		</tr>
	</tbody>
</table>

<p>&nbsp;</p>
","","no","no","in_stock","9/11/2016 17:28:08","10/11/2016 17:07:53","newOEM",""
"3493688",,"0","39","active","ro","D687","Placute frana","placute-frana-bendix-mrd687","Placute frana","Placute frana","Placute frana","<table border=""0"" cellpadding=""1"" cellspacing=""1"" style=""width:500px"">
	<tbody>
		<tr>
			<th scope=""row"">Parte montare</th>
			<td>&nbsp;fata</td>
		</tr>
		<tr>
			<th scope=""row"">Latime [mm]</th>
			<td>&nbsp;156</td>
		</tr>
		<tr>
			<th scope=""row"">Inaltime [mm]</th>
			<td>&nbsp;74</td>
		</tr>
		<tr>
			<th scope=""row"">Grosime [mm]</th>
			<td>&nbsp;20</td>
		</tr>
	</tbody>
</table>

<p>&nbsp;</p>
","","no","no","in_stock","9/11/2016 17:28:24","10/11/2016 17:08:11","newOEM",""
"3493689",,"0","39","active","ro","D761","Placute frana","placute-frana-bendix-mrd761","Placute frana","Placute frana","Placute frana","<table border=""0"" cellpadding=""1"" cellspacing=""1"" style=""width:500px"">
	<tbody>
		<tr>
			<th scope=""row"">Parte montare</th>
			<td>&nbsp;spate</td>
		</tr>
		<tr>
			<th scope=""row"">Latime [mm]</th>
			<td>&nbsp;140</td>
		</tr>
		<tr>
			<th scope=""row"">Inaltime [mm]</th>
			<td>&nbsp;50</td>
		</tr>
		<tr>
			<th scope=""row"">Grosime [mm]</th>
			<td>&nbsp;17</td>
		</tr>
	</tbody>
</table>

<p>&nbsp;</p>
","","no","no","in_stock","9/11/2016 17:28:39","10/11/2016 17:08:29","newOEM",""
"3493690",,"0","39","active","ro","D429","Placute frana","placute-frana-bendix-d429","Placute frana","Placute frana","Placute frana","<table border=""0"" cellpadding=""1"" cellspacing=""1"" style=""width:500px"">
	<tbody>
		<tr>
			<th scope=""row"">Parte montare</th>
			<td>&nbsp;spate</td>
		</tr>
		<tr>
			<th scope=""row"">Latime [mm]</th>
			<td>85</td>
		</tr>
		<tr>
			<th scope=""row"">Inaltime [mm]</th>
			<td>46</td>
		</tr>
		<tr>
			<th scope=""row"">Grosime [mm]</th>
			<td>14</td>
		</tr>
	</tbody>
</table>

<p>&nbsp;</p>
","","no","no","in_stock","9/11/2016 17:28:54","15/11/2016 14:13:32","newOEM",""
"3493691",,"0","596","active","ro","UF303","Bobina inductie","bobina-inductie-autostar-uf303","Bobina inductie","Bobina inductie","Bobina inductie","<table border=""0"" cellpadding=""1"" cellspacing=""1"" style=""width:500px"">
	<tbody>
		<tr>
			<th scope=""row"">Numar intrari</th>
			<td>&nbsp;1</td>
		</tr>
		<tr>
			<th scope=""row"">Numar poli</th>
			<td>&nbsp;3</td>
		</tr>
		<tr>
			<th scope=""row"">Tehnica de cuplaj</th>
			<td>&nbsp;SAE</td>
		</tr>
	</tbody>
</table>

<p>&nbsp;</p>
","","no","no","in_stock","9/11/2016 18:06:47","9/11/2016 18:11:24","newOEM",""
"3493692",,"0","127","active","ro","1M1047","Starter solenoid","starter-solenoid-airtex-1m1047","Starter solenoid","Starter solenoid","Starter solenoid","<table border=""0"" cellpadding=""1"" cellspacing=""1"" style=""width:500px"">
	<tbody>
		<tr>
			<th scope=""row"">Tensiune [V]</th>
			<td>&nbsp;6</td>
		</tr>
		<tr>
			<th scope=""row"">Putere electromotor [kW]</th>
			<td>&nbsp;0.5</td>
		</tr>
		<tr>
			<th scope=""row"">Numar pistoane</th>
			<td>&nbsp;2</td>
		</tr>
		<tr>
			<th scope=""row"">Directie de rotatie</th>
			<td>&nbsp;contrar acelor de ceas</td>
		</tr>
		<tr>
			<th scope=""row"">Diametru flansa [mm]</th>
			<td>&nbsp;76</td>
		</tr>
		<tr>
			<th scope=""row"">Numar dinti</th>
			<td>&nbsp;9</td>
		</tr>
	</tbody>
</table>

<p>&nbsp;</p>
","","no","no","in_stock","9/11/2016 18:17:27","9/11/2016 18:20:28","newOEM",""
"3493693",,"0","597","active","ro","48718","Termostat","termostat-48718","Termostat","termostat","","<table border=""1"" cellpadding=""1"" cellspacing=""1"" style=""width:500px"">
	<tbody>
		<tr>
			<th scope=""row"">Temperatura deschidere</th>
			<td>&nbsp;&nbsp; 87&deg;C</td>
		</tr>
		<tr>
			<th scope=""row"">Tipul</th>
			<td>&nbsp;&nbsp; Termostat racire motor integrat&nbsp; in carcasa</td>
		</tr>
		<tr>
			<th scope=""row"">Producator</th>
			<td>&nbsp;&nbsp; Stant</td>
		</tr>
	</tbody>
</table>

<p>&nbsp;</p>
","","no","no","not_in_stock","9/11/2016 18:35:12","4/1/2018 17:17:02","kit",""
"3493694",,"0","39","active","ro","D768","Placute frana","placute-frana-bendix-mrd768","Placute frana","Placute frana","Placute frana","<table border=""0"" cellpadding=""1"" cellspacing=""1"" style=""width:500px"">
	<tbody>
		<tr>
			<th scope=""row"">Parte montare</th>
			<td>&nbsp;fata</td>
		</tr>
		<tr>
			<th scope=""row"">Latime [mm]</th>
			<td>146</td>
		</tr>
		<tr>
			<th scope=""row"">Inaltime [mm]</th>
			<td>55</td>
		</tr>
		<tr>
			<th scope=""row"">Grosime [mm]</th>
			<td>20</td>
		</tr>
	</tbody>
</table>

<p>&nbsp;</p>
","","no","no","in_stock","10/11/2016 15:15:28","10/11/2016 17:09:09","newOEM",""
"3493697",,"0","39","active","ro","D440","Placute frana","placute-frana-bendix-mrd440","Placute frana","Placute frana","Placute frana","<table border=""0"" cellpadding=""1"" cellspacing=""1"" style=""width:500px"">
	<tbody>
		<tr>
			<th scope=""row"">Parte montare</th>
			<td>&nbsp;fata</td>
		</tr>
		<tr>
			<th scope=""row"">Latime [mm]</th>
			<td>&nbsp;128</td>
		</tr>
		<tr>
			<th scope=""row"">Inaltime [mm]</th>
			<td>&nbsp;49</td>
		</tr>
		<tr>
			<th scope=""row"">Grosime [mm]</th>
			<td>&nbsp;15</td>
		</tr>
	</tbody>
</table>

<p>&nbsp;</p>
","","no","no","in_stock","10/11/2016 15:16:25","10/11/2016 17:09:28","newOEM",""
"3493698",,"0","39","active","ro","D760","Placute frana","placute-frana-bendix-d760","Placute frana","Placute frana","Placute frana","<table border=""0"" cellpadding=""1"" cellspacing=""1"" style=""width:500px"">
	<tbody>
		<tr>
			<th scope=""row"">Parte montare</th>
			<td>&nbsp;fata</td>
		</tr>
		<tr>
			<th scope=""row"">Latime [mm]</th>
			<td>&nbsp;188</td>
		</tr>
		<tr>
			<th scope=""row"">Inaltime [mm]</th>
			<td>&nbsp;77</td>
		</tr>
		<tr>
			<th scope=""row"">Grosime [mm]</th>
			<td>&nbsp;16</td>
		</tr>
	</tbody>
</table>

<p>&nbsp;</p>
","","no","no","in_stock","10/11/2016 15:16:39","15/11/2016 14:12:46","newOEM",""
"3493699",,"0","39","active","ro","MRD340","Placute frana","placute-frana-bendix-d340","Placute frana","Placute frana","Placute frana","<table border=""0"" cellpadding=""1"" cellspacing=""1"" style=""width:500px"">
	<tbody>
		<tr>
			<th scope=""row"">Parte montare</th>
			<td>&nbsp;spate</td>
		</tr>
		<tr>
			<th scope=""row"">Latime [mm]</th>
			<td>&nbsp;87.5</td>
		</tr>
		<tr>
			<th scope=""row"">Inaltime [mm]</th>
			<td>&nbsp;53</td>
		</tr>
		<tr>
			<th scope=""row"">Grosime [mm]</th>
			<td>&nbsp;17</td>
		</tr>
	</tbody>
</table>

<p>&nbsp;</p>
","","no","no","in_stock","10/11/2016 15:16:53","10/3/2017 15:02:19","newOEM",""
"3493700",,"0","39","active","ro","D561","Placute frana","placute-frana-bendix-d561","Placute frana","Placute frana","Placute frana","<table border=""0"" cellpadding=""1"" cellspacing=""1"" style=""width:500px"">
	<tbody>
		<tr>
			<th scope=""row"">Parte montare</th>
			<td>&nbsp;fata</td>
		</tr>
		<tr>
			<th scope=""row"">Latime [mm]</th>
			<td>&nbsp;100</td>
		</tr>
		<tr>
			<th scope=""row"">Inaltime [mm]</th>
			<td>&nbsp;74</td>
		</tr>
		<tr>
			<th scope=""row"">Grosime [mm]</th>
			<td>&nbsp;18</td>
		</tr>
	</tbody>
</table>

<p>&nbsp;</p>
","","no","no","in_stock","10/11/2016 15:17:11","15/11/2016 14:12:04","newOEM",""
"3493701",,"0","39","active","ro","D741","Placute frana","placute-frana-bendix-d741","Placute frana","Placute frana","Placute frana","<table border=""0"" cellpadding=""1"" cellspacing=""1"" style=""width:500px"">
	<tbody>
		<tr>
			<th scope=""row"">Parte montare&nbsp;</th>
			<td>&nbsp;fata</td>
		</tr>
		<tr>
			<th scope=""row"">Latime [mm]</th>
			<td>&nbsp;117</td>
		</tr>
		<tr>
			<th scope=""row"">Inaltime [mm]</th>
			<td>&nbsp;55</td>
		</tr>
		<tr>
			<th scope=""row"">Grosime [mm]</th>
			<td>&nbsp;17</td>
		</tr>
	</tbody>
</table>

<p>&nbsp;</p>
","","no","no","in_stock","10/11/2016 15:17:26","15/11/2016 14:08:46","newOEM",""
"3493702",,"0","39","active","ro","D888","Placute frana","placute-frana-bendix-d888","Placute frana","Placute frana","Placute frana","<table border=""0"" cellpadding=""1"" cellspacing=""1"" style=""width:500px"">
	<tbody>
		<tr>
			<th scope=""row"">Parte montare</th>
			<td>&nbsp;fata</td>
		</tr>
		<tr>
			<th scope=""row"">Latime [mm]&nbsp;</th>
			<td>&nbsp;157</td>
		</tr>
		<tr>
			<th scope=""row"">Inaltime [mm]</th>
			<td>&nbsp;58</td>
		</tr>
		<tr>
			<th scope=""row"">Grosime [mm]</th>
			<td>&nbsp;17</td>
		</tr>
	</tbody>
</table>

<p>&nbsp;</p>
","","no","no","in_stock","10/11/2016 15:17:41","15/11/2016 14:31:16","newOEM",""
"3493703",,"0","432","active","ro","5902-06-0017P","Pompa apa spalare parbriz ","pompa-apa-spalare-parbriz-blic-5902-06-0017p","Pompa apa spalare parbriz ","Pompa apa spalare parbriz ","Pompa apa spalare parbriz ","Pompa apa spalare parbriz",,"no","no","in_stock","10/11/2016 15:41:24","10/11/2016 15:41:24","newOEM",""
"3493704",,"0","580","active","ro","AST413","Amortizor suspensie ","amortizor-suspensie-ast413","Amortizor suspensie ","Amortizor suspensie ","Amortizor suspensie ","<table border=""0"" cellpadding=""1"" cellspacing=""1"" style=""width:500px"">
	<tbody>
		<tr>
			<th scope=""row"">Parte montare</th>
			<td>&nbsp;&nbsp;&nbsp;&nbsp;&nbsp;&nbsp;&nbsp;&nbsp;&nbsp; punte fata&nbsp; ambele parti</td>
		</tr>
		<tr>
			<th scope=""row"">Tip amortizor</th>
			<td>&nbsp;&nbsp;&nbsp;&nbsp;&nbsp;&nbsp;&nbsp;&nbsp;&nbsp;&nbsp; presiune gas</td>
		</tr>
		<tr>
			<th scope=""row"">&nbsp;</th>
			<td>&nbsp;</td>
		</tr>
	</tbody>
</table>

<p>&nbsp;</p>
","","","","in_stock","10/11/2016 19:41:00","10/11/2016 19:41:00","kit",""
"3493705",,"0","97","active","ro","39104","Amortizor suspensie","amortizor-suspensie-39104","Amortizor suspensie","Amortizor suspensie","Amortizor suspensie","<table border=""0"" cellpadding=""1"" cellspacing=""1"" style=""width:500px"">
	<tbody>
		<tr>
			<th scope=""row"">Parte montare</th>
			<td>&nbsp;&nbsp; punte fata</td>
		</tr>
		<tr>
			<th scope=""row"">Sistem amortizor</th>
			<td>&nbsp;&nbsp;&nbsp;&nbsp; monotub / fara susp electronica/ fara auto ride</td>
		</tr>
	</tbody>
</table>

<p>&nbsp;</p>
","","","","in_stock","10/11/2016 20:11:45","22/1/2018 22:10:11","kit",""
"3493706",,"0","31","active","ro","71126","Amortizor suspensie","amortizor-suspensie-71126","Amortizor suspensie","Amortizor suspensie","Amortizor suspensie","<table cellpadding=""1"" cellspacing=""1"" style=""width:500px"">
	<tbody>
		<tr>
			<th scope=""row"">Parte montare</th>
			<td>&nbsp;&nbsp;&nbsp;&nbsp;&nbsp;&nbsp; punte spate</td>
		</tr>
		<tr>
			<th scope=""row"">Tip amortizor</th>
			<td>&nbsp;&nbsp;&nbsp;&nbsp;&nbsp;&nbsp; presiune ulei</td>
		</tr>
	</tbody>
</table>

<p>&nbsp;</p>
","","","","in_stock","10/11/2016 20:47:54","10/11/2016 20:47:54","kit",""
"3493712",,"0","39","active","ro","D449","Placute frana","placute-frana-bendix-d449","Placute frana","Placute frana","Placute frana","<table border=""0"" cellpadding=""1"" cellspacing=""1"" style=""width:500px"">
	<tbody>
		<tr>
			<th scope=""row"">Parte montare</th>
			<td>&nbsp;fata</td>
		</tr>
		<tr>
			<th scope=""row"">Latime [mm]</th>
			<td>&nbsp;137</td>
		</tr>
		<tr>
			<th scope=""row"">Inaltime [mm]</th>
			<td>&nbsp;54</td>
		</tr>
		<tr>
			<th scope=""row"">Grosime [mm]</th>
			<td>&nbsp;17</td>
		</tr>
	</tbody>
</table>

<p>&nbsp;</p>
","","no","no","in_stock","14/11/2016 15:27:15","14/11/2016 16:12:08","newOEM",""
"3493713",,"0","39","active","ro","D1121","Placute frana","placute-frana-bendix-d1121","Placute frana","Placute frana","Placute frana","<table border=""0"" cellpadding=""1"" cellspacing=""1"" style=""width:500px"">
	<tbody>
		<tr>
			<th scope=""row"">Parte montare</th>
			<td>&nbsp;fata</td>
		</tr>
		<tr>
			<th scope=""row"">Latime [mm]</th>
			<td>&nbsp;102</td>
		</tr>
		<tr>
			<th scope=""row"">Inaltime [mm]</th>
			<td>&nbsp;79</td>
		</tr>
		<tr>
			<th scope=""row"">Grosime [mm]</th>
			<td>&nbsp;17</td>
		</tr>
	</tbody>
</table>

<p>&nbsp;</p>
","","no","no","in_stock","14/11/2016 15:27:30","14/11/2016 16:09:08","newOEM",""
"3493722",,"0","580","active","ro","FA1883","Filtru aer","filtru-aer-fa1883","Filtru aer","Filtru aer","Filtru aer","<table border=""0"" cellpadding=""1"" cellspacing=""1"" style=""width:500px"">
	<tbody>
		<tr>
			<th scope=""row"">Cod origine</th>
			<td>&nbsp;&nbsp;&nbsp;&nbsp;&nbsp;&nbsp;&nbsp;&nbsp;&nbsp;&nbsp;&nbsp;&nbsp; 7C3Z9601A</td>
		</tr>
	</tbody>
</table>

<p>&nbsp;</p>
","","","","in_stock","15/11/2016 02:27:11","15/11/2016 20:33:08","kit",""
"3493711",,"0","39","active","ro","D1111","Placute frana","placute-frana-bendix-d1111","Placute frana","Placute frana","Placute frana","<table border=""0"" cellpadding=""1"" cellspacing=""1"" style=""width:500px"">
	<tbody>
		<tr>
			<th scope=""row"">Parte montare</th>
			<td>&nbsp;fata</td>
		</tr>
		<tr>
			<th scope=""row"">Latime 1/Latime 2 [mm]</th>
			<td>&nbsp;156/155</td>
		</tr>
		<tr>
			<th scope=""row"">Inaltime [mm]</th>
			<td>&nbsp;73</td>
		</tr>
		<tr>
			<th scope=""row"">Grosime [mm]</th>
			<td>&nbsp;20</td>
		</tr>
	</tbody>
</table>

<p>&nbsp;</p>
","","no","no","in_stock","14/11/2016 15:26:55","14/11/2016 16:10:56","newOEM",""
"3493714",,"0","39","active","ro","D31","Placute frana","placute-frana-bendix-d31","Placute frana","Placute frana","Placute frana","<table border=""0"" cellpadding=""1"" cellspacing=""1"" style=""width:500px"">
	<tbody>
		<tr>
			<th scope=""row"">Parte montare</th>
			<td>&nbsp;spate</td>
		</tr>
		<tr>
			<th scope=""row"">Latime [mm]</th>
			<td>&nbsp;62</td>
		</tr>
		<tr>
			<th scope=""row"">Inaltime [mm]</th>
			<td>&nbsp;57</td>
		</tr>
		<tr>
			<th scope=""row"">Grosime [mm]</th>
			<td>&nbsp;15</td>
		</tr>
	</tbody>
</table>

<p>&nbsp;</p>
","","no","no","in_stock","14/11/2016 15:27:48","14/11/2016 16:14:52","newOEM",""
"3493715",,"0","39","active","ro","D403","Placute frana","placute-frana-bendix-d403","Placute frana","Placute frana","Placute frana","<table border=""0"" cellpadding=""1"" cellspacing=""1"" style=""width:500px"">
	<tbody>
		<tr>
			<th scope=""row"">Parte montare&nbsp;</th>
			<td>&nbsp;fata</td>
		</tr>
		<tr>
			<th scope=""row"">Latime [mm]</th>
			<td>&nbsp;156</td>
		</tr>
		<tr>
			<th scope=""row"">Inaltime 1/Inaltime 2 [mm]</th>
			<td>&nbsp;73/69</td>
		</tr>
		<tr>
			<th scope=""row"">Grosime [mm]</th>
			<td>&nbsp;19</td>
		</tr>
	</tbody>
</table>

<p>&nbsp;</p>
","","no","no","in_stock","14/11/2016 15:28:04","15/11/2016 13:08:08","newOEM",""
"3493716",,"0","39","active","ro","D731","Placute frana","placute-frana-bendix-d731","Placute frana","Placute frana","Placute frana","<table border=""0"" cellpadding=""1"" cellspacing=""1"" style=""width:500px"">
	<tbody>
		<tr>
			<th scope=""row"">Parte montare</th>
			<td>&nbsp;fata</td>
		</tr>
		<tr>
			<th scope=""row"">Latime [mm]</th>
			<td>&nbsp;184</td>
		</tr>
		<tr>
			<th scope=""row"">Inaltime [mm]</th>
			<td>&nbsp;63</td>
		</tr>
		<tr>
			<th scope=""row"">Grosime [mm]</th>
			<td>&nbsp;15</td>
		</tr>
	</tbody>
</table>

<p>&nbsp;</p>
","","no","no","in_stock","14/11/2016 15:28:19","15/11/2016 13:11:00","newOEM",""
"3493717",,"0","39","active","ro","D794","Placute frana","placute-frana-bendix-d794","Placute frana","Placute frana","Placute frana","<table border=""0"" cellpadding=""1"" cellspacing=""1"" style=""width:500px"">
	<tbody>
		<tr>
			<th scope=""row"">Parte montare</th>
			<td>&nbsp;fata</td>
		</tr>
		<tr>
			<th scope=""row"">Latime 1/Latime 2 [mm]</th>
			<td>&nbsp;156/155</td>
		</tr>
		<tr>
			<th scope=""row"">Inaltime 1/Inaltime 2 [mm]</th>
			<td>&nbsp;73/69</td>
		</tr>
		<tr>
			<th scope=""row"">Grosime [mm]</th>
			<td>&nbsp;19</td>
		</tr>
	</tbody>
</table>

<p>&nbsp;</p>
","","no","no","in_stock","14/11/2016 15:28:33","15/11/2016 13:13:37","newOEM",""
"3493718",,"0","39","active","ro","D588","Placute frana","placute-frana-bendix-d588","Placute frana","Placute frana","Placute frana","<table border=""0"" cellpadding=""1"" cellspacing=""1"" style=""width:500px"">
	<tbody>
		<tr>
			<th scope=""row"">Parte montare</th>
			<td>&nbsp;spate</td>
		</tr>
		<tr>
			<th scope=""row"">Latime [mm]</th>
			<td>&nbsp;109</td>
		</tr>
		<tr>
			<th scope=""row"">Inaltime [mm]</th>
			<td>&nbsp;36</td>
		</tr>
		<tr>
			<th scope=""row"">Grosime [mm]</th>
			<td>&nbsp;15</td>
		</tr>
	</tbody>
</table>

<p>&nbsp;</p>
","","no","no","in_stock","14/11/2016 15:28:48","15/11/2016 13:15:24","newOEM",""
"3493719",,"0","418","active","ro","X869","Placute frana","placute-frana-wagner-x869","Placute frana","Placute frana","Placute frana","<table border=""0"" cellpadding=""1"" cellspacing=""1"" style=""width:500px"">
	<tbody>
		<tr>
			<th scope=""row"">Parte montare</th>
			<td>&nbsp;fata</td>
		</tr>
		<tr>
			<th scope=""row"">Latime [mm]</th>
			<td>&nbsp;156</td>
		</tr>
		<tr>
			<th scope=""row"">Inaltime [mm]</th>
			<td>&nbsp;62</td>
		</tr>
		<tr>
			<th scope=""row"">Grosime [mm]</th>
			<td>&nbsp;21</td>
		</tr>
	</tbody>
</table>

<p>&nbsp;</p>
","","no","no","in_stock","14/11/2016 15:29:01","15/11/2016 13:17:39","newOEM",""
"3493720",,"0","39","active","ro","MKD760","Placute frana","placute-frana-bendix-mkd760","Placute frana","Placute frana","Placute frana","<table border=""0"" cellpadding=""1"" cellspacing=""1"" style=""width:500px"">
	<tbody>
		<tr>
			<th scope=""row"">Parte montare</th>
			<td>&nbsp;fata</td>
		</tr>
		<tr>
			<th scope=""row"">Latime [mm]</th>
			<td>&nbsp;188</td>
		</tr>
		<tr>
			<th scope=""row"">Inaltime 1/Inaltime 2 [mm]</th>
			<td>&nbsp;77/59</td>
		</tr>
		<tr>
			<th scope=""row"">Grosime [mm]</th>
			<td>&nbsp;16</td>
		</tr>
	</tbody>
</table>

<p>&nbsp;</p>
","","no","no","in_stock","14/11/2016 15:38:17","15/11/2016 13:19:51","newOEM",""
"3493724",,"0","598","active","ro","25988407","Bieleta directie ","bieleta-directie-25988407","Bieleta directie","bieleta directie ","","<table border=""0"" cellpadding=""1"" cellspacing=""1"" style=""width:500px"">
	<tbody>
		<tr>
			<th scope=""row"">Producator</th>
			<td>&nbsp;&nbsp; origine</td>
		</tr>
		<tr>
			<th scope=""row"">Diametru filet</th>
			<td>&nbsp;&nbsp;&nbsp; 16 mm</td>
		</tr>
	</tbody>
</table>

<p>&nbsp;</p>
","","","","in_stock","16/11/2016 15:15:19","16/11/2016 15:15:19","kit",""
"3493725",,"0","598","active","ro","15907712","Cap de bara","cap-de-bara-15907712","cap de bara","cap de bara ","","<table border=""0"" cellpadding=""1"" cellspacing=""1"" style=""width:500px"">
	<tbody>
		<tr>
			<th scope=""row"">Producator</th>
			<td>&nbsp;&nbsp;&nbsp;&nbsp;&nbsp;&nbsp;&nbsp; origine</td>
		</tr>
		<tr>
			<th scope=""row"">Diametru filet</th>
			<td>&nbsp;&nbsp;&nbsp;&nbsp;&nbsp;&nbsp; 16 mm</td>
		</tr>
		<tr>
			<th scope=""row"">Parte montare</th>
			<td>&nbsp; &nbsp; &nbsp;&nbsp; axa fata ambele parti</td>
		</tr>
	</tbody>
</table>

<p>&nbsp;</p>
","","","","in_stock","16/11/2016 15:34:13","16/11/2016 15:34:13","kit",""
"3493726",,"0","598","active","ro","15217991","Bieleta directie","bieleta-directie-15217991","Bieleta directie","bieleta directie","","<table border=""0"" cellpadding=""1"" cellspacing=""1"" style=""width:500px"">
	<tbody>
		<tr>
			<th scope=""row"">Producator</th>
			<td>&nbsp;&nbsp;&nbsp;&nbsp;&nbsp;&nbsp;&nbsp; origine</td>
		</tr>
		<tr>
			<th scope=""row"">Diametru filet</th>
			<td>&nbsp;&nbsp;&nbsp;&nbsp;&nbsp;&nbsp;&nbsp;&nbsp; 14mm</td>
		</tr>
		<tr>
			<th scope=""row"">Parte montare</th>
			<td>&nbsp;&nbsp; axa fata, ambele parti</td>
		</tr>
	</tbody>
</table>

<p>&nbsp;</p>
","","","","in_stock","16/11/2016 15:46:22","16/11/2016 15:46:22","kit",""
"3493727",,"0","598","active","ro","15217992","Cap de bara","cap-de-bara-15217992","Cap de bara","Cap de bara","Cap de bara ","<table border=""0"" cellpadding=""1"" cellspacing=""1"" style=""width:500px"">
	<tbody>
		<tr>
			<th scope=""row"">Producator</th>
			<td>&nbsp;&nbsp; origine</td>
		</tr>
		<tr>
			<th scope=""row"">Diametru filet</th>
			<td>&nbsp;&nbsp;&nbsp;&nbsp; 14mm</td>
		</tr>
		<tr>
			<th scope=""row"">Parte montare</th>
			<td>&nbsp;&nbsp; axa fata, ambele parti</td>
		</tr>
	</tbody>
</table>

<p>&nbsp;</p>
","","","","in_stock","16/11/2016 15:59:50","16/11/2016 15:59:50","kit",""
"3493728",,"0","599","active","ro","10309340","Placute frana","placute-frana-10309340","Placute frana","placute frana","","<table border=""0"" cellpadding=""1"" cellspacing=""1"" style=""width:500px"">
	<tbody>
		<tr>
			<th scope=""row"">Parte montare</th>
			<td>&nbsp;fata</td>
		</tr>
		<tr>
			<th scope=""row"">Latime [mm]</th>
			<td>&nbsp;210</td>
		</tr>
		<tr>
			<th scope=""row"">Inaltime 1/Inaltime 2 [mm]</th>
			<td>&nbsp;56/65</td>
		</tr>
		<tr>
			<th scope=""row"">Grosime [mm]</th>
			<td>&nbsp;21</td>
		</tr>
	</tbody>
</table>

<p>&nbsp;</p>
","","no","no","in_stock","16/11/2016 16:00:39","16/11/2016 16:00:39","kit",""
"3493729",,"0","591","active","ro","215173","Pompa servodirectie","pompa-servodirectie-215173","Pompa servodirectie","Pompa servodirectie","Pompa servodirectie","<table border=""0"" cellpadding=""1"" cellspacing=""1"" style=""width:500px"">
	<tbody>
		<tr>
			<th scope=""row"">Producator</th>
			<td>&nbsp;&nbsp;&nbsp;&nbsp; Cardone</td>
		</tr>
		<tr>
			<th scope=""row"">Produs</th>
			<td>&nbsp;&nbsp;&nbsp;&nbsp; reconditionat</td>
		</tr>
		<tr>
			<th scope=""row"">Parte montare</th>
			<td>&nbsp;&nbsp;&nbsp;&nbsp; sistem directie</td>
		</tr>
	</tbody>
</table>

<p>&nbsp;</p>
","","","","in_stock","16/11/2016 16:08:16","16/11/2016 16:08:16","kit",""
"3493730",,"0","39","active","ro","SCD1047","Placute frana","placute-frana-scd1047","","","","<table border=""0"" cellpadding=""1"" cellspacing=""1"" style=""width:500px"">
	<tbody>
		<tr>
			<th scope=""row"">Parte montare</th>
			<td>&nbsp;&nbsp;&nbsp; fata</td>
		</tr>
		<tr>
			<th scope=""row"">Latime [mm]</th>
			<td>&nbsp;&nbsp; 172.5 mm</td>
		</tr>
		<tr>
			<th scope=""row"">Inaltime [mm]</th>
			<td>&nbsp;&nbsp;&nbsp; 67.5 mm</td>
		</tr>
		<tr>
			<th scope=""row"">&nbsp;Grosime [mm]</th>
			<td>&nbsp;&nbsp;&nbsp; 15.8 mm</td>
		</tr>
	</tbody>
</table>

<p>&nbsp;</p>
","","","","in_supplier_stock","16/11/2016 16:13:42","28/11/2016 20:17:08","kit",""
"3493731",,"0","589","active","ro","25861412","Bucsa caseta directie ","bucsa-caseta-directie-25861412","Bucsa caseta directie ","Bucsa caseta directie ","Bucsa caseta directie ","<table border=""0"" cellpadding=""1"" cellspacing=""1"" style=""width:500px"">
	<tbody>
		<tr>
			<th scope=""row"">Producator</th>
			<td>&nbsp;&nbsp;&nbsp;&nbsp; origine</td>
		</tr>
		<tr>
			<th scope=""row"">Parte montare</th>
			<td>&nbsp;&nbsp;&nbsp;&nbsp; sistem directie</td>
		</tr>
		<tr>
			<th scope=""row"">Componenta</th>
			<td>&nbsp;&nbsp;&nbsp;&nbsp; suport prindere + bucsa</td>
		</tr>
	</tbody>
</table>

<p>&nbsp;</p>
","","","","in_stock","16/11/2016 16:28:53","16/11/2016 16:48:29","kit",""
"3493735",,"0","39","active","ro","SMD882","Placute frana","placute-frana-bendix-smd882","Placute frana","Placute frana","Placute frana","<table border=""0"" cellpadding=""1"" cellspacing=""1"" style=""width:500px"">
	<tbody>
		<tr>
			<th scope=""row"">Parte montare</th>
			<td>&nbsp; fata</td>
		</tr>
		<tr>
			<th scope=""row"">Lungime</th>
			<td>&nbsp; 176.5</td>
		</tr>
		<tr>
			<th scope=""row"">Latime</th>
			<td>&nbsp;&nbsp; 62.6</td>
		</tr>
		<tr>
			<th scope=""row"">Grosime</th>
			<td>&nbsp;&nbsp; 16.8</td>
		</tr>
	</tbody>
</table>

<p>&nbsp;</p>
","","no","no","in_stock","17/11/2016 13:50:39","21/11/2016 13:51:23","newOEM",""
"3493737",,"0","600","active","ro","SMD784","Placute frana","placute-frana-newtek-smd784","Placute frana","Placute frana","Placute frana","<table border=""0"" cellpadding=""1"" cellspacing=""1"" style=""width:500px"">
	<tbody>
		<tr>
			<th>Partea de montare</th>
			<td>&nbsp;&nbsp;&nbsp; punte fata</td>
			<th>Lungime [mm]</th>
			<td>&nbsp;&nbsp; 216</td>
			<th>&Icirc;naltime [mm]</th>
			<td>&nbsp;&nbsp; 66</td>
		</tr>
	</tbody>
</table>
","","no","no","in_stock","17/11/2016 21:22:52","17/11/2016 21:32:18","newOEM",""
"3493734",,"0","39","active","ro","SCD883","Placute frana","placute-frana-bendix-scd883","Placute frana","Placute frana","Placute frana","<table border=""0"" cellpadding=""1"" cellspacing=""1"" style=""width:500px"">
	<tbody>
		<tr>
			<th scope=""row"">Parte montare</th>
			<td>&nbsp;&nbsp;&nbsp;&nbsp;&nbsp;&nbsp;&nbsp; spate</td>
		</tr>
		<tr>
			<th scope=""row"">Lungime</th>
			<td>&nbsp;&nbsp;&nbsp;&nbsp;&nbsp;&nbsp;&nbsp; 137.5</td>
		</tr>
		<tr>
			<th scope=""row"">Latime</th>
			<td>&nbsp;&nbsp;&nbsp;&nbsp;&nbsp;&nbsp;&nbsp;&nbsp;&nbsp; 47.2</td>
		</tr>
		<tr>
			<th scope=""row"">Grosime</th>
			<td>&nbsp;&nbsp;&nbsp;&nbsp;&nbsp;&nbsp;&nbsp;&nbsp;&nbsp; 17.4</td>
		</tr>
	</tbody>
</table>

<p>&nbsp;</p>
","","no","no","in_stock","17/11/2016 13:40:43","17/11/2016 14:08:00","newOEM",""
"3493736",,"0","599","active","ro","10307850","Placute frana","placute-frana-centric-10307850","Placute frana","Placute frana","Placute frana","<table border=""0"" cellpadding=""1"" cellspacing=""1"" style=""width:500px"">
	<tbody>
		<tr>
			<th>Latime [mm]</th>
			<td>177</td>
			<th>&Icirc;naltime [mm]</th>
			<td>59,2</td>
			<th>Grosime [mm]</th>
			<td>18,4</td>
			<th>Parte montare</th>
			<td>spate</td>
			<th>Numarul indicatorilor de uzura (per axa)</th>
			<td>6</td>
			<th>Numar WVA</th>
			<td>24626</td>
			<th>Sistem fr&acirc;nare</th>
			<td>Akebono</td>
		</tr>
	</tbody>
</table>
","","no","no","in_stock","17/11/2016 14:51:04","17/11/2016 21:29:18","newOEM",""
"3493739",,"0","599","active","ro","D9740","Placute frana","placute-frana-centric-10209740","Placute frana","placute frana","","<table border=""0"" cellpadding=""1"" cellspacing=""1"" style=""width:500px"">
	<tbody>
		<tr>
			<th scope=""row"">Parte montare</th>
			<td>&nbsp;spate</td>
		</tr>
		<tr>
			<th scope=""row"">Latime [mm]</th>
			<td>&nbsp;173</td>
		</tr>
		<tr>
			<th scope=""row"">Inaltime [mm]</th>
			<td>&nbsp;60</td>
		</tr>
		<tr>
			<th scope=""row"">Grosime [mm]</th>
			<td>&nbsp;20</td>
		</tr>
	</tbody>
</table>

<p>&nbsp;</p>
","","no","no","in_stock","21/11/2016 15:05:10","10/5/2017 18:20:02","kit",""
"3493745",,"0","579","active","ro","9551013","OGLINDA EXTERIOARA  ","oglinda-exterioara-9551013","OGLINDA EXTERIOARA  ","OGLINDA EXTERIOARA  ","OGLINDA EXTERIOARA  ","<table border=""0"" cellpadding=""1"" cellspacing=""1"" style=""width:500px"">
	<tbody>
		<tr>
			<th scope=""row"">Parte montare</th>
			<td>&nbsp;&nbsp;&nbsp;&nbsp;&nbsp;&nbsp; stanga</td>
		</tr>
		<tr>
			<th scope=""row"">Actionare</th>
			<td>&nbsp;&nbsp;&nbsp;&nbsp;&nbsp;&nbsp; electric</td>
		</tr>
		<tr>
			<th scope=""row"">Rabatare</th>
			<td>&nbsp;&nbsp;&nbsp;&nbsp;&nbsp;&nbsp; electric</td>
		</tr>
		<tr>
			<th scope=""row"">&nbsp;&nbsp; Incalzita&nbsp; &nbsp;&nbsp;</th>
			<td>&nbsp;&nbsp;&nbsp;&nbsp;&nbsp;&nbsp; da</td>
		</tr>
		<tr>
			<th scope=""row"">Memorie</th>
			<td>&nbsp;&nbsp;&nbsp;&nbsp;&nbsp;&nbsp; nu</td>
		</tr>
		<tr>
			<th scope=""row"">Semnalizare</th>
			<td>&nbsp;&nbsp;&nbsp;&nbsp;&nbsp;&nbsp; da</td>
		</tr>
		<tr>
			<th scope=""row"">Lampa pozitie</th>
			<td>&nbsp;&nbsp;&nbsp;&nbsp;&nbsp;&nbsp; da</td>
		</tr>
	</tbody>
</table>

<p>&nbsp;</p>
","","","","in_stock","23/11/2016 14:17:07","23/11/2016 14:17:07","kit",""
"3493744",,"0","418","active","ro","PMD935AT","Placute frana","placute-frana-pmd935at","Placute frana","Placute frana","Placute frana ","<table border=""0"" cellpadding=""1"" cellspacing=""1"" style=""width:500px"">
	<tbody>
		<tr>
			<th scope=""row"">Parte montare</th>
			<td>&nbsp;&nbsp; spate</td>
		</tr>
		<tr>
			<th scope=""row"">Lungime</th>
			<td>&nbsp;&nbsp; 141.5 mm</td>
		</tr>
		<tr>
			<th scope=""row"">Latime</th>
			<td>&nbsp;&nbsp;&nbsp;&nbsp; 53 mm</td>
		</tr>
		<tr>
			<th scope=""row"">Grosime</th>
			<td>&nbsp;&nbsp;&nbsp;&nbsp; 20 mm</td>
		</tr>
	</tbody>
</table>

<p>&nbsp;</p>
","","","","in_stock","22/11/2016 20:09:30","22/11/2016 20:09:30","kit",""
"3493746",,"0","580","active","ro","BRB1 ","Pompa servofrana ","pompa-servofrana-brb1","Pompa servofrana ","Pompa servofrana ","","<table border=""0"" cellpadding=""1"" cellspacing=""1"" style=""width:500px"">
	<tbody>
		<tr>
			<th scope=""row"">Cod OE&nbsp; 2L1Z-2005-CB</th>
		</tr>
	</tbody>
</table>

<p>&nbsp;</p>
","","","","in_stock","23/11/2016 15:54:10","23/11/2016 15:54:44","kit",""
"3493747",,"0","580","active","ro","BRB2","Pompa servofrana","pompa-servofrana-brb2","Pompa servofrana","Pompa servofrana","","<table border=""0"" cellpadding=""1"" cellspacing=""1"" style=""width:500px"">
	<tbody>
		<tr>
			<th scope=""row"">Control stabilitate</th>
			<td>&nbsp; da</td>
		</tr>
		<tr>
			<th scope=""row"">Cod OE</th>
			<td>&nbsp;&nbsp; 2L1Z2005DB</td>
		</tr>
	</tbody>
</table>

<p>&nbsp;</p>
","","","","in_supplier_stock","23/11/2016 16:26:16","23/11/2016 16:26:16","kit",""
"3493748",,"0","589","active","ro","20832044","Pedala frana de mana ","pedala-frana-de-mana-20832044","Pedala frana de mana ","Pedala frana de mana ","","<table border=""0"" cellpadding=""1"" cellspacing=""1"" style=""width:500px"">
	<tbody>
		<tr>
			<th scope=""row"">Sistem franare</th>
			<td>&nbsp; frana de mana</td>
		</tr>
		<tr>
			<th scope=""row"">Produs</th>
			<td>&nbsp; origine</td>
		</tr>
	</tbody>
</table>

<p>&nbsp;</p>
","","","","in_stock","23/11/2016 16:44:34","23/11/2016 16:44:34","kit",""
"3493749",,"0","598","active","ro","250600X00C","Sonda litometrica ","sonda-litometrica-250600x00c","sonda litometrica ","sonda litometrica ","","<table border=""0"" cellpadding=""1"" cellspacing=""1"" style=""width:500px"">
	<tbody>
		<tr>
			<th scope=""row"">Parte montare</th>
			<td>&nbsp; in rezervor combustibil</td>
		</tr>
		<tr>
			<th scope=""row"">Produs</th>
			<td>&nbsp; origine&nbsp;&nbsp;&nbsp; second hand</td>
		</tr>
	</tbody>
</table>

<p>&nbsp;</p>
","","","","in_stock","23/11/2016 17:10:59","23/11/2016 17:10:59","kit",""
"3493774",,"0","599","active","ro","D1363","Placute frana","placute-frana-centric-d1363","Placute frana","Placute frana","Placute frana","<table border=""0"" cellpadding=""1"" cellspacing=""1"" style=""width:500px"">
	<tbody>
		<tr>
			<th scope=""row"">Parte montare</th>
			<td>&nbsp;fata</td>
		</tr>
		<tr>
			<th scope=""row"">Latime [mm]</th>
			<td>&nbsp;184.2</td>
		</tr>
		<tr>
			<th scope=""row"">Inaltime 1/ Inaltime 2 [mm]</th>
			<td>&nbsp;64/59.4</td>
		</tr>
		<tr>
			<th scope=""row"">Grosime [mm]</th>
			<td>&nbsp;18</td>
		</tr>
	</tbody>
</table>

<p>&nbsp;</p>
","","no","no","in_stock","28/11/2016 14:04:38","28/11/2016 14:06:51","newOEM",""
"3493754",,"0","600","active","ro","D834","Placute frana","placute-frana-md834","Placute frana","placute frana","","<table border=""0"" cellpadding=""1"" cellspacing=""1"" style=""width:500px"">
	<tbody>
		<tr>
			<th scope=""row"">Parte montare</th>
			<td>&nbsp;spate</td>
		</tr>
		<tr>
			<th scope=""row"">Latime [mm]</th>
			<td>&nbsp;183.5</td>
		</tr>
		<tr>
			<th scope=""row"">Inaltime [mm]</th>
			<td>&nbsp;61.3</td>
		</tr>
		<tr>
			<th scope=""row"">Grosime [mm]</th>
			<td>&nbsp;16.3</td>
		</tr>
	</tbody>
</table>

<p>&nbsp;</p>
","","no","no","in_stock","24/11/2016 14:10:36","28/11/2016 16:25:33","kit",""
"3493755",,"0","599","active","ro","D1278","Placute frana","placute-frana-smd1278","Placute frana","placute frana","","<table border=""0"" cellpadding=""1"" cellspacing=""1"" style=""width:500px"">
	<tbody>
		<tr>
			<th scope=""row"">Parte montare</th>
			<td>&nbsp;fata</td>
		</tr>
		<tr>
			<th scope=""row"">Latime 1/Latime 2[mm]</th>
			<td>&nbsp;234.2/235.5</td>
		</tr>
		<tr>
			<th scope=""row"">Inaltime [mm]</th>
			<td>&nbsp;62.8</td>
		</tr>
		<tr>
			<th scope=""row"">Grosime 1/Grosime 2[mm]</th>
			<td>&nbsp;19.0/18.7</td>
		</tr>
	</tbody>
</table>

<p>&nbsp;</p>
","","no","no","in_stock","24/11/2016 15:13:41","29/11/2016 14:17:56","kit",""
"3493777",,"0","599","active","ro","D1055","Placute frana","placute-frana-centric-d1055","Placute frana","Placute frana","Placute frana","<table border=""0"" cellpadding=""1"" cellspacing=""1"" style=""width:500px"">
	<tbody>
		<tr>
			<th scope=""row"">Parte montare</th>
			<td>&nbsp;spate</td>
		</tr>
		<tr>
			<th scope=""row"">Latime [mm]</th>
			<td>&nbsp;146</td>
		</tr>
		<tr>
			<th scope=""row"">Inaltime [mm]</th>
			<td>&nbsp;54.7</td>
		</tr>
		<tr>
			<th scope=""row"">Grosime [mm]</th>
			<td>&nbsp;17</td>
		</tr>
	</tbody>
</table>

<p>&nbsp;</p>
","","no","no","in_stock","28/11/2016 15:35:12","28/11/2016 15:37:42","newOEM",""
"3493757",,"0","600","active","ro","D1275","Placute frana ","placute-frana-newtek-d1275","Placute frana ","Placute frana ","Placute frana ","<table border=""0"" cellpadding=""1"" cellspacing=""1"" style=""width:500px"">
	<tbody>
		<tr>
			<th scope=""row"">Parte montare</th>
			<td>&nbsp;&nbsp; spate</td>
		</tr>
		<tr>
			<th scope=""row"">Lungime</th>
			<td>&nbsp;&nbsp;&nbsp; 114.9</td>
		</tr>
		<tr>
			<th scope=""row"">Latime</th>
			<td>&nbsp;&nbsp;&nbsp; 45.9</td>
		</tr>
		<tr>
			<th scope=""row"">Grosime</th>
			<td>&nbsp;&nbsp;&nbsp; 15.8</td>
		</tr>
	</tbody>
</table>

<table border=""0"" cellpadding=""1"" cellspacing=""1"" style=""width:500px"">
	<tbody>
	</tbody>
</table>
","Placute frana ","no","no","in_stock","24/11/2016 15:50:42","28/11/2016 16:30:58","newOEM",""
"3493759",,"0","599","active","ro","D1092","Placute frana","placute-frana-smd1092","Placute frana","placute frana","","<table border=""0"" cellpadding=""1"" cellspacing=""1"" style=""width:500px"">
	<tbody>
		<tr>
			<th scope=""row"">Parte montare</th>
			<td>&nbsp;fata</td>
		</tr>
		<tr>
			<th scope=""row"">Latime [mm]</th>
			<td>&nbsp;184.2</td>
		</tr>
		<tr>
			<th scope=""row"">Inaltime 1/Inaltime 2[mm]</th>
			<td>&nbsp;64/60</td>
		</tr>
		<tr>
			<th scope=""row"">Grosime [mm]</th>
			<td>&nbsp;18</td>
		</tr>
	</tbody>
</table>

<p>&nbsp;</p>
","","","","in_stock","24/11/2016 16:11:44","28/11/2016 16:56:28","kit",""
"3493760",,"0","600","active","ro","D667","Placute frana","placute-frana-smd667","Placute frana","Placute frana","","<table border=""0"" cellpadding=""1"" cellspacing=""1"" style=""width:500px"">
	<tbody>
		<tr>
			<th scope=""row"">Parte&nbsp; montare</th>
			<td>&nbsp;&nbsp;&nbsp; spate</td>
		</tr>
		<tr>
			<th scope=""row"">Lungime</th>
			<td>&nbsp;&nbsp; 140.5</td>
		</tr>
		<tr>
			<th scope=""row"">Latime</th>
			<td>&nbsp;&nbsp; 49.3</td>
		</tr>
		<tr>
			<th scope=""row"">Grosime</th>
			<td>&nbsp;&nbsp; 14.6</td>
		</tr>
	</tbody>
</table>

<p>&nbsp;</p>
","","","","in_stock","24/11/2016 16:12:28","28/11/2016 16:28:15","kit",""
"3493761",,"0","599","active","ro","D1020","Placute frana semi-metalice","placute-frana-semi-metalice-d1020","Placute frana","placute frana","","<table border=""0"" cellpadding=""1"" cellspacing=""1"" style=""width:500px"">
	<tbody>
		<tr>
			<th scope=""row"">Parte montare</th>
			<td>&nbsp;spate</td>
		</tr>
		<tr>
			<th scope=""row"">Latime [mm]</th>
			<td>&nbsp;122.7</td>
		</tr>
		<tr>
			<th scope=""row"">Inaltime [mm]</th>
			<td>&nbsp;45.2</td>
		</tr>
		<tr>
			<th scope=""row"">Grosime [mm]</th>
			<td>&nbsp;15.5</td>
		</tr>
	</tbody>
</table>

<p>&nbsp;</p>
","","","","in_stock","24/11/2016 16:37:48","28/11/2016 15:43:30","kit",""
"3493763",,"0","599","active","ro","D1019","Placute frana","placute-frana-smd1019","Placute frana","placute frana","","<table border=""0"" cellpadding=""1"" cellspacing=""1"" style=""width:500px"">
	<tbody>
		<tr>
			<th scope=""row"">Parte montare</th>
			<td>&nbsp;fata</td>
		</tr>
		<tr>
			<th scope=""row"">Latime [mm]</th>
			<td>&nbsp;180.6</td>
		</tr>
		<tr>
			<th scope=""row"">Inaltime [mm]</th>
			<td>&nbsp;59</td>
		</tr>
		<tr>
			<th scope=""row"">Grosime [mm]</th>
			<td>&nbsp;13.7</td>
		</tr>
	</tbody>
</table>

<p>&nbsp;</p>
","","","","in_stock","24/11/2016 17:12:59","28/11/2016 16:22:58","kit",""
"3493765",,"0","577","active","ro","38178","Rola intinzatoare ","rola-intinzatoare-38178","Rola intinzatoare ","Rola intinzatoare ","","<table border=""0"" cellpadding=""1"" cellspacing=""1"" style=""width:500px"">
	<tbody>
		<tr>
			<th scope=""row"">Diametru</th>
			<td>&nbsp;&nbsp;&nbsp; 70</td>
		</tr>
		<tr>
			<th scope=""row"">Latime</th>
			<td>&nbsp;&nbsp;&nbsp; 31</td>
		</tr>
	</tbody>
</table>

<p>&nbsp;</p>
","","","","in_stock","24/11/2016 18:04:36","24/11/2016 18:04:36","kit",""
"3493766",,"0","577","active","ro","12590963","Rola ghidare ","rola-ghidare-12590963","Rola ghidare ","Rola ghidare ","","<table border=""0"" cellpadding=""1"" cellspacing=""1"" style=""width:500px"">
	<tbody>
		<tr>
			<th scope=""row"">Diametru</th>
			<td>&nbsp;&nbsp; 70</td>
		</tr>
		<tr>
			<th scope=""row"">Latime</th>
			<td>&nbsp;&nbsp; 31</td>
		</tr>
	</tbody>
</table>

<p>&nbsp;</p>
","","","","in_stock","24/11/2016 18:21:55","24/11/2016 18:21:55","kit",""
"3493767",,"0","35","active","ro","KIT577BCK","Set curea transmisie cu caneluri ","set-curea-transmisie-cu-caneluri-kit577bck","Set curea transmisie cu caneluri ","Set curea transmisie cu caneluri ","","<table border=""0"" cellpadding=""1"" cellspacing=""1"" style=""width:500px"">
	<tbody>
		<tr>
			<th scope=""row"">Curea transmisie</th>
			<td>&nbsp;&nbsp; 5060915</td>
		</tr>
		<tr>
			<th scope=""row"">Rola intinzator</th>
			<td>&nbsp;&nbsp;&nbsp;&nbsp;&nbsp; 89269</td>
		</tr>
		<tr>
			<th scope=""row"">Rola ghidare</th>
			<td>&nbsp;&nbsp;&nbsp;&nbsp;&nbsp; 89058</td>
		</tr>
		<tr>
			<th scope=""row"">Termen&nbsp; de livrare</th>
			<td>&nbsp;&nbsp;&nbsp; 5-12 zile</td>
		</tr>
	</tbody>
</table>

<p>&nbsp;</p>
","","","","in_supplier_stock","24/11/2016 18:58:26","24/11/2016 18:58:26","kit",""
"3493768",,"0","418","active","ro","BD125079","Disc frana","disc-frana-bd125079","Disc frana","Disc frana","","<table border=""0"" cellpadding=""1"" cellspacing=""1"" style=""width:500px"">
	<tbody>
		<tr>
			<th scope=""row"">Parte montare</th>
			<td>&nbsp;&nbsp; spate</td>
		</tr>
		<tr>
			<th scope=""row"">Tip disc</th>
			<td>&nbsp;&nbsp;&nbsp; plin</td>
		</tr>
		<tr>
			<th scope=""row"">&nbsp;</th>
			<td>&nbsp;</td>
		</tr>
	</tbody>
</table>

<p>&nbsp;</p>
","","","","in_stock","24/11/2016 20:27:17","24/11/2016 20:49:26","kit",""
"3493769",,"0","418","active","ro","BD126583","Disc frana","disc-frana-bd126583","Disc frana","Disc frana","","<table border=""0"" cellpadding=""1"" cellspacing=""1"" style=""width:500px"">
	<tbody>
		<tr>
			<th scope=""row"">Parte montare</th>
			<td>&nbsp;&nbsp; fata +spate</td>
		</tr>
		<tr>
			<th scope=""row"">Diametru exterior</th>
			<td>&nbsp;&nbsp;&nbsp; 305 mm</td>
		</tr>
		<tr>
			<th scope=""row"">Tip disc</th>
			<td>&nbsp;&nbsp;&nbsp; ventilat</td>
		</tr>
	</tbody>
</table>

<p>&nbsp;</p>
","","","","in_stock","24/11/2016 21:23:46","24/11/2016 21:23:46","kit",""
"3493770",,"0","589","active","ro","19256702","Cupla intermediara coloana volan ","cupla-intermediara-coloana-volan-19256702","Cupla intermediara coloana volan ","Cupla intermediara coloana volan ","","<table border=""0"" cellpadding=""1"" cellspacing=""1"" style=""width:500px"">
	<tbody>
		<tr>
			<th scope=""row"">Parte montare</th>
			<td>&nbsp;&nbsp; coloana volan</td>
		</tr>
		<tr>
			<th scope=""row"">Produs</th>
			<td>&nbsp;&nbsp; origine</td>
		</tr>
		<tr>
			<th scope=""row"">Reper poza OE</th>
			<td>&nbsp;&nbsp; pozitia 23</td>
		</tr>
	</tbody>
</table>

<p>&nbsp;</p>
","","","","in_stock","25/11/2016 15:01:29","18/7/2019 10:27:46","kit",""
"3493771",,"0","589","active","ro","15856421","Suport diferential","suport-diferential-15856421","Suport diferential","Suport diferential","","<table border=""0"" cellpadding=""1"" cellspacing=""1"" style=""width:500px"">
	<tbody>
		<tr>
			<th scope=""row"">Produs</th>
			<td>&nbsp;&nbsp; origine</td>
		</tr>
		<tr>
			<th scope=""row"">Reper poza</th>
			<td>&nbsp; pozitia 15</td>
		</tr>
		<tr>
			<th scope=""row"">Parte montare</th>
			<td>&nbsp; dreapta</td>
		</tr>
	</tbody>
</table>

<p>&nbsp;</p>
","","","","in_stock","25/11/2016 15:18:32","21/6/2019 08:22:46","kit",""
"3493772",,"0","601","active","ro","025606310","Radiator racire ","radiator-racire-polcar-025606310","Radiator racire ","Radiator racire ","Radiator racire ","<table border=""0"" cellpadding=""1"" cellspacing=""1"" style=""width:500px"">
	<tbody>
		<tr>
			<th>Lungime [mm]</th>
			<td>557</td>
			<th>Latime [mm]</th>
			<td>380</td>
			<th>Ad&acirc;ncime (mm)</th>
			<td>27</td>
			<th>Tip cutie viteza</th>
			<td>cv. manuala</td>
			<th>Versiune</th>
			<td>produced by BEHR</td>
		</tr>
	</tbody>
</table>
","Radiator racire ","no","no","in_stock","25/11/2016 16:58:01","25/11/2016 17:22:15","newOEM",""
"3493773",,"0","602","active","ro","K80078","Set bucsa bara stabilizatoare","set-bucsa-bara-stabilizatoare-k80078","Set bucsa bara stabilizatoare","Set bucsa bara stabilizatoare","","<table border=""0"" cellpadding=""1"" cellspacing=""1"" style=""width:500px"">
	<tbody>
		<tr>
			<th scope=""row"">Diametru bara</th>
			<td>&nbsp;&nbsp; 33 mm</td>
		</tr>
		<tr>
			<th scope=""row"">Latime</th>
			<td>&nbsp;&nbsp; 41 mm</td>
		</tr>
	</tbody>
</table>

<p>&nbsp;</p>
","","","","in_stock","25/11/2016 17:42:39","25/11/2016 17:42:39","kit",""
"3494540",,"2","582","active","ro","8346","ProLine PREMIUM Spray Degripant & Deruginol; 400mL","proline-premium-spray-degripant-deruginol-400ml-8346","ProLine PREMIUM Spray Degripant & Deruginol","ProLine PREMIUM Spray Degripant & Deruginol","","<p>Spray profesional destinat celor mai incapatanate suruburi sau bolturi. Prin continutul de Molybdenum reduce volumul utilizat la 20% din cantitatea unui degripant normal.</p>

<p><strong>Beneficii:</strong></p>

<ul>
	<li>Descompune rugina aproape instant</li>
	<li>Formeaza&nbsp;pelicula&nbsp;anti-apa&nbsp;prevenind rugina ulterioara</li>
	<li>Se evapora&nbsp;dupa&nbsp;ce degripeaza&nbsp;in cca. 3 minute</li>
	<li>Ideal pentru orice utilizare de curatare a ruginei, lubrifiere locala si degripare a bolturilor</li>
	<li>Se foloseste cca. 75% mai putin decat alte produse similare&nbsp;pentru a obtine acelasi rezultat</li>
</ul>
","Spray profesional destinat celor mai incapatanate suruburi sau bolturi. Prin continutul de Molybdenum reduce volumul utilizat la 20% din cantitatea unui degripant normal.","no","no","in_stock","14/5/2019 10:28:41","14/5/2019 10:29:55","",""
"3493800",,"1","582","active","ro","7878","5W-30 PROTECTION PLUS FE; 1.89L / 0.5 Gal","protection-plus-fe-189l-05-gal-7878","PROTECTION PLUS FE","PROTECTION PLUS FE","","<p><strong>Acest ulei este recomandat atat pentru motoarele pe benzina cat si turbo diesel fara DPF, care necesita vascozitate 5W-30, precum Ford, GM, Opel si altele.</strong></p>

<p><strong>Specificatii</strong><br />
&nbsp;</p>

<table border=""1"" cellpadding=""1"" cellspacing=""1"" style=""width:500px"">
	<tbody>
		<tr>
			<td>
			<p>&nbsp;API SN/CF/CD</p>

			<p>&nbsp;ACEA A3/B3/B4-08</p>

			<p>OPEL/GM 4718M &amp; 6094M</p>

			<p>Honda/Acura HTO-06</p>

			<p>Chrysler MS6395</p>

			<p>Ford WSS-M2C945-A/946-A / WSS-M2C913</p>
			</td>
		</tr>
	</tbody>
</table>

<p>Uleiul&nbsp;de motor Triax PROTECTION PLUS FE este fabricat in SUA.</p>
","Ulei de motor Triax PROTECTION PLUS FE, 1.89L","yes","","in_stock","6/12/2016 13:17:32","4/1/2017 14:46:21","",""
"3493776",,"1","404","inactive","ro","4868","EUROPEAN CAR FORMULA (4.73L)","european-car-formula-473l-4868","Ulei de motor  ","Ulei de motor  ","","<p>Mobil 1&nbsp;EUROPEAN CAR FORMULA 0W-40, bidon de 5Qt, este un lubrifiant produs in Statele Unite ale Americii, destinate masinilor produse in Europa.</p>

<p><strong>Mobil 1 European Car Formula 0W-40</strong> este un ulei creat prin combinarea unor uleiuri performante de baza cu aditivi moderni. Datorita vascozitatii sale, acesta depaseste orice nivel de <strong>protectie a motorului</strong>&nbsp;oferita de predecesorii sai. Ofera protectie sporita<strong> impotriva uzurii</strong> in orice conditie, <strong>indiferent de temperatura</strong>.</p>

<p><strong>Formula</strong> acestui lubrifiant permite pastrarea unui <strong>motor curat</strong> prin <strong>reducerea la minim</strong> a depunerilor de praf sau murdarie, frecvent intalnite in conditii de temperatura ridicata.&nbsp;</p>

<p><strong>Proprietati</strong></p>

<p>-contine agenti activi de curatare a motorului</p>

<p>-durata de viata mai mare ce permite un interval de schimb mai indelungat</p>

<p>-consum redus de ulei si de carburant</p>

<p>-performante imbunatatie la pornirea la rece</p>

<p>-lubrifiere optima indiferent de conditii</p>

<p><strong>Aprobari</strong></p>

<table border=""1"" cellpadding=""1"" cellspacing=""1"" style=""width:500px"">
	<tbody>
		<tr>
			<td>API SN/SM/SL/SJ/CF<br />
			ACEA A3/B3/A3/B4<br />
			Nissan GT-R<br />
			MB 229.3/229.5&nbsp;<br />
			BMW LONGLIFE01&nbsp;<br />
			VW 502.00/505.00&nbsp;<br />
			PORSCHE A40<br />
			OPEL Long Life GM-LL-A-025&nbsp;<br />
			OPEL Diesel GM-LL-B-025&nbsp;<br />
			FIAT 9.55535 - M2/&nbsp;9.55535 - N2/&nbsp;9.55535 - Z2</td>
		</tr>
	</tbody>
</table>

<p><br />
<strong>Specificatii</strong></p>

<table border=""1"" cellpadding=""1"" cellspacing=""1"" style=""width:500px"">
	<tbody>
		<tr>
			<td>Clasa de vascozitate</td>
			<td>0W-40</td>
		</tr>
		<tr>
			<td>Vascozitate la 40&ordm;C</td>
			<td>75&nbsp;ASTM D445</td>
		</tr>
		<tr>
			<td>Vascozitate la 100&ordm;C</td>
			<td>13.5&nbsp;ASTM D445</td>
		</tr>
		<tr>
			<td>Index de vascozitate</td>
			<td>185&nbsp;ASTM D445</td>
		</tr>
		<tr>
			<td>High temperature/ High shear temperature</td>
			<td>3.8&nbsp;ASTM D4683</td>
		</tr>
		<tr>
			<td>Base number</td>
			<td>11.8&nbsp;ASTM D2896</td>
		</tr>
		<tr>
			<td>Punct de aprindere</td>
			<td>230&ordm;</td>
		</tr>
	</tbody>
</table>

<p>&nbsp;</p>

<p><strong>Mobil 1 European Car Formula 0W-40 este fabricat in SUA.</strong></p>
","Mobil 1 EUROPEAN CAR FORMULA 0W-40, bidon de 5Qt","yes","","not_in_stock","28/11/2016 15:13:52","21/12/2017 21:26:50","",""
"3493778",,"0","599","active","ro","D1020","Placute frana ceramice","placute-frana-ceramice-d1020","Placute frana","placute frana","","<table border=""0"" cellpadding=""1"" cellspacing=""1"" style=""width:500px"">
	<tbody>
		<tr>
			<th scope=""row"">Parte montare</th>
			<td>&nbsp;spate</td>
		</tr>
		<tr>
			<th scope=""row"">Latime [mm]</th>
			<td>&nbsp;122.7</td>
		</tr>
		<tr>
			<th scope=""row"">Inaltime [mm]</th>
			<td>&nbsp;45.2</td>
		</tr>
		<tr>
			<th scope=""row"">Grosime [mm]</th>
			<td>&nbsp;15.5</td>
		</tr>
	</tbody>
</table>

<p>&nbsp;</p>
","","","","in_stock","28/11/2016 16:14:54","28/11/2016 16:14:54","kit",""
"3493779",,"0","39","active","ro","D1084","Placute frana","placute-frana-d1084","Placute frana","placute frana","","<table border=""0"" cellpadding=""1"" cellspacing=""1"" style=""width:500px"">
	<tbody>
		<tr>
			<th scope=""row"">Parte montare [mm]</th>
			<td>&nbsp;fata</td>
		</tr>
		<tr>
			<th scope=""row"">Latime [mm]</th>
			<td>&nbsp;177.8</td>
		</tr>
		<tr>
			<th scope=""row"">Inaltime [mm]</th>
			<td>&nbsp;60.9</td>
		</tr>
		<tr>
			<th scope=""row"">Grosime [mm]</th>
			<td>&nbsp;17.7</td>
		</tr>
	</tbody>
</table>

<p>&nbsp;</p>
","","no","no","in_stock","28/11/2016 16:42:20","28/11/2016 16:42:20","kit",""
"3493780",,"0","599","active","ro","D1011","Placute frana","placute-frana-d1011","Placute frana","placute frana","","<table border=""0"" cellpadding=""1"" cellspacing=""1"" style=""width:500px"">
	<tbody>
		<tr>
			<th scope=""row"">Parte montare</th>
			<td>&nbsp;fata</td>
		</tr>
		<tr>
			<th scope=""row"">Latime [mm]</th>
			<td>&nbsp;176</td>
		</tr>
		<tr>
			<th scope=""row"">Inaltime [mm]</th>
			<td>&nbsp;58.8</td>
		</tr>
		<tr>
			<th scope=""row"">Grosime [mm]</th>
			<td>&nbsp;20.0</td>
		</tr>
	</tbody>
</table>

<p>&nbsp;</p>
","","","","in_stock","28/11/2016 16:53:49","28/11/2016 16:53:49","kit",""
"3493781",,"0","599","active","ro","D1264","Placute frana","placute-frana-d1264","Placute frana","placute frana","","<table border=""0"" cellpadding=""1"" cellspacing=""1"" style=""width:500px"">
	<tbody>
		<tr>
			<th scope=""row"">Parte montare [mm]</th>
			<td>&nbsp;fata</td>
		</tr>
		<tr>
			<th scope=""row"">Latime [mm]</th>
			<td>&nbsp;149.1</td>
		</tr>
		<tr>
			<th scope=""row"">Inaltime [mm]</th>
			<td>&nbsp;62.1</td>
		</tr>
		<tr>
			<th scope=""row"">Grosime [mm]</th>
			<td>&nbsp;16.5</td>
		</tr>
	</tbody>
</table>

<p>&nbsp;</p>
","","","","in_stock","28/11/2016 17:04:55","28/11/2016 17:04:55","kit",""
"3493782",,"0","599","active","ro","D921","Placute frana","placute-frana-d921","Placute frana","placute frana","","<table border=""0"" cellpadding=""1"" cellspacing=""1"" style=""width:500px"">
	<tbody>
		<tr>
			<th scope=""row"">Parte montare</th>
			<td>&nbsp;fata</td>
		</tr>
		<tr>
			<th scope=""row"">Latime [mm]</th>
			<td>&nbsp;182.4</td>
		</tr>
		<tr>
			<th scope=""row"">Inaltime [mm]</th>
			<td>&nbsp;56.7</td>
		</tr>
		<tr>
			<th scope=""row"">Grosime [mm]</th>
			<td>&nbsp;14.1</td>
		</tr>
	</tbody>
</table>

<p>&nbsp;</p>
","","","","in_stock","28/11/2016 17:17:50","28/11/2016 17:17:50","kit",""
"3493783",,"0","599","active","ro","D652","Placute frana","placute-frana-d652","Placute frana","placute frana","","<table border=""0"" cellpadding=""1"" cellspacing=""1"" style=""width:500px"">
	<tbody>
		<tr>
			<th scope=""row"">Parte montare</th>
			<td>&nbsp;fata</td>
		</tr>
		<tr>
			<th scope=""row"">Latime [mm]</th>
			<td>&nbsp;154</td>
		</tr>
		<tr>
			<th scope=""row"">Inaltime [mm]</th>
			<td>&nbsp;56.1</td>
		</tr>
		<tr>
			<th scope=""row"">Grosime [mm]</th>
			<td>&nbsp;16.5</td>
		</tr>
	</tbody>
</table>

<p>&nbsp;</p>
","","","","in_stock","28/11/2016 17:37:11","28/11/2016 17:37:11","kit",""
"3493784",,"0","600","active","ro","SMD1047","Placute frana","placute-frana-smd1047","Placute frana","Placute frana","","<table border=""0"" cellpadding=""1"" cellspacing=""1"" style=""width:500px"">
	<tbody>
		<tr>
			<th scope=""row"">Parte montare</th>
			<td>&nbsp;&nbsp;&nbsp;&nbsp; punte fata</td>
		</tr>
		<tr>
			<th scope=""row"">Lungime</th>
			<td>&nbsp;&nbsp;&nbsp;&nbsp; 172.5 mm</td>
		</tr>
		<tr>
			<th scope=""row"">Latime</th>
			<td>&nbsp;&nbsp;&nbsp;&nbsp;&nbsp;&nbsp; 67.5 mm</td>
		</tr>
		<tr>
			<th scope=""row"">Grosime</th>
			<td>&nbsp;&nbsp;&nbsp;&nbsp;&nbsp;&nbsp; 15.8 mm</td>
		</tr>
	</tbody>
</table>

<p>&nbsp;</p>
","","","","in_stock","28/11/2016 19:54:28","28/11/2016 20:14:32","kit",""
"3493785",,"0","599","active","ro","D1169","Placute frana ","placute-frana-centric-d1169","Placute frana","placute frana","","<table border=""0"" cellpadding=""1"" cellspacing=""1"" style=""width:500px"">
	<tbody>
		<tr>
			<th scope=""row"">Parte montare</th>
			<td>&nbsp;fata</td>
		</tr>
		<tr>
			<th scope=""row"">Latime [mm]</th>
			<td>&nbsp;178.3</td>
		</tr>
		<tr>
			<th scope=""row"">Inaltime [mm]</th>
			<td>&nbsp;58.3</td>
		</tr>
		<tr>
			<th scope=""row"">Grosime [mm]</th>
			<td>&nbsp;17.8</td>
		</tr>
	</tbody>
</table>

<p>&nbsp;</p>
","","","","in_stock","29/11/2016 13:55:21","13/6/2017 15:34:44","kit",""
"3493786",,"0","599","active","ro","D1331","Placute frana","placute-frana-d1331","Placute frana","placute frana","","<table border=""0"" cellpadding=""1"" cellspacing=""1"" style=""width:500px"">
	<tbody>
		<tr>
			<th scope=""row"">Parte montare</th>
			<td>&nbsp;fata</td>
		</tr>
		<tr>
			<th scope=""row"">Latime [mm]</th>
			<td>&nbsp;162.1</td>
		</tr>
		<tr>
			<th scope=""row"">Inaltime [mm]</th>
			<td>&nbsp;69.7</td>
		</tr>
		<tr>
			<th scope=""row"">Grosime [mm]</th>
			<td>&nbsp;16.3</td>
		</tr>
	</tbody>
</table>

<p>&nbsp;</p>
","","","","in_stock","29/11/2016 14:12:59","29/11/2016 14:12:59","kit",""
"3493787",,"0","599","active","ro","D1279","Placute frana","placute-frana-d1279","Placute frana","","","<table border=""0"" cellpadding=""1"" cellspacing=""1"" style=""width:500px"">
	<tbody>
		<tr>
			<th scope=""row"">Parte montare</th>
			<td>&nbsp;spate</td>
		</tr>
		<tr>
			<th scope=""row"">Latime [mm]</th>
			<td>&nbsp;166.1</td>
		</tr>
		<tr>
			<th scope=""row"">Inaltime 1/ Inaltime 2 [mm]</th>
			<td>&nbsp;60.0/53.3</td>
		</tr>
		<tr>
			<th scope=""row"">Grosime 1/ Grosime 2 [mm]</th>
			<td>&nbsp;21.0/19.9</td>
		</tr>
	</tbody>
</table>

<p>&nbsp;</p>
","","","","in_stock","29/11/2016 14:25:10","29/11/2016 14:25:10","kit",""
"3493788",,"0","39","active","ro","D1083","Placute frana","placute-frana-d1083","Placute frana","placute frana","","<table border=""0"" cellpadding=""1"" cellspacing=""1"" style=""width:500px"">
	<tbody>
		<tr>
			<th scope=""row"">Parte montare</th>
			<td>&nbsp;fata</td>
		</tr>
		<tr>
			<th scope=""row"">Latime [mm]</th>
			<td>&nbsp;248.92</td>
		</tr>
		<tr>
			<th scope=""row"">Inaltime [mm]</th>
			<td>&nbsp;165.1</td>
		</tr>
		<tr>
			<th scope=""row"">Grosime [mm]</th>
			<td>&nbsp;63.5</td>
		</tr>
	</tbody>
</table>

<p>&nbsp;</p>
","","","","in_stock","29/11/2016 14:36:57","29/11/2016 14:36:57","kit",""
"3493789",,"0","599","active","ro","D1414","Placute frana","placute-frana-d1414","Placute frana","placute frana","","<table border=""0"" cellpadding=""1"" cellspacing=""1"" style=""width:500px"">
	<tbody>
		<tr>
			<th scope=""row"">Parte montare</th>
			<td>&nbsp;fata</td>
		</tr>
		<tr>
			<th scope=""row"">Latime [mm]</th>
			<td>&nbsp;194.3</td>
		</tr>
		<tr>
			<th scope=""row"">Inaltime 1/ Inaltime 2 [mm]</th>
			<td>&nbsp;69.4/67.8</td>
		</tr>
		<tr>
			<th scope=""row"">Grosime [mm]</th>
			<td>&nbsp;18.1</td>
		</tr>
	</tbody>
</table>

<p>&nbsp;</p>
","","","","in_stock","29/11/2016 14:56:59","29/11/2016 15:17:25","kit",""
"3493790",,"0","599","active","ro","D702","Placute frana","placute-frana-d702","Placute frana","placute frana","","<table border=""0"" cellpadding=""1"" cellspacing=""1"" style=""width:500px"">
	<tbody>
		<tr>
			<th scope=""row"">Parte montare</th>
			<td>&nbsp;fata</td>
		</tr>
		<tr>
			<th scope=""row"">Latime [mm]</th>
			<td>&nbsp;188.7</td>
		</tr>
		<tr>
			<th scope=""row"">Inaltime [mm]</th>
			<td>&nbsp;55.1</td>
		</tr>
		<tr>
			<th scope=""row"">Grosime [mm]</th>
			<td>&nbsp;16.5</td>
		</tr>
	</tbody>
</table>

<p>&nbsp;</p>
","","","","in_stock","29/11/2016 15:37:41","29/11/2016 15:37:41","kit",""
"3493791",,"0","599","active","ro","D759","Placute frana","placute-frana-d759","Placute frana","placute frana","","<table border=""0"" cellpadding=""1"" cellspacing=""1"" style=""width:500px"">
	<tbody>
		<tr>
			<th scope=""row"">Parte montare</th>
			<td>&nbsp;spate</td>
		</tr>
		<tr>
			<th scope=""row"">Latime [mm]</th>
			<td>&nbsp;142.7</td>
		</tr>
		<tr>
			<th scope=""row"">Inaltime [mm]</th>
			<td>&nbsp;47.0</td>
		</tr>
		<tr>
			<th scope=""row"">Grosime [mm]</th>
			<td>&nbsp;15.7</td>
		</tr>
	</tbody>
</table>

<p>&nbsp;</p>
","","","","in_stock","29/11/2016 15:52:23","29/11/2016 16:12:57","kit",""
"3493792",,"0","599","active","ro","D753","Placute frana semi-metalice","placute-frana-semi-metalice-d753","Placute frana","placute frana","","<table border=""0"" cellpadding=""1"" cellspacing=""1"" style=""width:500px"">
	<tbody>
		<tr>
			<th scope=""row"">Parte montare</th>
			<td>&nbsp;fata</td>
		</tr>
		<tr>
			<th scope=""row"">Latime [mm]</th>
			<td>&nbsp;148</td>
		</tr>
		<tr>
			<th scope=""row"">Inaltime [mm]</th>
			<td>&nbsp;61.5</td>
		</tr>
		<tr>
			<th scope=""row"">Grosime [mm]</th>
			<td>&nbsp;17.0</td>
		</tr>
	</tbody>
</table>

<p>&nbsp;</p>
","","","","in_stock","29/11/2016 16:20:54","29/11/2016 16:20:54","kit",""
"3493793",,"0","599","active","ro","D753","Placute frana ceramice","placute-frana-ceramice-d753","Placute frana","placute frana","","<table border=""0"" cellpadding=""1"" cellspacing=""1"" style=""width:500px"">
	<tbody>
		<tr>
			<th scope=""row"">Parte montare</th>
			<td>&nbsp;fata</td>
		</tr>
		<tr>
			<th scope=""row"">Latime [mm]</th>
			<td>&nbsp;148</td>
		</tr>
		<tr>
			<th scope=""row"">Inaltime [mm]</th>
			<td>&nbsp;61.5</td>
		</tr>
		<tr>
			<th scope=""row"">Grosime [mm]</th>
			<td>&nbsp;17</td>
		</tr>
	</tbody>
</table>

<p>&nbsp;</p>
","","","","in_stock","29/11/2016 16:25:38","29/11/2016 16:25:38","kit",""
"3493794",,"0","599","active","ro","D655","Placute frana","placute-frana-d655","Placute frana","placute frana","","<table border=""0"" cellpadding=""1"" cellspacing=""1"" style=""width:500px"">
	<tbody>
		<tr>
			<th scope=""row"">Parte montare</th>
			<td>&nbsp;fata</td>
		</tr>
		<tr>
			<th scope=""row"">Latime [mm]</th>
			<td>&nbsp;220.2</td>
		</tr>
		<tr>
			<th scope=""row"">Grosime [mm]</th>
			<td>&nbsp;18.7</td>
		</tr>
	</tbody>
</table>

<p>&nbsp;</p>
","","","","in_stock","29/11/2016 16:59:57","29/11/2016 16:59:57","kit",""
"3493795",,"0","599","active","ro","D1069","Placute frana","placute-frana-d1069","Placute frana","placute frana","","<table border=""0"" cellpadding=""1"" cellspacing=""1"" style=""width:500px"">
	<tbody>
		<tr>
			<th scope=""row"">Parte montare</th>
			<td>&nbsp;fata</td>
		</tr>
		<tr>
			<th scope=""row"">Latime [mm]</th>
			<td>&nbsp;177.3</td>
		</tr>
		<tr>
			<th scope=""row"">Inaltime [mm]</th>
			<td>&nbsp;63.3</td>
		</tr>
		<tr>
			<th scope=""row"">Grosime [mm]</th>
			<td>&nbsp;20.6</td>
		</tr>
	</tbody>
</table>

<p>&nbsp;</p>
","","","","in_stock","29/11/2016 17:34:38","29/11/2016 17:34:38","kit",""
"3493796",,"0","599","active","ro","D726","Placute frana","placute-frana-d726","Placute frana","Placute frana","","<table border=""0"" cellpadding=""1"" cellspacing=""1"" style=""width:500px"">
	<tbody>
		<tr>
			<th scope=""row"">Parte montare</th>
			<td>&nbsp;fata</td>
		</tr>
		<tr>
			<th scope=""row"">Latime [mm]</th>
			<td>&nbsp;166.6</td>
		</tr>
		<tr>
			<th scope=""row"">Inaltime [mm]</th>
			<td>&nbsp;60.9</td>
		</tr>
		<tr>
			<th scope=""row"">Grosime [mm]</th>
			<td>&nbsp;15.3</td>
		</tr>
	</tbody>
</table>

<p>&nbsp;</p>
","","","","in_stock","29/11/2016 17:47:17","29/11/2016 17:47:17","kit",""
"3493799",,"0","599","active","ro","10311940","Placute frana","placute-frana-centric-d1194","Placute frana","Placute frana","","<table border=""0"" cellpadding=""1"" cellspacing=""1"" style=""width:500px"">
	<tbody>
		<tr>
			<th scope=""row"">Parte montare</th>
			<td>&nbsp;spate</td>
		</tr>
		<tr>
			<th scope=""row"">Latime [mm]</th>
			<td>&nbsp;142.7</td>
		</tr>
		<tr>
			<th scope=""row"">Inaltime [mm]</th>
			<td>&nbsp;45.3</td>
		</tr>
		<tr>
			<th scope=""row"">Grosime [mm]</th>
			<td>&nbsp;16.9</td>
		</tr>
	</tbody>
</table>

<p>&nbsp;</p>
","","","","in_stock","29/11/2016 18:08:58","19/6/2017 16:29:46","kit",""
"3493814",,"1","582","active","ro","4551","FLEET ULTRA SHD 10W40 18.9L  ","fleet-ultra-shd-10w40-189l-4551","TRIAX FLEET ULTRA SHD 10W40 18.9L  ","ulei de motor ; ulei ; lubrifiere; ungere","TRIAX FLEET ULTRA SHD 10W40 18.9L  ","<p>TRIAX Fleet Plus 10W-40 SHD - 16 TBN Euro IV este ulei de motor ultra aditivat pentru motoare Euro IV, III, II care au uzura si nu au nevoie de protectie pentru fitru de particule sau alte dispozitive de control al emisiilor.</p>

<p><strong>Specificatii:</strong> API CI-4, CF, CD, ACEA E5, E3, B3 Heavy duty, Volvo VDS-4, MB 228.3, Mercedes Benz</p>

<p>&nbsp;</p>
","API CI-4, CF, CD, ACEA E5, E3, B3 Heavy duty, Volvo VDS-4, MB 228.3, Mercedes Benz","yes","","in_supplier_stock","7/12/2016 14:19:09","14/5/2019 11:50:38","",""
"3493815",,"0","599","active","ro","d931","Placute frana","placute-frana-d931","Placute frana","placute frana","","<table border=""0"" cellpadding=""1"" cellspacing=""1"" style=""width:500px"">
	<tbody>
		<tr>
			<th scope=""row"">Parte montare</th>
			<td>&nbsp;fata</td>
		</tr>
		<tr>
			<th scope=""row"">Latime [mm]</th>
			<td>&nbsp;185.2</td>
		</tr>
		<tr>
			<th scope=""row"">Inaltime [mm]</th>
			<td>&nbsp;61.6</td>
		</tr>
		<tr>
			<th scope=""row"">Grosime [mm]</th>
			<td>&nbsp;16.5</td>
		</tr>
	</tbody>
</table>

<p>&nbsp;</p>
","","","","in_stock","7/12/2016 14:21:14","7/12/2016 14:21:14","kit",""
"3493803",,"0","121","active","ro","24877","Filtru polen ","filtru-polen-wix-filters-24877","Filtru polen ","Filtru polen ","Filtru polen ","<table border=""0"" cellpadding=""1"" cellspacing=""1"" style=""width:500px"">
	<tbody>
		<tr>
			<th>Lungime [mm]</th>
			<td>224</td>
			<th>Latime [mm]</th>
			<td>198</td>
			<th>&Icirc;naltime [mm]</th>
			<td>30</td>
		</tr>
	</tbody>
</table>
","Filtru polen ","no","no","in_stock","6/12/2016 17:03:44","6/12/2016 17:06:33","newOEM",""
"3493804",,"0","121","active","ro","33031","Filtru combustibil","filtru-combustibil-wix-filters-33031","Filtru combustibil","Filtru combustibil","Filtru combustibil","<p>&nbsp;</p>

<table border=""0"" cellpadding=""1"" cellspacing=""1"" style=""width:500px"">
	<tbody>
		<tr>
			<th scope=""row"">Inaltime</th>
			<td>&nbsp;&nbsp;&nbsp; 97</td>
		</tr>
		<tr>
			<th scope=""row"">Diametru exterior</th>
			<td>&nbsp;&nbsp;&nbsp; 44</td>
		</tr>
		<tr>
			<th scope=""row"">In/Out</th>
			<td>&nbsp;&nbsp; 1/4</td>
		</tr>
	</tbody>
</table>

<p>&nbsp;</p>
","","no","no","in_stock","6/12/2016 19:26:43","6/12/2016 20:26:11","newOEM",""
"3493805",,"0","121","active","ro","33161","Filtru combustibil","filtru-combustibil-wix-filters-33161","Filtru combustibil","Filtru combustibil","Filtru combustibil","<table border=""0"" cellpadding=""1"" cellspacing=""1"" style=""width:500px"">
	<tbody>
		<tr>
			<th>Diametru exterior [mm]</th>
			<td>68</td>
			<th>Diametru admisie [mm]</th>
			<td>9</td>
			<th>Diametru evacuare [mm]</th>
			<td>9</td>
			<th>&Icirc;naltime [mm]</th>
			<td>172</td>
		</tr>
	</tbody>
</table>
","","no","no","in_stock","6/12/2016 19:27:25","6/12/2016 20:28:34","newOEM",""
"3493806",,"0","121","active","ro","33179","Filtru combustibil","filtru-combustibil-wix-filters-33179","Filtru combustibil","Filtru combustibil","Filtru combustibil","<table border=""0"" cellpadding=""1"" cellspacing=""1"" style=""width:500px"">
	<tbody>
		<tr>
			<th>Preparare combustibil</th>
			<td>injectie benzina</td>
			<th>Diametru [mm]</th>
			<td>81</td>
			<th>Diametru 1 [mm]</th>
			<td>75</td>
			<th>Diametru 2 [mm]</th>
			<td>8</td>
			<th>Diametru 3 [mm]</th>
			<td>8</td>
			<th>&Icirc;naltime [mm]</th>
			<td>159</td>
			<th>&Icirc;naltime 1 [mm]</th>
			<td>110</td>
			<th>Diametru admisie [mm]</th>
			<td>8</td>
			<th>Diametru evacuare [mm]</th>
			<td>8</td>
		</tr>
	</tbody>
</table>
","","no","no","in_stock","6/12/2016 19:28:02","6/12/2016 20:30:46","newOEM",""
"3493807",,"0","121","active","ro","33228","Filtru combustibil","filtru-combustibil-wix-filters-33228","Filtru combustibil","Filtru combustibil","Filtru combustibil","<table border=""0"" cellpadding=""1"" cellspacing=""1"" style=""width:500px"">
	<tbody>
		<tr>
			<th>Diametru exterior [mm]</th>
			<td>55</td>
			<th>Diametru admisie [mm]</th>
			<td>8</td>
			<th>Diametru evacuare [mm]</th>
			<td>8</td>
			<th>&Icirc;naltime [mm]</th>
			<td>300</td>
		</tr>
	</tbody>
</table>
","Filtru combustibil","no","no","in_stock","6/12/2016 19:28:22","7/2/2017 14:43:24","newOEM",""
"3493808",,"0","121","active","ro","33229","Filtru combustibil","filtru-combustibil-wix-filters-33229","Filtru combustibil","Filtru combustibil","Filtru combustibil","<table border=""0"" cellpadding=""1"" cellspacing=""1"" style=""width:500px"">
	<tbody>
		<tr>
			<th>Diametru exterior [mm]</th>
			<td>70</td>
			<th>Proportie filet intrare</th>
			<td>M 14 X 1.5</td>
			<th>Proportie filet iesire</th>
			<td>11</td>
			<th>&Icirc;naltime [mm]</th>
			<td>109</td>
		</tr>
	</tbody>
</table>
","Filtru combustibil","no","no","in_stock","6/12/2016 19:28:39","7/2/2017 14:42:31","newOEM",""
"3493809",,"0","121","active","ro","33521","Filtru combustibil","filtru-combustibil-wix-filters-33521","Filtru combustibil","Filtru combustibil","Filtru combustibil","<table border=""0"" cellpadding=""1"" cellspacing=""1"" style=""width:500px"">
	<tbody>
		<tr>
			<th>Diametru exterior [mm]</th>
			<td>75</td>
			<th>Diametru exterior 1 [mm]</th>
			<td>81</td>
			<th>Diametru admisie [mm]</th>
			<td>7,9</td>
			<th>Diametru evacuare [mm]</th>
			<td>7,9</td>
			<th>&Icirc;naltime [mm]</th>
			<td>174</td>
		</tr>
	</tbody>
</table>
","Filtru combustibil","no","no","in_stock","6/12/2016 19:28:54","6/12/2016 19:28:54","newOEM",""
"3493810",,"0","121","active","ro","33559","Filtru combustibil","filtru-combustibil-wix-filters-33559","Filtru combustibil","Filtru combustibil","Filtru combustibil","<table border=""0"" cellpadding=""1"" cellspacing=""1"" style=""width:500px""><tbody><tr><th>Diametru exterior [mm]</th><td>61</td><th>Diametru exterior 1 [mm]</th><td>76</td><th>Proportie filet intrare</th><td>M 14 X 1.5</td><th>Proportie filet iesire</th><td>M 12 X 1.25</td><th>Înaltime [mm]</th><td>102</td></tr></tbody></table>","Filtru combustibil","no","no","in_stock","6/12/2016 19:29:17","6/12/2016 19:29:17","newOEM",""
"3493811",,"0","593","active","ro","GK6693","Articulatie rotula inferioara ","articulatie-rotula-inferioara-mevotech-gk6693","Articulatie rotula inferioara ","Articulatie rotula inferioara ","Articulatie rotula inferioara ","<table border=""0"" cellpadding=""1"" cellspacing=""1"" style=""width:500px""><tbody><tr><th>Partea de montare</th><td>partea de jos</td><th>Partea de montare</th><td>Axa fata ambele parti</td></tr></tbody></table>","Articulatie rotula inferioara ","no","no","in_stock","7/12/2016 13:52:46","7/12/2016 13:52:46","newOEM",""
"3493812",,"0","593","active","ro","GK6696","Articulatie rotula superioara","articulatie-rotula-superioara-mevotech-gk6696","Articulatie rotula superioara","Articulatie rotula superioara","Articulatie rotula superioara","<table border=""0"" cellpadding=""1"" cellspacing=""1"" style=""width:500px""><tbody><tr><th>Partea de montare</th><td>deasupra</td><th>Partea de montare</th><td>Axa fata ambele parti</td></tr></tbody></table>","Articulatie rotula superioara","no","no","in_stock","7/12/2016 13:53:02","7/12/2016 13:53:02","newOEM",""
"3493813",,"0","599","active","ro","D922","Placute frana","placute-frana-d922","Placute frana","placute frana","","<table border=""0"" cellpadding=""1"" cellspacing=""1"" style=""width:500px"">
	<tbody>
		<tr>
			<th scope=""row"">Parte montare</th>
			<td>&nbsp;spate</td>
		</tr>
		<tr>
			<th scope=""row"">Latime [mm]</th>
			<td>&nbsp;122.6</td>
		</tr>
		<tr>
			<th scope=""row"">Inaltime [mm]</th>
			<td>&nbsp;38.3</td>
		</tr>
		<tr>
			<th scope=""row"">Grosime [mm]</th>
			<td>&nbsp;15.4</td>
		</tr>
	</tbody>
</table>

<p>&nbsp;</p>
","","","","in_stock","7/12/2016 14:08:31","7/12/2016 14:08:31","kit",""
"3493816",,"0","97","active","ro","k6693","Articulatie rotula inferioara ","articulatie-rotula-inferioara-k6693","Articulatie rotula inferioara ","suspensie;suspensie/directie/roti;articulatie sarcina ghidare ","","<table border=""0"" cellpadding=""1"" cellspacing=""1"" style=""width:500px"">
	<tbody>
		<tr>
			<th scope=""row"">Parte montare</th>
			<td>&nbsp;&nbsp; fata</td>
		</tr>
		<tr>
			<th scope=""row"">Parte montare</th>
			<td>&nbsp;&nbsp; inferior</td>
		</tr>
		<tr>
			<th scope=""row"">Parte montare</th>
			<td>&nbsp;ambele parti</td>
		</tr>
	</tbody>
</table>

<p>&nbsp;</p>
","","","","in_stock","8/12/2016 13:36:55","8/12/2016 13:41:32","kit",""
"3493817",,"0","97","active","ro","K6696","Articulatie sarcina/ghidare","articulatie-sarcinaghidare-k6696","Articulatie sarcina/ghidare","suspensie;suspensie/directie/roti;articulatie sarcina ghidare","","<table border=""0"" cellpadding=""1"" cellspacing=""1"" style=""width:500px"">
	<tbody>
		<tr>
			<th scope=""row"">Parte montare</th>
			<td>&nbsp;&nbsp; fata</td>
		</tr>
		<tr>
			<th scope=""row"">Parte montare</th>
			<td>&nbsp;&nbsp; superior</td>
		</tr>
		<tr>
			<th scope=""row"">Parte montare</th>
			<td>&nbsp;&nbsp; ambele parti</td>
		</tr>
	</tbody>
</table>

<p>&nbsp;</p>
","","","","in_stock","8/12/2016 19:05:58","8/12/2016 19:05:58","kit",""
"3493818",,"0","97","active","ro","ES3609","Cap de bara","cap-de-bara-es3609","Cap de bara","elemente directie, suspensie, directie ,","","<table border=""0"" cellpadding=""1"" cellspacing=""1"" style=""width:500px"">
	<tbody>
		<tr>
			<th scope=""row"">Parte montare</th>
			<td>&nbsp;&nbsp; axa fata</td>
		</tr>
		<tr>
			<th scope=""row"">Parte montare</th>
			<td>&nbsp;&nbsp; ambele parti</td>
		</tr>
	</tbody>
</table>

<p>&nbsp;</p>
","","","","in_stock","8/12/2016 20:23:51","8/12/2016 20:23:51","kit",""
"3493819",,"0","97","active","ro","ES3488","Bieleta directie","bieleta-directie-es3488","Bieleta directie","elemente directie, suspensie, directie ,","","<table border=""0"" cellpadding=""1"" cellspacing=""1"" style=""width:500px"">
	<tbody>
		<tr>
			<th scope=""row"">Parte montare</th>
			<td>&nbsp;&nbsp; axa fata/ ambele parti</td>
		</tr>
		<tr>
			<th scope=""row"">Dimensiune surub mm</th>
			<td>&nbsp;&nbsp;&nbsp; M14</td>
		</tr>
		<tr>
			<th scope=""row"">Tip fir</th>
			<td>&nbsp;&nbsp;&nbsp;&nbsp; external</td>
		</tr>
	</tbody>
</table>

<p>&nbsp;</p>
","","","","in_stock","8/12/2016 20:34:44","8/12/2016 20:34:44","kit",""
"3493915",,"0","579","active","ro","902-700","Termostat","termostat-902-700","TERMOSTAT","racire motor , termostat, carcasa , garnitura","","<table border=""0"" cellpadding=""1"" cellspacing=""1"" style=""width:500px"">
	<tbody>
		<tr>
			<th scope=""row"">Parte montare</th>
			<td>&nbsp; sistem racire motor</td>
		</tr>
		<tr>
			<th scope=""row"">Cod origine echivalent</th>
			<td>&nbsp; 12571261</td>
		</tr>
		<tr>
			<th scope=""row"">Made in</th>
			<td>&nbsp;&nbsp; China</td>
		</tr>
	</tbody>
</table>

<p>&nbsp;</p>
","","","","in_stock","25/1/2017 16:37:51","25/1/2017 16:37:51","kit",""
"3493916",,"0","579","active","ro","902700","Termostat","termostat-902700","Termostat","racire motor , termostat, carcasa , garnitura","","<table border=""0"" cellpadding=""1"" cellspacing=""1"" style=""width:500px"">
	<tbody>
		<tr>
			<th scope=""row"">Parte montare</th>
			<td>&nbsp;&nbsp; sistem racire motor</td>
		</tr>
		<tr>
			<th scope=""row"">Cod echivalent origine</th>
			<td>&nbsp;&nbsp; 12571261</td>
		</tr>
		<tr>
			<th scope=""row"">Made in&nbsp;</th>
			<td>&nbsp;&nbsp;&nbsp; China</td>
		</tr>
	</tbody>
</table>

<p>&nbsp;</p>
","","","","in_stock","25/1/2017 16:43:54","25/1/2017 16:43:54","kit",""
"3493821",,"0","97","active","ro","K6535","Brat semicaseta directie (Idler arm)","brat-semicaseta-directie-idler-arm-k6535","Brat semicaseta directie (Idler arm)","Caseta directie","","<table border=""0"" cellpadding=""1"" cellspacing=""1"" style=""width:500px"">
	<tbody>
		<tr>
			<th scope=""row"">Parte montare&nbsp;</th>
			<td>&nbsp;la caseta de directie</td>
		</tr>
		<tr>
			<th scope=""row"">Parte montare</th>
			<td>&nbsp; dreapta</td>
		</tr>
	</tbody>
</table>

<p>&nbsp;</p>
","","","","in_stock","8/12/2016 21:03:54","8/12/2016 21:05:59","kit",""
"3493822",,"0","97","active","ro","K6723","Semicaseta directie (idler bracket)","semicaseta-directie-idler-bracket-k6723","Semicaseta directie (idler bracket)","Caseta directie","","<table border=""0"" cellpadding=""1"" cellspacing=""1"" style=""width:500px"">
	<tbody>
		<tr>
			<th scope=""row"">Parte montare</th>
			<td>&nbsp; sistem directie</td>
		</tr>
		<tr>
			<th scope=""row"">Parte montare</th>
			<td>&nbsp; dreapta</td>
		</tr>
	</tbody>
</table>

<p>&nbsp;</p>
","","","","in_stock","8/12/2016 21:26:13","8/12/2016 21:26:13","kit",""
"3493823",,"0","31","active","ro","SC2963","Amortizor directie ","amortizor-directie-sc2963","Amortizor directie ","elemente directie, suspensie, directie ,","","<p>Coduri OEM : 15059138, 15155638</p>
","","","","in_stock","9/12/2016 14:30:38","9/12/2016 14:43:36","kit",""
"3493824",,"0","577","active","ro","36P1375","Pompa servodirectie (reman)","pompa-servodirectie-reman-36p1375","Pompa servodirectie","elemente directie, suspensie, directie ,","","","livrare  5-12 zile ","","","in_supplier_stock","9/12/2016 14:57:21","9/12/2016 15:01:56","kit",""
"3493825",,"0","577","active","ro","19180556","Caseta directie (reman)","caseta-directie-reman-19180556","Caseta directie (reman)","elemente directie, suspensie, directie ,","","","Livrare 5-12 zile ","","","in_supplier_stock","9/12/2016 15:08:44","9/12/2016 15:08:44","kit",""
"3493826",,"0","577","active","ro","36P1374","Pompa servodirectie (reman)","pompa-servodirectie-reman-36p1374","Pompa servodirectie (reman)","Caseta directie, directie , pompa servo , servodirectie .elemente directie , suspensie directie  roti ","","<p>livrare 5-12 zile</p>
","","","","in_supplier_stock","9/12/2016 16:54:30","9/12/2016 16:54:30","kit",""
"3493827",,"0","577","active","ro","36G0168","Caseta directie (reman)","caseta-directie-reman-36g0168","Caseta directie (reman)","Caseta directie, directie , pompa servo , servodirectie .elemente directie , suspensie directie  roti","","<p>livrare 5-12 zile</p>
","","","","in_supplier_stock","9/12/2016 17:04:12","9/12/2016 17:04:12","kit",""
"3493828",,"0","36","active","ro","3013","Bujie incandescenta","bujie-incandescenta-3013","Bujie incandescenta","Bujie incandescenta","","<table border=""0"" cellpadding=""1"" cellspacing=""1"" style=""width:500px"">
	<tbody>
		<tr>
			<th scope=""row"">Diametru [mm]</th>
			<td>&nbsp;14</td>
		</tr>
		<tr>
			<th scope=""row"">Lungime filet [mm]</th>
			<td>&nbsp;17.5</td>
		</tr>
		<tr>
			<th scope=""row"">Deschidere cheie [mm]</th>
			<td>&nbsp;16</td>
		</tr>
		<tr>
			<th scope=""row"">Nr. electrozi</th>
			<td>&nbsp;1</td>
		</tr>
	</tbody>
</table>

<p>&nbsp;</p>
","","","","in_stock","12/12/2016 16:55:41","12/12/2016 17:15:41","kit",""
"3493830",,"0","36","active","ro","3071","Bujie","bujie-champion-3071","Bujie","Bujie","Bujie","<table border=""0"" cellpadding=""1"" cellspacing=""1"" style=""width:500px"">
	<tbody>
		<tr>
			<th scope=""row"">Diametru filet [mm]</th>
			<td>&nbsp;14</td>
		</tr>
		<tr>
			<th scope=""row"">Lungime filet [mm]</th>
			<td>&nbsp;19</td>
		</tr>
		<tr>
			<th scope=""row"">Deschidere cheie [mm]</th>
			<td>&nbsp;16</td>
		</tr>
		<tr>
			<th scope=""row"">Nr. electrozi&nbsp;</th>
			<td>&nbsp;1</td>
		</tr>
	</tbody>
</table>

<p>&nbsp;</p>
","","no","no","in_stock","12/12/2016 17:35:40","12/12/2016 17:44:32","newOEM",""
"3493831",,"0","599","active","ro","10311190","Placute frana","placute-frana-10311190","Placute frana","Placute frana, sistem de franare , frana , disc ","","<table border=""0"" cellpadding=""1"" cellspacing=""1"" style=""width:500px"">
	<tbody>
		<tr>
			<th scope=""row"">Parte montare</th>
			<td>&nbsp;&nbsp; fata</td>
		</tr>
		<tr>
			<th scope=""row"">Lungime&nbsp; mm</th>
			<td>&nbsp; 134.6</td>
		</tr>
		<tr>
			<th scope=""row"">Inaltime&nbsp; mm</th>
			<td>&nbsp;&nbsp; 72.5</td>
		</tr>
		<tr>
			<th scope=""row"">Grosime mm</th>
			<td>&nbsp;&nbsp; 16.9</td>
		</tr>
	</tbody>
</table>

<p>&nbsp;</p>
","","","","in_supplier_stock","12/12/2016 19:40:26","16/12/2024 09:39:09","kit",""
"3493832",,"0","599","active","ro","10311200","Placute frana","placute-frana-10311200","Placute frana","Placute frana, sistem de franare , frana , disc","","<table border=""0"" cellpadding=""1"" cellspacing=""1"" style=""width:500px"">
	<tbody>
		<tr>
			<th scope=""row"">Parte montare</th>
			<td>&nbsp; spate</td>
		</tr>
		<tr>
			<th scope=""row"">
			<p>Lungime mm</p>
			</th>
			<td>&nbsp;&nbsp; 145</td>
		</tr>
		<tr>
			<th scope=""row"">Inaltime&nbsp; mm</th>
			<td>&nbsp; 55.5</td>
		</tr>
		<tr>
			<th scope=""row"">Grosime mm</th>
			<td>&nbsp; 15.3</td>
		</tr>
	</tbody>
</table>

<p>&nbsp;</p>
","","","","in_supplier_stock","12/12/2016 19:51:39","16/12/2024 09:38:42","kit",""
"3493833",,"0","577","active","ro","D1846A","Senzor presiune ulei","senzor-presiune-ulei-d1846a","Senzor presiune ulei","ulei de motor ; ulei ; lubrifiere; ungere,presiune ulei ","","<p>Livrare 5-12 zile</p>
","","","","in_supplier_stock","13/12/2016 19:01:39","13/12/2016 19:01:39","kit",""
"3493836",,"0","599","active","ro","10307840","Placute frana ","placute-frana-centric-10307840","Placute frana ","Placute frana ","Placute frana ","<table border=""0"" cellpadding=""1"" cellspacing=""1"" style=""height:29px; width:500px"">
	<tbody>
		<tr>
			<th>Parte montare</th>
			<td>punte fata</td>
			<th>Lungime mm</th>
			<td>216</td>
			<th>Inaltime mm</th>
			<td>67</td>
		</tr>
	</tbody>
</table>

<p>&nbsp;</p>
","","no","no","in_stock","15/12/2016 13:05:08","15/12/2016 13:30:39","newOEM",""
"3493837",,"0","36","active","ro","CH3401","Bujie aprindere","bujie-aprindere-ch3401","Bujie aprindere","Bujie aprindere","Bujie aprindere","<table border=""0"" cellpadding=""1"" cellspacing=""1"" style=""width:500px"">
	<tbody>
		<tr>
			<th scope=""row"">Lungime filet [mm]</th>
			<td>&nbsp;17.5</td>
		</tr>
		<tr>
			<th scope=""row"">Filet exterior [mm]</th>
			<td>&nbsp;14</td>
		</tr>
		<tr>
			<th scope=""row"">Deschidere cheie [mm]</th>
			<td>&nbsp;16</td>
		</tr>
		<tr>
			<th scope=""row"">Numar poli</th>
			<td>&nbsp;1</td>
		</tr>
	</tbody>
</table>

<p>&nbsp;</p>
","","","","in_stock","15/12/2016 13:46:37","15/12/2016 14:05:30","kit",""
"3493838",,"0","591","active","ro","661417","Planetara ","planetara-661417","Planetara ","Planetara ","Planetara ","<table border=""1"" cellpadding=""1"" cellspacing=""1"" style=""width:500px"">
	<tbody>
		<tr>
			<th scope=""row"">Parte montare&nbsp;</th>
			<td>&nbsp;punte fata&nbsp;</td>
		</tr>
		<tr>
			<th scope=""row"">Parte montare&nbsp;</th>
			<td>&nbsp;stg/dr&nbsp;</td>
		</tr>
		<tr>
			<th scope=""row"">Cod OE&nbsp;</th>
			<td>&nbsp;15905106</td>
		</tr>
	</tbody>
</table>

<p>&nbsp;</p>
","in stoc 1 buc","","","in_stock","15/12/2016 14:10:45","20/10/2017 16:48:34","kit",""
"3493839",,"0","36","active","ro","CH3408","Bujie aprindere","bujie-aprindere-ch3408","Bujie aprindere","Bujie aprindere","Bujie aprindere","<table border=""0"" cellpadding=""1"" cellspacing=""1"" style=""width:500px"">
	<tbody>
		<tr>
			<th scope=""row"">Lungime filet [mm]</th>
			<td>&nbsp;17</td>
		</tr>
		<tr>
			<th scope=""row"">Filet exterior [mm]</th>
			<td>&nbsp;14</td>
		</tr>
		<tr>
			<th scope=""row"">Deschidere cheie [mm]</th>
			<td>&nbsp;16</td>
		</tr>
		<tr>
			<th scope=""row"">Numar poli</th>
			<td>&nbsp;1</td>
		</tr>
	</tbody>
</table>

<p>&nbsp;</p>
","","","","in_stock","15/12/2016 14:50:36","15/12/2016 14:55:45","kit",""
"3493840",,"0","36","active","ro","CH3415","Bujie aprindere","bujie-aprindere-champion-ch3415","Bujie","Bujie","Bujie","<table border=""0"" cellpadding=""1"" cellspacing=""1"" style=""width:500px"">
	<tbody>
		<tr>
			<th scope=""row"">Lungime filet [mm]</th>
			<td>&nbsp;19</td>
		</tr>
		<tr>
			<th scope=""row"">Filet exterior [mm]</th>
			<td>&nbsp;14</td>
		</tr>
		<tr>
			<th scope=""row"">Deschidere cheie [mm]</th>
			<td>&nbsp;20.6</td>
		</tr>
		<tr>
			<th scope=""row"">Numar poli</th>
			<td>&nbsp;1</td>
		</tr>
	</tbody>
</table>

<p>&nbsp;</p>
","","no","no","in_stock","15/12/2016 15:07:03","15/12/2016 15:09:34","newOEM",""
"3493841",,"0","205","active","ro","710548","Simering planetara","simering-planetara-710548","Simering planetara","Simering planetara","","<table border=""0"" cellpadding=""1"" cellspacing=""1"" style=""width:500px"">
	<tbody>
		<tr>
			<th scope=""row"">Parte montare</th>
			<td>&nbsp;fata stg/dr</td>
		</tr>
	</tbody>
</table>

<p>&nbsp;</p>
","","","","in_stock","15/12/2016 15:47:58","15/12/2016 15:47:58","kit",""
"3493842",,"0","36","active","ro","CH3570","Bujie aprindere","bujie-aprindere-ch3570","Bujie aprindere","Bujie aprindere","Bujie aprindere","<table border=""0"" cellpadding=""1"" cellspacing=""1"" style=""width:500px"">
	<tbody>
		<tr>
			<th scope=""row"">Lungime filet [mm]</th>
			<td>&nbsp;19</td>
		</tr>
		<tr>
			<th scope=""row"">Filet exterior [mm]</th>
			<td>&nbsp;14</td>
		</tr>
		<tr>
			<th scope=""row"">Deschidere cheie [mm]</th>
			<td>&nbsp;20.8</td>
		</tr>
		<tr>
			<th scope=""row"">Numar poli</th>
			<td>&nbsp;1</td>
		</tr>
	</tbody>
</table>

<p>&nbsp;</p>
","","","","in_stock","15/12/2016 15:53:44","15/12/2016 17:23:11","kit",""
"3493845",,"0","577","active","ro","41108","Bujie aprindere","bujie-aprindere-ac-delco-41108","Bujie aprindere","Bujie aprindere","Bujie aprindere","<table border=""0"" cellpadding=""1"" cellspacing=""1"" style=""width:500px"">
	<tbody>
		<tr>
			<th scope=""row"">Lungime filet [mm]</th>
			<td>&nbsp;25</td>
		</tr>
		<tr>
			<th scope=""row"">Filet exterior [mm]</th>
			<td>&nbsp;14</td>
		</tr>
		<tr>
			<th scope=""row"">Dimensiune cheie [mm]</th>
			<td>&nbsp;16</td>
		</tr>
		<tr>
			<th scope=""row"">Numar poli</th>
			<td>&nbsp;1</td>
		</tr>
	</tbody>
</table>

<p>&nbsp;</p>
","","no","no","in_stock","15/12/2016 17:45:29","15/12/2016 17:48:31","newOEM",""
"3494110",,"0","39","active","ro","RS772","Saboti frana","saboti-frana-rs772","Saboti frana","Saboti frana","","<table border=""0"" cellpadding=""1"" cellspacing=""1"" style=""width:500px"">
	<tbody>
		<tr>
			<th scope=""row"">Parte montare</th>
			<td>&nbsp;Spate</td>
		</tr>
		<tr>
			<th scope=""row"">&nbsp;</th>
			<td>&nbsp;</td>
		</tr>
		<tr>
			<th scope=""row"">&nbsp;</th>
			<td>&nbsp;</td>
		</tr>
	</tbody>
</table>

<p>&nbsp;</p>
","","no","no","in_stock","27/2/2017 14:13:21","27/2/2017 14:13:21","kit",""
"3493853",,"0","603","active","ro","25024708","Sonda lambda","sonda-lambda-25024708","Sonda lambda","emisie, control emisie ,","","<table border=""0"" cellpadding=""1"" cellspacing=""1"" style=""width:500px"">
	<tbody>
		<tr>
			<th scope=""row"">Parte montare</th>
			<td>&nbsp; spate (downstream)</td>
		</tr>
		<tr>
			<th scope=""row"">Lungime cablu&nbsp; (mm)</th>
			<td>&nbsp;&nbsp; 260</td>
		</tr>
		<tr>
			<th scope=""row"">Poli</th>
			<td>&nbsp;&nbsp;&nbsp; 4</td>
		</tr>
	</tbody>
</table>

<table>
	<tbody>
		<tr>
			<th>pt. cod original (OE)</th>
			<td>12618012</td>
		</tr>
	</tbody>
</table>
","","","","in_stock","19/12/2016 14:49:01","19/12/2016 15:14:05","kit",""
"3493854",,"0","603","active","ro","2344331","Sonda lambda","sonda-lambda-2344331","Sonda lambda","emisie, control emisie ,","","<table border=""0"" cellpadding=""1"" cellspacing=""1"" style=""width:500px"">
	<tbody>
		<tr>
			<th scope=""row"">Parte montare</th>
			<td>&nbsp; fata (upstream)</td>
		</tr>
		<tr>
			<th scope=""row"">Poli</th>
			<td>&nbsp;&nbsp; 4</td>
		</tr>
		<tr>
			<th scope=""row"">Cuplaj/Clema</th>
			<td>&nbsp;daca este cazul reglati stecherul</td>
		</tr>
	</tbody>
</table>

<table>
	<tbody>
		<tr>
			<th>pt. cod original (OE)</th>
			<td>12588036</td>
		</tr>
	</tbody>
</table>
","","","","in_stock","19/12/2016 15:10:07","19/12/2016 15:13:05","kit",""
"3493855",,"0","579","active","ro","03133","Set prezoane galerie evacuare cu piulite ","set-prezoane-galerie-evacuare-cu-piulite-03133","Set prezoane galerie evacuare cu piulite ","emisie, control emisie ,","Set prezoane galerie evacuare cu piulite ","<table border=""0"" cellpadding=""1"" cellspacing=""1"" style=""width:500px"">
	<tbody>
		<tr>
			<th scope=""row"">Continut set</th>
			<td>&nbsp; 6 prezoane +6 piulite m10x1.5</td>
		</tr>
		<tr>
			<th scope=""row"">Lungime prezon (mm)</th>
			<td>&nbsp; 62</td>
		</tr>
		<tr>
			<th scope=""row"">Made in</th>
			<td>&nbsp; Taiwan</td>
		</tr>
	</tbody>
</table>

<p>&nbsp;</p>
","","","","in_stock","19/12/2016 15:41:34","19/12/2016 15:41:34","kit",""
"3493860",,"0","36","active","ro","3983","Bujie aprindere","bujie-aprindere-3983","Bujie aprindere","Bujie aprindere","","<table border=""0"" cellpadding=""1"" cellspacing=""1"" style=""width:500px"">
	<tbody>
		<tr>
			<th scope=""row"">Diametru [mm]</th>
			<td>&nbsp;14</td>
		</tr>
		<tr>
			<th scope=""row"">Lungime filet [mm]</th>
			<td>&nbsp;19&nbsp;</td>
		</tr>
		<tr>
			<th scope=""row"">Deschidere cheie [mm]</th>
			<td>&nbsp;16</td>
		</tr>
		<tr>
			<th scope=""row"">Nr. electrozi&nbsp;</th>
			<td>&nbsp;1</td>
		</tr>
	</tbody>
</table>

<p>&nbsp;</p>
","","no","no","in_stock","4/1/2017 14:57:00","4/1/2017 15:34:59","kit",""
"3493857",,"0","604","active","ro","F32146","Inel etansare galerie evacuare ","inel-etansare-galerie-evacuare-f32146","Inel etansare galerie evacuare ","etansare , evacuare , galerie, control, gaze, esapament ","","<table border=""0"" cellpadding=""1"" cellspacing=""1"" style=""width:500px"">
	<tbody>
		<tr>
			<th scope=""row"">Parte montare</th>
			<td>&nbsp;sistem esapament</td>
		</tr>
		<tr>
			<th scope=""row"">Parte montare</th>
			<td>&nbsp;intre galerie si catalizator</td>
		</tr>
		<tr>
			<th scope=""row"">Parte montare</th>
			<td>&nbsp;primul dupa galeria de evacuare</td>
		</tr>
	</tbody>
</table>

<p>&nbsp;</p>
","","","","in_stock","22/12/2016 18:33:52","22/12/2016 18:50:44","kit",""
"3493858",,"0","127","active","ro","2M1140","Supapa recirculare vapori benzina ","supapa-recirculare-vapori-benzina-2m1140","Supapa recirculare vapori benzina ","benzina , vapori , recirculare , senzor presiune , EGR","","","Control emisie vapori benzina ","","","in_stock","3/1/2017 14:20:17","20/10/2017 17:33:56","kit",""
"3493859",,"0","580","active","ro","MCSOE87","Articulatie sarcina/ghidare","articulatie-sarcinaghidare-mcsoe87","Articulatie sarcina/ghidare","suspensie;suspensie/directie/roti;articulatie sarcina ghidare","","<table border=""0"" cellpadding=""1"" cellspacing=""1"" style=""width:500px"">
	<tbody>
		<tr>
			<th scope=""row"">Parte montare</th>
			<td>&nbsp;&nbsp;&nbsp; fata inferior</td>
		</tr>
		<tr>
			<th scope=""row"">Cod Origine</th>
			<td>&nbsp;&nbsp;&nbsp; 9L3Z3050A</td>
		</tr>
		<tr>
			<th scope=""row"">Made in</th>
			<td>&nbsp;&nbsp;&nbsp;&nbsp;&nbsp; Canada</td>
		</tr>
	</tbody>
</table>

<p>&nbsp;</p>
","","","","in_stock","3/1/2017 15:10:18","3/1/2017 15:10:18","kit",""
"3493861",,"0","580","active","ro","FL2030","Filtru ulei","filtru-ulei-motorcraft-fl2030","Filtru ulei","Filtru ulei","Filtru ulei","<table border=""0"" cellpadding=""1"" cellspacing=""1"" style=""width:500px""><tbody><tr><th>Diametru exterior [mm]</th><td>76</td><th>Filet cuplaj</th><td>13/16""-16</td><th>Înaltime [mm]</th><td>85</td></tr></tbody></table>","Filtru ulei ","no","no","in_stock","4/1/2017 15:00:25","4/1/2017 15:00:25","newOEM",""
"3493862",,"0","52","active","ro","4512","Bujie aprindere","bujie-aprindere-denso-4512","Bujie aprindere","Bujie aprindere","Bujie aprindere","<table border=""0"" cellpadding=""1"" cellspacing=""1"" style=""width:500px"">
	<tbody>
		<tr>
			<th scope=""row"">Diametru [mm]</th>
			<td>&nbsp;14</td>
		</tr>
		<tr>
			<th scope=""row"">Dimensiune filet [mm]</th>
			<td>&nbsp;17</td>
		</tr>
		<tr>
			<th scope=""row"">Deschidere cheie [mm]</th>
			<td>&nbsp;16</td>
		</tr>
		<tr>
			<th scope=""row"">Nr. poli</th>
			<td>&nbsp;1</td>
		</tr>
	</tbody>
</table>

<p>&nbsp;</p>
","","no","no","in_stock","4/1/2017 16:37:34","4/1/2017 18:09:38","newOEM",""
"3493863",,"0","36","active","ro","7013","Bujie aprindere double platinum","bujie-aprindere-double-platinum-7013","Bujie aprindere double platinum","Bujie aprindere double platinum","","<table border=""0"" cellpadding=""1"" cellspacing=""1"" style=""width:500px"">
	<tbody>
		<tr>
			<th scope=""row"">Dimensiune filet [mm]</th>
			<td>&nbsp;14</td>
		</tr>
		<tr>
			<th scope=""row"">Lungime filet [mm]</th>
			<td>&nbsp;17.5</td>
		</tr>
		<tr>
			<th scope=""row"">Deschidere cheie [mm]</th>
			<td>&nbsp;16</td>
		</tr>
		<tr>
			<th scope=""row"">Nr. poli</th>
			<td>&nbsp;1</td>
		</tr>
	</tbody>
</table>

<p>&nbsp;</p>
","","","","in_stock","4/1/2017 18:28:49","4/1/2017 18:28:49","kit",""
"3493864",,"0","221","active","ro","55-00-006","Saboti frana de mana ","saboti-frana-de-mana-ashika-55-00-006","Saboti frana de mana ","Placute frana, sistem de franare , frana , disc","","<table border=""0"" cellpadding=""1"" cellspacing=""1"" style=""width:500px"">
	<tbody>
		<tr>
			<th scope=""row"">Parte montare</th>
			<td>&nbsp;punte spate</td>
		</tr>
		<tr>
			<th scope=""row"">R mm</th>
			<td>&nbsp; 210</td>
		</tr>
		<tr>
			<th scope=""row"">Latime mm</th>
			<td>&nbsp; 35</td>
		</tr>
	</tbody>
</table>

<p>&nbsp;</p>
","","","","in_supplier_stock","4/1/2017 19:24:42","14/2/2017 14:50:44","kit",""
"3493865",,"0","31","active","ro","BX908","Saboti frana de mana","saboti-frana-de-mana-bx908","Saboti frana de mana"," Frana , disc, frana de mana, saboti , sabot ","","","livrare 5-12 zile","","","in_supplier_stock","4/1/2017 19:43:22","4/1/2017 19:43:22","kit",""
"3493867",,"0","599","active","ro","11109080","Saboti frana de mana","saboti-frana-de-mana-11109080","","Frana , disc, frana de mana, saboti , sabot","","","Livrare 5-12 zile ","","","in_supplier_stock","4/1/2017 19:56:11","4/1/2017 19:56:11","kit",""
"3493869",,"0","579","active","ro","902210","Carcasa termostat ","carcasa-termostat-902210","Carcasa termostat ","racire motor , termostat, carcasa , garnitura  ","","<table border=""0"" cellpadding=""1"" cellspacing=""1"" style=""width:500px"">
	<tbody>
		<tr>
			<th scope=""row"">Parte montare</th>
			<td>&nbsp;sistem racire motor</td>
		</tr>
		<tr>
			<th scope=""row"">Componente</th>
			<td>&nbsp;carcasa superioara+inferioara +termostat</td>
		</tr>
		<tr>
			<th scope=""row"">Producator</th>
			<td>&nbsp; Dorman- China</td>
		</tr>
	</tbody>
</table>

<p>&nbsp;</p>
","","","","in_stock","5/1/2017 13:15:56","10/5/2017 18:03:31","kit",""
"3493870",,"0","36","active","ro","7318","Bujie aprindere","bujie-aprindere-champion-7318","Bujie aprindere","Bujie aprindere","Bujie aprindere","<table border=""0"" cellpadding=""1"" cellspacing=""1"" style=""width:500px"">
	<tbody>
		<tr>
			<th scope=""row"">Lungime filet [mm]</th>
			<td>&nbsp;19</td>
		</tr>
		<tr>
			<th scope=""row"">Dimensiune filet [mm]</th>
			<td>&nbsp;M14</td>
		</tr>
		<tr>
			<th scope=""row"">Deschidere cheie [mm]</th>
			<td>&nbsp;16</td>
		</tr>
		<tr>
			<th scope=""row"">Nr. poli</th>
			<td>&nbsp;1</td>
		</tr>
	</tbody>
</table>

<p>&nbsp;</p>
","","no","no","in_stock","5/1/2017 13:24:12","5/1/2017 13:28:26","newOEM",""
"3493871",,"0","36","active","ro","7332","Bujie aprindere double platinum","bujie-aprindere-double-platinum-champion-7332","Bujie aprindere","Bujie aprindere","Bujie aprindere","<table border=""0"" cellpadding=""1"" cellspacing=""1"" style=""width:500px"">
	<tbody>
		<tr>
			<th scope=""row"">Lungime filet [mm]</th>
			<td>&nbsp;19</td>
		</tr>
		<tr>
			<th scope=""row"">Dimensiune filet [mm]</th>
			<td>&nbsp;M14</td>
		</tr>
		<tr>
			<th scope=""row"">Deschidere cheie [mm]</th>
			<td>&nbsp;21</td>
		</tr>
		<tr>
			<th scope=""row"">&nbsp;Nr. poli</th>
			<td>&nbsp;1</td>
		</tr>
	</tbody>
</table>

<p>&nbsp;</p>
","","no","no","in_stock","5/1/2017 13:36:39","5/1/2017 13:39:47","newOEM",""
"3493872",,"0","36","active","ro","7348","Bujie aprindere double platinum","bujie-aprindere-double-platinum-7348","Bujie aprindere","Bujie aprindere","","<table border=""0"" cellpadding=""1"" cellspacing=""1"" style=""width:500px"">
	<tbody>
		<tr>
			<th scope=""row"">Lungime filet [mm]</th>
			<td>&nbsp;19</td>
		</tr>
		<tr>
			<th scope=""row"">Dimensiune filet [mm]</th>
			<td>&nbsp;M14</td>
		</tr>
		<tr>
			<th scope=""row"">Deschidere cheie [mm]</th>
			<td>&nbsp;16</td>
		</tr>
		<tr>
			<th scope=""row"">Nr. poli</th>
			<td>&nbsp;1</td>
		</tr>
	</tbody>
</table>

<p>&nbsp;</p>
","","no","no","in_stock","5/1/2017 13:53:31","5/1/2017 13:53:31","kit",""
"3493874",,"0","36","active","ro","7345","Bujie aprindere double platinum","bujie-aprindere-double-platinum-7345","Bujie aprindere","Bujie aprindere","","<table border=""0"" cellpadding=""1"" cellspacing=""1"" style=""width:500px"">
	<tbody>
		<tr>
			<th scope=""row"">Lungime filet [mm]</th>
			<td>&nbsp;19</td>
		</tr>
		<tr>
			<th scope=""row"">Dimensiune filet [mm]</th>
			<td>&nbsp;M14</td>
		</tr>
		<tr>
			<th scope=""row"">Deschidere cheie [mm]</th>
			<td>&nbsp;16</td>
		</tr>
		<tr>
			<th scope=""row"">Nr. poli</th>
			<td>&nbsp;1</td>
		</tr>
	</tbody>
</table>

<p>&nbsp;</p>
","","no","no","in_stock","5/1/2017 14:11:17","5/1/2017 14:11:17","kit",""
"3493875",,"0","580","active","ro","RT1167","Termostat ","termostat-rt1167","Tremostat","racire motor , termostat, carcasa , garnitura","","<table border=""0"" cellpadding=""1"" cellspacing=""1"" style=""width:500px"">
	<tbody>
		<tr>
			<th scope=""row"">Temperatura deschidere</th>
			<td>&nbsp; 90&ordm;</td>
		</tr>
		<tr>
			<th scope=""row"">Diametru mm</th>
			<td>&nbsp; 70</td>
		</tr>
		<tr>
			<th scope=""row"">Made in</th>
			<td>&nbsp; USA</td>
		</tr>
	</tbody>
</table>

<p>&nbsp;</p>
","","","","in_stock","5/1/2017 14:18:32","5/1/2017 14:18:32","kit",""
"3493876",,"0","580","active","ro","RH158","Carcasa termostat ","carcasa-termostat-rh158","Carcasa termostat","racire motor , termostat, carcasa , garnitura","","<table border=""0"" cellpadding=""1"" cellspacing=""1"" style=""width:500px"">
	<tbody>
		<tr>
			<th scope=""row"">Parte montare</th>
			<td>&nbsp; sistem racire motor</td>
		</tr>
		<tr>
			<th scope=""row"">Parte montare</th>
			<td>&nbsp; superior (deasupra )</td>
		</tr>
		<tr>
			<th scope=""row"">Made in</th>
			<td>&nbsp;&nbsp; Mexic</td>
		</tr>
	</tbody>
</table>

<p>&nbsp;</p>
","","","","in_stock","5/1/2017 14:43:47","5/1/2017 14:43:47","kit",""
"3493877",,"0","36","active","ro","7346","Bujie aprindere double platinum","bujie-aprindere-double-platinum-7346","Bujie aprindere","Bujie aprindere","","<table border=""0"" cellpadding=""1"" cellspacing=""1"" style=""width:500px"">
	<tbody>
		<tr>
			<th scope=""row"">Lungime filet [mm]</th>
			<td>&nbsp;19</td>
		</tr>
		<tr>
			<th scope=""row"">Dimensiune filet [mm]</th>
			<td>&nbsp;M14</td>
		</tr>
		<tr>
			<th scope=""row"">Deschidere cheie [mm]</th>
			<td>&nbsp;16</td>
		</tr>
		<tr>
			<th scope=""row"">Nr. poli</th>
			<td>&nbsp;1</td>
		</tr>
	</tbody>
</table>

<p>&nbsp;</p>
","","no","no","in_stock","5/1/2017 14:55:57","5/1/2017 14:55:57","kit",""
"3493878",,"0","580","active","ro","RH148","Carcasa termostat","carcasa-termostat-rh148","Carcasa termostat","racire motor , termostat, carcasa , garnitura","","<table border=""0"" cellpadding=""1"" cellspacing=""1"" style=""width:500px"">
	<tbody>
		<tr>
			<th scope=""row"">Parte montare</th>
			<td>&nbsp; sistem racire motor</td>
		</tr>
		<tr>
			<th scope=""row"">Parte montare</th>
			<td>&nbsp; inferior ( jos)</td>
		</tr>
		<tr>
			<th scope=""row"">Made in</th>
			<td>&nbsp; Mexic</td>
		</tr>
	</tbody>
</table>

<p>&nbsp;</p>
","","","","in_stock","5/1/2017 15:08:49","5/1/2017 15:08:49","kit",""
"3493879",,"0","36","active","ro","7963","Bujie aprindere double platinum","bujie-aprindere-double-platinum-7963","Bujie aprindere","Bujie aprindere","","<table border=""0"" cellpadding=""1"" cellspacing=""1"" style=""width:500px"">
	<tbody>
		<tr>
			<th scope=""row"">Lungime filet [mm]</th>
			<td>&nbsp;19</td>
		</tr>
		<tr>
			<th scope=""row"">Dimensiune filet [mm]</th>
			<td>&nbsp;M14</td>
		</tr>
		<tr>
			<th scope=""row"">Deschidere cheie [mm]</th>
			<td>&nbsp;16</td>
		</tr>
		<tr>
			<th scope=""row"">Nr. poli</th>
			<td>&nbsp;1</td>
		</tr>
	</tbody>
</table>

<p>&nbsp;</p>
","","no","no","in_stock","5/1/2017 15:16:57","5/1/2017 15:19:16","kit",""
"3493880",,"0","597","active","ro","15249","Carcasa termostat","carcasa-termostat-15249","Carcasa termostat","racire motor , termostat, carcasa , garnitura","","<table border=""0"" cellpadding=""1"" cellspacing=""1"" style=""width:500px"">
	<tbody>
		<tr>
			<th scope=""row"">Parte montare&nbsp;</th>
			<td>&nbsp;&nbsp; sistem racire motor</td>
		</tr>
		<tr>
			<th scope=""row"">Componente</th>
			<td>&nbsp;&nbsp; carcasa superioara+inferioara+termostat</td>
		</tr>
		<tr>
			<th scope=""row"">Made in</th>
			<td>&nbsp;&nbsp;&nbsp; China</td>
		</tr>
	</tbody>
</table>

<p>&nbsp;</p>
","","","","in_stock","5/1/2017 15:18:09","16/1/2017 14:07:48","kit",""
"3493881",,"0","605","active","ro","HT1","Bujie aprindere","bujie-aprindere-ht1","Bujie aprindere","Bujie aprindere","","<table border=""0"" cellpadding=""1"" cellspacing=""1"" style=""width:500px"">
	<tbody>
		<tr>
			<th scope=""row"">Lungime filet [mm]</th>
			<td>&nbsp;25</td>
		</tr>
		<tr>
			<th scope=""row"">Dimensiune filet [mm]</th>
			<td>&nbsp;16</td>
		</tr>
		<tr>
			<th scope=""row"">Deschidere cheie [mm]</th>
			<td>&nbsp;14</td>
		</tr>
		<tr>
			<th scope=""row"">Nr. poli</th>
			<td>&nbsp;1</td>
		</tr>
	</tbody>
</table>

<p>&nbsp;</p>
","","no","no","in_stock","5/1/2017 15:38:37","5/1/2017 15:38:37","kit",""
"3493882",,"0","579","active","ro","620137","Electroventilator radiator","electroventilator-radiator-620137","Electroventilator radiator","racire motor , termostat, carcasa , garnitura,ventilator, electroventilator","","<table border=""0"" cellpadding=""1"" cellspacing=""1"" style=""width:500px"">
	<tbody>
		<tr>
			<th scope=""row"">Parte montare</th>
			<td>&nbsp; sistem racire motor</td>
		</tr>
		<tr>
			<th scope=""row"">Produs</th>
			<td>&nbsp; second hand</td>
		</tr>
		<tr>
			<th scope=""row"">Defectiune remediata</th>
			<td>&nbsp;&nbsp; mufa cuplare</td>
		</tr>
	</tbody>
</table>

<p>&nbsp;</p>
","","","","in_stock","5/1/2017 15:51:03","5/1/2017 15:51:03","kit",""
"3493883",,"0","36","active","ro","9002","Bujie aprindere iridium","bujie-aprindere-iridium-9002","Bujie aprindere iridium","Bujie aprindere iridium","","<table border=""0"" cellpadding=""1"" cellspacing=""1"" style=""width:500px"">
	<tbody>
		<tr>
			<th scope=""row"">Lungime filet [mm]</th>
			<td>&nbsp;19</td>
		</tr>
		<tr>
			<th scope=""row"">Dimensiune filet [mm]</th>
			<td>&nbsp;M14</td>
		</tr>
		<tr>
			<th scope=""row"">Deschidere cheie [mm]</th>
			<td>&nbsp;16</td>
		</tr>
		<tr>
			<th scope=""row"">Nr. poli</th>
			<td>&nbsp;1</td>
		</tr>
	</tbody>
</table>

<p>&nbsp;</p>
","","no","no","in_stock","5/1/2017 17:34:56","5/1/2017 17:34:56","kit",""
"3493884",,"0","36","active","ro","9204","Bujie aprindere iridium","bujie-aprindere-iridium-9204","Bujie aprindere iridium","Bujie aprindere iridium","","<table border=""0"" cellpadding=""1"" cellspacing=""1"" style=""width:500px"">
	<tbody>
		<tr>
			<th scope=""row"">Lungime filet [mm]</th>
			<td>&nbsp;17.5</td>
		</tr>
		<tr>
			<th scope=""row"">Dimensiune filet [mm]</th>
			<td>&nbsp;M14</td>
		</tr>
		<tr>
			<th scope=""row"">Deschidere cheie [mm]</th>
			<td>&nbsp;16</td>
		</tr>
		<tr>
			<th scope=""row"">Nr. poli</th>
			<td>&nbsp;1</td>
		</tr>
	</tbody>
</table>

<p>&nbsp;</p>
","","no","no","in_supplier_stock","5/1/2017 18:01:03","26/4/2017 12:37:03","kit",""
"3493885",,"0","97","active","ro","513221","Rulment roata cu ABS","rulment-roata-cu-abs-moog-513221","Rulment roata cu ABS","Rulment roata cu ABS","Rulment roata cu ABS","<table border=""0"" cellpadding=""1"" cellspacing=""1"" style=""width:500px"">
	<tbody>
		<tr>
			<th scope=""row"">Parte montare</th>
			<td>&nbsp; fata</td>
		</tr>
		<tr>
			<th scope=""row"">Parte montare</th>
			<td>&nbsp; stanga/dreapta</td>
		</tr>
		<tr>
			<th scope=""row"">Livrare</th>
			<td>&nbsp;&nbsp; 5-12 zile</td>
		</tr>
	</tbody>
</table>

<p>&nbsp;</p>
","","no","no","in_supplier_stock","5/1/2017 18:12:29","5/1/2017 19:12:54","newOEM",""
"3493886",,"0","586","active","ro","WA513221","Rulment roata cu ABS","rulment-roata-cu-abs-wjb-wa513221","Rulment roata cu ABS","Rulment roata cu ABS","Rulment roata cu ABS","<table border=""0"" cellpadding=""1"" cellspacing=""1"" style=""width:500px"">
	<tbody>
		<tr>
			<th scope=""row"">Parte monatre</th>
			<td>&nbsp;punte fata</td>
		</tr>
		<tr>
			<th scope=""row"">Parte montare</th>
			<td>&nbsp;stanga/dreapta</td>
		</tr>
		<tr>
			<th scope=""row"">Livrare</th>
			<td>&nbsp; 5-12 zile</td>
		</tr>
	</tbody>
</table>

<p>&nbsp;</p>
","","no","no","in_stock","5/1/2017 18:12:42","5/1/2017 19:14:45","newOEM",""
"3493887",,"0","205","active","ro","6408","Rulment roata spate ","rulment-roata-spate-timken-6408","Rulment roata spate ","Rulment roata spate ","Rulment roata spate ","<table border=""0"" cellpadding=""1"" cellspacing=""1"" style=""width:500px""><tbody><tr><th>Partea de montare</th><td>puntea spate</td><th>Partea de montare</th><td>stanga</td><th>Partea de montare</th><td>dreapta</td><th>Diametru interior [mm]</th><td>41,17</td><th>Diametru interior [mm]</th><td>64,38</td><th>Latime [mm]</th><td>21,082</td></tr></tbody></table>",,"no","no","in_stock","5/1/2017 21:05:28","5/1/2017 21:05:28","newOEM",""
"3493888",,"0","586","active","ro","RP6408","Rulment roata spate ","rulment-roata-spate-wjb-rp6408","Rulment roata spate ","Rulment roata spate ","Rulment roata spate ","<table border=""0"" cellpadding=""1"" cellspacing=""1"" style=""width:500px""><tbody><tr><th>Partea de montare</th><td>puntea spate</td><th>Partea de montare</th><td>stanga</td><th>Partea de montare</th><td>dreapta</td><th>Diametru interior [mm]</th><td>41,17</td><th>Diametru interior [mm]</th><td>64,38</td><th>Latime [mm]</th><td>21,082</td></tr></tbody></table>",,"no","no","in_stock","5/1/2017 21:05:51","5/1/2017 21:05:51","newOEM",""
"3493914",,"0","577","active","ro","46C0075A","Brat semicaseta directie (Pitman arm)","brat-semicaseta-directie-pitman-arm-46c0075a","Brat semicaseta directie (Pitman arm)","Caseta directie, directie , pompa servo , servodirectie .elemente directie , suspensie directie  roti, articulatii directie","","<table border=""0"" cellpadding=""1"" cellspacing=""1"" style=""width:500px"">
	<tbody>
		<tr>
			<th scope=""row"">Parte&nbsp; montare</th>
			<td>&nbsp; sistem directie</td>
		</tr>
		<tr>
			<th scope=""row"">Parte montare</th>
			<td>&nbsp;&nbsp; stanga</td>
		</tr>
		<tr>
			<th scope=""row"">Brat semicaseta</th>
			<td>&nbsp;&nbsp; 3 spline (pana)</td>
		</tr>
	</tbody>
</table>

<p>&nbsp;</p>
","","","","in_stock","19/1/2017 19:16:53","19/1/2017 19:16:53","kit",""
"3493890",,"0","579","active","ro","46059","Furtun epurator ","furtun-epurator-46059","Furtun epurator ","emisie, control emisie ,","","<table border=""0"" cellpadding=""1"" cellspacing=""1"" style=""width:500px"">
	<tbody>
		<tr>
			<th scope=""row"">Parte montare</th>
			<td>&nbsp;sistem admisie- emisie</td>
		</tr>
		<tr>
			<th scope=""row"">Parte montare</th>
			<td>&nbsp; capac admisie</td>
		</tr>
		<tr>
			<th scope=""row"">Producator</th>
			<td>&nbsp; Dorman</td>
		</tr>
	</tbody>
</table>

<p>&nbsp;</p>
","","","","in_stock","9/1/2017 13:43:00","9/1/2017 13:43:00","kit",""
"3493891",,"0","36","active","ro","9406","Bujie aprindere iridium","bujie-aprindere-iridium-9406","Bujie aprindere","Bujie aprindere","","<table border=""0"" cellpadding=""1"" cellspacing=""1"" style=""width:500px"">
	<tbody>
		<tr>
			<th scope=""row"">Lungime filet [mm]</th>
			<td>&nbsp;19</td>
		</tr>
		<tr>
			<th scope=""row"">Dimensiune filet [mm]</th>
			<td>&nbsp;M14</td>
		</tr>
		<tr>
			<th scope=""row"">Deschidere cheie [mm]</th>
			<td>&nbsp;16</td>
		</tr>
		<tr>
			<th scope=""row"">Nr. poli</th>
			<td>&nbsp;1</td>
		</tr>
	</tbody>
</table>

<p>&nbsp;</p>
","","","","in_stock","9/1/2017 16:30:05","9/1/2017 16:30:05","kit",""
"3493892",,"0","36","active","ro","9806","Bujie aprindere","bujie-aprindere-champion-9806","Bujie aprindere","Bujie aprindere","Bujie aprindere","<table border=""0"" cellpadding=""1"" cellspacing=""1"" style=""width:500px"">
	<tbody>
		<tr>
			<th scope=""row"">Lungime filet [mm]</th>
			<td>&nbsp;19</td>
		</tr>
		<tr>
			<th scope=""row"">Dimensiune filet [mm]</th>
			<td>&nbsp;M14</td>
		</tr>
		<tr>
			<th scope=""row"">Deschidere cheie [mm]</th>
			<td>&nbsp;16</td>
		</tr>
		<tr>
			<th scope=""row"">Nr. poli</th>
			<td>&nbsp;1</td>
		</tr>
	</tbody>
</table>

<p>&nbsp;</p>
","","no","no","in_stock","9/1/2017 16:38:10","9/1/2017 16:40:04","newOEM",""
"3493893",,"0","580","active","ro","SP412","Bujie aprindere","bujie-aprindere-motorcraft-sp412","Bujie aprindere","Bujie aprindere","Bujie aprindere","Bujie",,"no","no","in_stock","9/1/2017 16:43:33","9/1/2017 16:43:33","newOEM",""
"3493896",,"0","580","active","ro","SP509","Bujie aprindere","bujie-aprindere-sp509","Bujie aprindere","Bujie aprindere","","<table border=""0"" cellpadding=""1"" cellspacing=""1"" style=""width:500px"">
	<tbody>
		<tr>
			<th scope=""row"">Lungime filet [mm]</th>
			<td>&nbsp;26.5</td>
		</tr>
		<tr>
			<th scope=""row"">Dimensiune filet [mm]</th>
			<td>&nbsp;M12</td>
		</tr>
		<tr>
			<th scope=""row"">Deschidere cheie [mm]</th>
			<td>&nbsp;14</td>
		</tr>
		<tr>
			<th scope=""row"">Nr poli</th>
			<td>&nbsp;1</td>
		</tr>
	</tbody>
</table>

<p>&nbsp;</p>
","","","","in_stock","9/1/2017 17:04:24","9/1/2017 17:04:24","kit",""
"3493897",,"0","580","active","ro","SP515","Bujie aprindere","bujie-aprindere-sp515","Bujie aprindere","Bujie aprindere","","<table border=""0"" cellpadding=""1"" cellspacing=""1"" style=""width:500px"">
	<tbody>
		<tr>
			<th scope=""row"">Lungime filet [mm]</th>
			<td>&nbsp;21.6</td>
		</tr>
		<tr>
			<th scope=""row"">Dimensiune filet [mm]</th>
			<td>&nbsp;M16</td>
		</tr>
		<tr>
			<th scope=""row"">Deschidere cheie [mm]</th>
			<td>&nbsp;16</td>
		</tr>
		<tr>
			<th scope=""row"">Nr. poli</th>
			<td>&nbsp;1</td>
		</tr>
	</tbody>
</table>

<p>&nbsp;</p>
","","","","in_stock","9/1/2017 17:10:21","9/1/2017 17:10:21","kit",""
"3493898",,"0","590","active","ro"," HU2502100","Far insertie stanga ","far-insertie-stanga-hu2502100","Far insertie stanga ","iluminari , electrice ,faruri , insertie ,far, iluminare ","","<table border=""0"" cellpadding=""1"" cellspacing=""1"" style=""width:500px"">
	<tbody>
		<tr>
			<th scope=""row"">Parte montare</th>
			<td>&nbsp; fata</td>
		</tr>
		<tr>
			<th scope=""row"">Parte montare</th>
			<td>&nbsp; stanga</td>
		</tr>
		<tr>
			<th scope=""row"">Componente</th>
			<td>&nbsp;&nbsp; complet echipat (cu becuri)</td>
		</tr>
	</tbody>
</table>

<p>&nbsp;</p>
","","","","in_supplier_stock","10/1/2017 17:12:05","21/2/2018 20:28:23","kit",""
"3493899",,"0","590","active","ro","HU2503100","Far insertie dreapta","far-insertie-dreapta-hu2503100","Far insertie dreapta ","iluminari , electrice ,faruri , insertie ,far, iluminare","","<table border=""0"" cellpadding=""1"" cellspacing=""1"" style=""width:500px"">
	<tbody>
		<tr>
			<th scope=""row"">Parte montare</th>
			<td>&nbsp; fata</td>
		</tr>
		<tr>
			<th scope=""row"">Parte montare</th>
			<td>&nbsp; dreapta</td>
		</tr>
		<tr>
			<th scope=""row"">Componente</th>
			<td>&nbsp; complet echipat (cu becuri)</td>
		</tr>
	</tbody>
</table>

<p>&nbsp;</p>
","","","","in_stock","10/1/2017 17:25:39","10/1/2017 17:25:39","kit",""
"3493900",,"0","577","active","ro","20875738","Planetara","planetara-20875738","Planetara","planetara","","<p>Livrare 5-12 zile</p>
","","","","in_stock","10/1/2017 19:39:23","10/1/2017 19:39:23","kit",""
"3493901",,"0","606","active","ro","7701477024","Set curea de distributie","set-curea-de-distributie-7701477024","set cure de distributie","distributie , curea , motor , ","","<table border=""0"" cellpadding=""1"" cellspacing=""1"" style=""width:500px"">
	<tbody>
		<tr>
			<th scope=""row"">Numar dinti</th>
			<td>&nbsp; 96</td>
		</tr>
		<tr>
			<th scope=""row"">Latime [mm]</th>
			<td>&nbsp; 17</td>
		</tr>
		<tr>
			<th scope=""row"">Contine role</th>
			<td>&nbsp;&nbsp; 1</td>
		</tr>
		<tr>
			<th scope=""row"">Producator</th>
			<td>&nbsp; origine</td>
		</tr>
	</tbody>
</table>

<p>&nbsp;</p>
","","","","in_stock","13/1/2017 14:27:27","13/1/2017 14:36:05","kit",""
"3493902",,"0","607","active","ro","5156106AF","Spira volan","spira-volan-5156106af","Spira volan","Spira volan","","<table border=""0"" cellpadding=""1"" cellspacing=""1"" style=""width:500px"">
	<tbody>
		<tr>
			<th scope=""row"">Parte montare</th>
			<td>&nbsp;Coloana volan</td>
		</tr>
		<tr>
			<th scope=""row"">Produs in</th>
			<td>&nbsp;Mexic</td>
		</tr>
	</tbody>
</table>

<p>&nbsp;</p>
","","no","no","in_stock","13/1/2017 14:31:14","13/1/2017 14:31:14","kit",""
"3493903",,"0","599","active","ro","10210810","Placute frana","placute-frana-10210810","Placute frana","Placute frana, sistem de franare , frana , disc","","<table border=""0"" cellpadding=""1"" cellspacing=""1"" style=""width:500px"">
	<tbody>
		<tr>
			<th scope=""row"">Parte montare</th>
			<td>&nbsp;&nbsp; fata</td>
		</tr>
		<tr>
			<th scope=""row"">Lungime [mm]</th>
			<td>&nbsp;&nbsp; 162.6</td>
		</tr>
		<tr>
			<th scope=""row"">Latime&nbsp; [mm]</th>
			<td>&nbsp;&nbsp;&nbsp; 54.2</td>
		</tr>
		<tr>
			<th scope=""row"">Grosime [mm]</th>
			<td>&nbsp;&nbsp;&nbsp; 17</td>
		</tr>
	</tbody>
</table>

<p>&nbsp;</p>
","","","","in_stock","16/1/2017 15:21:14","16/1/2017 15:21:14","kit",""
"3493904",,"0","599","active","ro","10210820","Placute frana","placute-frana-10210820","Placute frana","Placute frana, sistem de franare , frana , disc","","<table border=""0"" cellpadding=""1"" cellspacing=""1"" style=""width:500px"">
	<tbody>
		<tr>
			<th scope=""row"">Parte montare</th>
			<td>&nbsp; spate</td>
		</tr>
		<tr>
			<th scope=""row"">Lungime[mm]</th>
			<td>&nbsp;&nbsp; 112.8</td>
		</tr>
		<tr>
			<th scope=""row"">Latime [mm]</th>
			<td>&nbsp;&nbsp;&nbsp; 47.5</td>
		</tr>
		<tr>
			<th scope=""row"">Grosime[mm]</th>
			<td>&nbsp;&nbsp;&nbsp; 16.7</td>
		</tr>
	</tbody>
</table>

<p>&nbsp;</p>
","","","","in_stock","16/1/2017 16:16:05","16/1/2017 16:16:05","kit",""
"3493905",,"0","604","active","ro","MS19755","Garnitura evacuare ","garnitura-evacuare-victor-reinz-ms19755","","etansare , evacuare , galerie, control, gaze, esapament","","<table border=""0"" cellpadding=""1"" cellspacing=""1"" style=""width:500px"">
	<tbody>
		<tr>
			<th scope=""row"">Parte montare</th>
			<td>&nbsp;&nbsp; sistem evacuare</td>
		</tr>
		<tr>
			<th scope=""row"">Producator</th>
			<td>&nbsp; Mahle/Reinz</td>
		</tr>
		<tr>
			<th scope=""row"">&nbsp;</th>
			<td>&nbsp;</td>
		</tr>
	</tbody>
</table>

<p>&nbsp;</p>
","","","","in_stock","16/1/2017 18:23:54","31/7/2017 15:36:00","kit",""
"3493906",,"0","604","active","ro","MS16124","Garnitura evacuare","garnitura-evacuare-ms16124","Garnitura evacuare","etansare , evacuare , galerie, control, gaze, esapament","","<table border=""0"" cellpadding=""1"" cellspacing=""1"" style=""width:500px"">
	<tbody>
		<tr>
			<th scope=""row"">Parte montare</th>
			<td>&nbsp;&nbsp; sistem evacuare</td>
		</tr>
		<tr>
			<th scope=""row"">Producator</th>
			<td>&nbsp;&nbsp; Mahle/Reinz</td>
		</tr>
		<tr>
			<th scope=""row"">&nbsp;</th>
			<td>&nbsp;</td>
		</tr>
	</tbody>
</table>

<p>&nbsp;</p>
","","","","in_stock","16/1/2017 18:43:38","16/1/2017 18:43:38","kit",""
"3493907",,"0","579","active","ro","924350","Set cablu deschidere usa fata ","set-cablu-deschidere-usa-fata-924350","Set cablu deschidere usa fata ","caroserie , usa , deschidere, cablu usa fata ","","<table border=""0"" cellpadding=""1"" cellspacing=""1"" style=""width:500px"">
	<tbody>
		<tr>
			<th scope=""row"">Parte montare</th>
			<td>&nbsp;&nbsp; usa fata</td>
		</tr>
		<tr>
			<th scope=""row"">Parte montare</th>
			<td>&nbsp;&nbsp; stg/dr</td>
		</tr>
		<tr>
			<th scope=""row"">Made in</th>
			<td>&nbsp;&nbsp; China</td>
		</tr>
	</tbody>
</table>

<p>&nbsp;</p>
","","","","in_stock","16/1/2017 21:13:38","16/1/2017 21:13:38","kit",""
"3493908",,"0","588","active","ro","F81Z-8213-AB","Emblema grila fata ovala ","emblema-grila-fata-ovala-f81z-8213-ab","Emblema grila fata ovala ","caroserie, grila, emblema , fata vehicul ","","","","","","in_stock","17/1/2017 17:58:12","17/1/2017 17:58:12","kit",""
"3493909",,"0","588","active","ro","XL3Z-7A110-AA","Indicator treapta viteza","indicator-treapta-viteza-xl3z-7a110-aa","Indicator treapta viteza","cutie viteza , indicatori treapta viteza , automata ","","<table border=""0"" cellpadding=""1"" cellspacing=""1"" style=""width:500px"">
	<tbody>
		<tr>
			<th scope=""row"">Parte montare</th>
			<td>&nbsp; maneta schimbator cutie viteza automata</td>
		</tr>
		<tr>
			<th scope=""row"">Producator</th>
			<td>&nbsp;&nbsp; Origine Ford</td>
		</tr>
		<tr>
			<th scope=""row"">&nbsp;</th>
			<td>&nbsp;</td>
		</tr>
	</tbody>
</table>

<p>&nbsp;</p>
","","","","","17/1/2017 18:38:41","17/1/2017 18:38:41","kit",""
"3493913",,"0","97","active","ro","K6654","Brat semicaseta directie (Pitman arm)","brat-semicaseta-directie-pitman-arm-k6654","Brat semicaseta directie (Pitman arm)","Caseta directie, directie , pompa servo , servodirectie .elemente directie , suspensie directie  roti, articulatii directie ","","<table border=""0"" cellpadding=""1"" cellspacing=""1"" style=""width:500px"">
	<tbody>
		<tr>
			<th scope=""row"">Parte montare</th>
			<td>&nbsp; sistem directie</td>
		</tr>
		<tr>
			<th scope=""row"">Parte montare</th>
			<td>&nbsp;&nbsp; stanga</td>
		</tr>
		<tr>
			<th scope=""row"">Brat semicaseta</th>
			<td>&nbsp;&nbsp; 3 spline (pana)</td>
		</tr>
	</tbody>
</table>

<p>&nbsp;</p>
","","","","in_stock","19/1/2017 19:01:52","19/1/2017 19:01:52","kit",""
"3493912",,"0","580","active","ro","FL2056","Filtru ulei ","filtru-ulei-motorcraft-fl2056","Filtru ulei ","Filtru ulei ","Filtru ulei ","<table border=""0"" cellpadding=""1"" cellspacing=""1"" style=""width:500px"">
	<tbody>
		<tr>
			<th>Tip filtru</th>
			<td>Filtru insurubabil</td>
			<th>Diametru carcasa [mm]</th>
			<td>74,7</td>
			<th>Filet cuplaj</th>
			<td>M22x1,5</td>
			<th>Diametru simering [mm]</th>
			<td>70,4</td>
			<th>Diametru interior 2 [mm]</th>
			<td>62</td>
		</tr>
	</tbody>
</table>
","Filtru ulei ","no","no","in_stock","18/1/2017 21:19:13","23/2/2017 20:12:36","newOEM",""
"3493917",,"0","609","active","ro","1307340","Pompa de apa","pompa-de-apa-1307340","Pompa de apa","racire motor , pompa apa","","<table border=""0"" cellpadding=""1"" cellspacing=""1"" style=""width:500px"">
	<tbody>
		<tr>
			<th scope=""row"">Parte montare</th>
			<td>&nbsp;&nbsp; sistem racire motor</td>
		</tr>
		<tr>
			<th scope=""row"">Made in</th>
			<td>&nbsp;&nbsp; China</td>
		</tr>
		<tr>
			<th scope=""row"">&nbsp;</th>
			<td>&nbsp;</td>
		</tr>
	</tbody>
</table>

<p>&nbsp;</p>
","","","","in_stock","25/1/2017 17:58:50","25/1/2017 18:05:51","kit",""
"3493918",,"0","577","active","ro","15194579","Conducta racire ulei","conducta-racire-ulei-15194579","Conducta racire ulei","motor, ungere, conducta racire ulei","","<table border=""0"" cellpadding=""1"" cellspacing=""1"" style=""width:500px"">
	<tbody>
		<tr>
			<th scope=""row"">Parte montare</th>
			<td>&nbsp;&nbsp;&nbsp; Motor la radiator racire ulei</td>
		</tr>
		<tr>
			<th scope=""row"">Made in</th>
			<td>&nbsp;&nbsp;&nbsp; Canada</td>
		</tr>
		<tr>
			<th scope=""row"">Producator</th>
			<td>&nbsp;&nbsp;&nbsp;&nbsp; Origine</td>
		</tr>
	</tbody>
</table>

<p>&nbsp;</p>
","","","","in_stock","25/1/2017 19:08:19","25/1/2017 19:08:19","kit",""
"3493919",,"0","580","active","ro","FL910S","Filtru ulei","filtru-ulei-motorcraft-fl910s","Filtru ulei","Filtru ulei","Filtru ulei","<table border=""0"" cellpadding=""1"" cellspacing=""1"" style=""width:500px"">
	<tbody>
		<tr>
			<th scope=""row"">Tip filtru</th>
			<td>&nbsp;Filtru insurubabil</td>
		</tr>
		<tr>
			<th scope=""row"">Diametru carcasa [mm]</th>
			<td>&nbsp;76</td>
		</tr>
		<tr>
			<th scope=""row"">Filet cuplaj</th>
			<td>&nbsp;3/4&quot;-16</td>
		</tr>
		<tr>
			<th scope=""row"">Diametru simering [mm]</th>
			<td>&nbsp;70</td>
		</tr>
		<tr>
			<th scope=""row"">Diametru simering 2 [mm]</th>
			<td>&nbsp;61</td>
		</tr>
	</tbody>
</table>

<p>&nbsp;</p>
","","no","no","in_stock","26/1/2017 13:41:40","26/1/2017 13:55:02","newOEM",""
"3493920",,"0","580","active","ro","FA1918","Filtru aer","filtru-aer-fa1918","Filtru aer","Filtru aer","","<table border=""0"" cellpadding=""1"" cellspacing=""1"" style=""width:500px"">
	<tbody>
		<tr>
			<th scope=""row"">Tip filtru</th>
			<td>&nbsp;Filtru panou</td>
		</tr>
		<tr>
			<th scope=""row"">Dimensiuni [L x l x H] [cm]</th>
			<td>&nbsp;28 x 26 x 5.5</td>
		</tr>
	</tbody>
</table>

<p>&nbsp;</p>
","","","","in_stock","26/1/2017 14:02:17","26/1/2017 14:22:50","kit",""
"3493921",,"0","577","active","ro","CF194","Filtru habitaclu","filtru-habitaclu-cf194","Filtru habitaclu","filtru habitaclu","","<table border=""0"" cellpadding=""1"" cellspacing=""1"" style=""width:500px"">
	<tbody>
		<tr>
			<th scope=""row"">Tip filtru</th>
			<td>&nbsp;Filtru panou</td>
		</tr>
		<tr>
			<th scope=""row"">Dimensiuni [L x l x H] [cm]</th>
			<td>&nbsp;23.5 x 26 x 2.5</td>
		</tr>
	</tbody>
</table>

<p>&nbsp;</p>
","","","","in_stock","26/1/2017 14:42:38","26/1/2017 14:42:38","kit",""
"3493925",,"0","121","active","ro","46418W","Filtru aer","filtru-aer-46418w","Filtru aer","Filtru aer","","<table border=""0"" cellpadding=""1"" cellspacing=""1"" style=""width:500px"">
	<tbody>
		<tr>
			<th scope=""row"">Tip filtru</th>
			<td>&nbsp;Insertie filtru</td>
		</tr>
		<tr>
			<th scope=""row"">Inaltime [mm]</th>
			<td>&nbsp;198</td>
		</tr>
		<tr>
			<th scope=""row"">Diametru exterior [mm]</th>
			<td>&nbsp;207</td>
		</tr>
		<tr>
			<th scope=""row"">Diametru 2 [mm]</th>
			<td>&nbsp;130</td>
		</tr>
	</tbody>
</table>

<p>&nbsp;</p>
","","","","in_stock","26/1/2017 16:15:48","26/1/2017 16:15:48","kit",""
"3493926",,"0","577","active","ro","2131576","Senzor detonatie","senzor-detonatie-12623730","Senzor detonatie","sistem emisie, esapament, detonatie","","<table border=""0"" cellpadding=""1"" cellspacing=""1"" style=""width:500px"">
	<tbody>
		<tr>
			<th scope=""row"">Parte montare</th>
			<td>&nbsp; sistem esapament</td>
		</tr>
		<tr>
			<th scope=""row"">Made in</th>
			<td>&nbsp; Japan</td>
		</tr>
		<tr>
			<th scope=""row"">Cod GM</th>
			<td>&nbsp;&nbsp; 12623730</td>
		</tr>
	</tbody>
</table>

<p>&nbsp;</p>
","","","","in_stock","26/1/2017 16:41:38","26/1/2017 16:48:12","kit",""
"3493927",,"0","250","active","ro","PS310","Senzor presiune ulei","senzor-presiune-ulei-ps310","Senzor presiune ulei","Senzor presiune ulei","","<table border=""0"" cellpadding=""1"" cellspacing=""1"" style=""width:500px"">
	<tbody>
		<tr>
			<th scope=""row"">Nr. mufe</th>
			<td>&nbsp;2</td>
		</tr>
		<tr>
			<th scope=""row"">Tip mufa</th>
			<td>&nbsp;tata</td>
		</tr>
	</tbody>
</table>

<p>&nbsp;</p>
","","","","in_stock","26/1/2017 17:04:03","26/1/2017 17:05:49","kit",""
"3493928",,"0","610","active","ro","41250","Kit reparatie etrier","kit-reparatie-etrier-41250","Kit reparatie etrier","Kit reparatie etrier","","<table border=""0"" cellpadding=""1"" cellspacing=""1"" style=""width:500px"">
	<tbody>
		<tr>
			<th scope=""row"">Parte montare&nbsp;</th>
			<td>&nbsp;fata</td>
		</tr>
		<tr>
			<th scope=""row"">Pozitie</th>
			<td>&nbsp;stanga/dreapta</td>
		</tr>
	</tbody>
</table>

<p>&nbsp;</p>
","","","","in_stock","26/1/2017 18:33:58","26/1/2017 18:37:36","kit",""
"3493929",,"0","598","active","ro","52109664AA","Senzor presiune roata","senzor-presiune-roata-52109664aa","Senzor presiune roata","Senzor presiune roata","","<p>Senzor presiune roata OEM; Made in USA</p>
","","","","in_stock","26/1/2017 19:30:24","26/1/2017 19:30:24","kit",""
"3493930",,"0","579","active","ro","800722","Cupla conducta servodirectie","cupla-conducta-servodirectie-800722","Cupla conducta servodirectie","Cupla conducta servodirectie","","<table border=""0"" cellpadding=""1"" cellspacing=""1"" style=""width:500px"">
	<tbody>
		<tr>
			<th scope=""row"">Material</th>
			<td>&nbsp;Otel</td>
		</tr>
		<tr>
			<th scope=""row"">Lungime [mm]</th>
			<td>&nbsp;35</td>
		</tr>
		<tr>
			<th scope=""row"">Filet</th>
			<td>&nbsp;M20- 1.50</td>
		</tr>
		<tr>
			<th scope=""row"">Diametru interior [mm]</th>
			<td>&nbsp;13</td>
		</tr>
	</tbody>
</table>

<p>Articol made in USA.</p>
","","","","in_stock","26/1/2017 19:41:35","26/1/2017 19:41:35","kit",""
"3493931",,"0","598","active","ro","8121781","Simering planetara","simering-planetara-8121781","Simering planetara","Simering planetara","","<table border=""0"" cellpadding=""1"" cellspacing=""1"" style=""width:500px"">
	<thead>
		<tr>
			<th scope=""col"">Articol OEM &nbsp; &nbsp; &nbsp;</th>
		</tr>
	</thead>
	<tbody>
		<tr>
			<th scope=""row"">&nbsp; &nbsp; &nbsp; &nbsp; &nbsp;Made in USA</th>
		</tr>
	</tbody>
</table>

<p>&nbsp;</p>
","","","","in_stock","26/1/2017 19:57:51","26/1/2017 20:26:43","kit",""
"3493933",,"0","612","active","ro","XF65277","Filtru combustibil","filtru-combustibil-ecogard-xf65277","Filtru combustibil","Filtru combustibil","Filtru combustibil","<table border=""0"" cellpadding=""1"" cellspacing=""1"" style=""width:500px"">
	<tbody>
		<tr>
			<th scope=""row"">Tip filtru</th>
			<td>&nbsp;Filtru conducta</td>
		</tr>
		<tr>
			<th scope=""row"">Inaltime [mm]</th>
			<td>&nbsp;182</td>
		</tr>
		<tr>
			<th scope=""row"">Diametru carcasa [mm]</th>
			<td>&nbsp;59</td>
		</tr>
	</tbody>
</table>

<p>&nbsp;</p>
","","no","no","in_stock","30/1/2017 13:05:05","30/1/2017 13:07:48","newOEM",""
"3493934",,"0","147","active","ro","710569","Simering roata","simering-roata-710569","Simering roata","Simering roata","","<table border=""0"" cellpadding=""1"" cellspacing=""1"" style=""width:500px"">
	<tbody>
		<tr>
			<th scope=""row"">Material</th>
			<td>&nbsp;Nitril</td>
		</tr>
		<tr>
			<th scope=""row"">Diametru exterior [mm]</th>
			<td>&nbsp;112</td>
		</tr>
		<tr>
			<th scope=""row"">Latime [mm]</th>
			<td>&nbsp;16</td>
		</tr>
	</tbody>
</table>

<p>&nbsp;</p>
","","no","no","in_stock","30/1/2017 13:22:03","30/1/2017 13:22:03","kit",""
"3493935",,"0","597","active","ro","10511","Buson rezervor combustibil","buson-rezervor-combustibil-10511","Buson rezervor combustibil","Buson rezervor combustibil","","<table border=""0"" cellpadding=""1"" cellspacing=""1"" style=""width:500px"">
	<tbody>
		<tr>
			<th scope=""row"">Chei incluse</th>
			<td>&nbsp;Da</td>
		</tr>
		<tr>
			<th scope=""row"">Adancime [mm]</th>
			<td>&nbsp;65</td>
		</tr>
		<tr>
			<th scope=""row"">Diametru carcasa [mm]</th>
			<td>&nbsp;68</td>
		</tr>
		<tr>
			<th scope=""row"">Posibilitate de incuiere</th>
			<td>&nbsp;Da</td>
		</tr>
	</tbody>
</table>

<p>&nbsp;</p>
","","no","no","in_stock","30/1/2017 13:44:23","30/1/2017 13:44:23","kit",""
"3493936",,"0","613","active","ro","G578","Filtru combustibil ","filtru-combustibil-champ-g578","Filtru combustibil ","Filtru combustibil ","Filtru combustibil ","<table border=""0"" cellpadding=""1"" cellspacing=""1"" style=""width:500px"">
	<tbody>
		<tr>
			<th scope=""row"">Inaltime[mm]</th>
			<td>&nbsp; 137</td>
		</tr>
		<tr>
			<th scope=""row"">Diametru exterior[mm]</th>
			<td>&nbsp;&nbsp; 55</td>
		</tr>
		<tr>
			<th scope=""row"">Dimensiune filet</th>
			<td>&nbsp; M16x1.50</td>
		</tr>
		<tr>
			<th scope=""row"">Cod origine</th>
			<td>&nbsp; 25121942 (33311wix)</td>
		</tr>
	</tbody>
</table>

<p>&nbsp;</p>
","","no","no","in_stock","30/1/2017 13:56:02","2/2/2017 19:00:06","newOEM",""
"3493938",,"0","615","active","ro","FF943","Filtru combustibil ","filtru-combustibil-ff943","Filtru combustibil ","alimentare combustibil , filtru, combustibil , filtrare ","","<table border=""0"" cellpadding=""1"" cellspacing=""1"" style=""width:500px"">
	<tbody>
		<tr>
			<th scope=""row"">Inaltime [mm]</th>
			<td>&nbsp;&nbsp; 157</td>
		</tr>
		<tr>
			<th scope=""row"">Diametru exterior [mm]</th>
			<td>&nbsp;&nbsp;&nbsp; 94</td>
		</tr>
		<tr>
			<th scope=""row"">Diametru interior [mm]</th>
			<td>&nbsp;&nbsp;&nbsp; 21</td>
		</tr>
		<tr>
			<th scope=""row"">Made in</th>
			<td>&nbsp;&nbsp;&nbsp; USA</td>
		</tr>
	</tbody>
</table>

<p>&nbsp;</p>
","","","","in_stock","30/1/2017 14:34:31","30/1/2017 14:34:31","kit",""
"3493939",,"0","614","active","ro","8835S","Simering roata","simering-roata-8835s","Simering roata","Simering roata","","<table border=""0"" cellpadding=""1"" cellspacing=""1"" style=""width:500px"">
	<tbody>
		<tr>
			<th scope=""row"">Material&nbsp;</th>
			<td>&nbsp;Nitril</td>
		</tr>
		<tr>
			<th scope=""row"">Diametru exterior [mm]</th>
			<td>&nbsp;66</td>
		</tr>
		<tr>
			<th scope=""row"">Dimensiune tija [mm]</th>
			<td>&nbsp;41</td>
		</tr>
	</tbody>
</table>

<p>&nbsp;</p>
","","no","no","in_stock","30/1/2017 15:02:17","30/1/2017 15:02:17","kit",""
"3493940",,"0","170","active","ro","AF26298","Filtru aer","filtru-aer-fleetguard-af26298","Filtru aer","Filtru aer","Filtru aer","<table border=""0"" cellpadding=""1"" cellspacing=""1"" style=""width:500px"">
	<tbody>
		<tr>
			<th scope=""row"">Latime [mm]</th>
			<td>&nbsp;237</td>
		</tr>
		<tr>
			<th scope=""row"">Lungime [mm]</th>
			<td>&nbsp;350</td>
		</tr>
		<tr>
			<th scope=""row"">Inaltime [mm]</th>
			<td>&nbsp;44</td>
		</tr>
	</tbody>
</table>

<p>&nbsp;</p>
","","no","no","in_stock","30/1/2017 16:17:03","30/1/2017 16:20:10","newOEM",""
"3493941",,"0","572","active","ro","PH561","Filtru ulei ","filtru-ulei-luber-finer-ph561","Filtru ulei ","Filtru ulei ","Filtru ulei ","<table border=""0"" cellpadding=""1"" cellspacing=""1"" style=""width:500px"">
	<tbody>
		<tr>
			<th scope=""row"">Tip filtru</th>
			<td>&nbsp;Filtru insurubabil</td>
		</tr>
		<tr>
			<th scope=""row"">Inaltime [mm]</th>
			<td>&nbsp;123</td>
		</tr>
		<tr>
			<th scope=""row"">Diametru exterior [mm]</th>
			<td>&nbsp;76</td>
		</tr>
		<tr>
			<th scope=""row"">Dimensiune filet</th>
			<td>&nbsp;3/4&quot;-16UNF</td>
		</tr>
	</tbody>
</table>

<p>&nbsp;</p>
","","no","no","in_stock","30/1/2017 16:24:28","30/1/2017 16:29:59","newOEM",""
"3493942",,"0","613","active","ro","PH47","Filtru ulei","filtru-ulei-ph47","Filtru ulei","Filtru ulei","","<table border=""0"" cellpadding=""1"" cellspacing=""1"" style=""width:500px"">
	<tbody>
		<tr>
			<th scope=""row"">Tip filtru</th>
			<td>&nbsp;Filtru insurubabil</td>
		</tr>
		<tr>
			<th scope=""row"">Inaltime [mm]</th>
			<td>&nbsp;88</td>
		</tr>
		<tr>
			<th scope=""row"">Diametru exterior [mm]</th>
			<td>&nbsp;74</td>
		</tr>
		<tr>
			<th scope=""row"">Dimensiune filet</th>
			<td>&nbsp;M18 &nbsp; &nbsp; &nbsp; &nbsp; &nbsp; FF</td>
		</tr>
	</tbody>
</table>

<p>&nbsp;</p>
","","","","in_stock","30/1/2017 17:42:37","30/1/2017 17:43:26","kit",""
"3493943",,"0","613","active","ro","PH51A","Filtru ulei","filtru-ulei-ph51a","Filtru ulei","Filtru ulei","","<table border=""0"" cellpadding=""1"" cellspacing=""1"" style=""width:500px"">
	<tbody>
		<tr>
			<th scope=""row"">Tip filtru</th>
			<td>&nbsp;Filtru insurubabil</td>
		</tr>
		<tr>
			<th scope=""row"">Inaltime [mm]</th>
			<td>&nbsp;123</td>
		</tr>
		<tr>
			<th scope=""row"">Diametru exterior [mm]</th>
			<td>&nbsp;74</td>
		</tr>
		<tr>
			<th scope=""row"">Dimensiune filet [mm]</th>
			<td>&nbsp;M18 &nbsp; &nbsp; &nbsp; FF</td>
		</tr>
	</tbody>
</table>

<p>&nbsp;</p>
","","","","in_stock","30/1/2017 17:59:05","30/1/2017 17:59:05","kit",""
"3493944",,"0","613","active","ro","PH59","Filtru ulei","filtru-ulei-ph59","Filtru ulei","Filtru ulei","","<table border=""0"" cellpadding=""1"" cellspacing=""1"" style=""width:500px"">
	<tbody>
		<tr>
			<th scope=""row"">Tip filtru</th>
			<td>&nbsp;Filtru insurubabil</td>
		</tr>
		<tr>
			<th scope=""row"">&nbsp;Inaltime [mm]</th>
			<td>&nbsp;115</td>
		</tr>
		<tr>
			<th scope=""row"">Diametru exterior [mm]</th>
			<td>&nbsp;74</td>
		</tr>
		<tr>
			<th scope=""row"">Dimensiune filet [mm]</th>
			<td>&nbsp;13/16-16UNF</td>
		</tr>
	</tbody>
</table>

<p>&nbsp;</p>
","","","","in_stock","30/1/2017 18:28:02","30/1/2017 18:28:02","kit",""
"3493945",,"0","612","active","ro","XA5672","Filtru aer","filtru-aer-ecogard-xa5672","Filtru aer","Filtru aer","Filtru aer","<table border=""0"" cellpadding=""1"" cellspacing=""1"" style=""width:500px"">
	<tbody>
		<tr>
			<th scope=""row"">Lungime [mm]</th>
			<td>&nbsp;237</td>
		</tr>
		<tr>
			<th scope=""row"">Latime [mm]</th>
			<td>&nbsp;214</td>
		</tr>
		<tr>
			<th scope=""row"">Inaltime [mm]</th>
			<td>&nbsp;43</td>
		</tr>
	</tbody>
</table>

<p>&nbsp;</p>
","","no","no","in_stock","30/1/2017 18:32:18","30/1/2017 18:34:35","newOEM",""
"3493946",,"0","250","active","ro","FD503","Bobina aprindere","bobina-aprindere-fd503","Bobina aprindere","Bobina aprindere","","<table border=""0"" cellpadding=""1"" cellspacing=""1"" style=""width:500px"">
	<tbody>
		<tr>
			<th scope=""row"">Nr. mufe</th>
			<td>&nbsp;2</td>
		</tr>
		<tr>
			<th scope=""row"">Tip mufa</th>
			<td>&nbsp;tata</td>
		</tr>
		<tr>
			<th scope=""row"">Tensiune [V]</th>
			<td>&nbsp;12</td>
		</tr>
	</tbody>
</table>

<p>&nbsp;</p>
","","","","in_stock","30/1/2017 20:09:56","30/1/2017 20:11:35","kit",""
"3493947",,"0","121","active","ro","57060","Filtru ulei","filtru-ulei-wix-filters-57060","Filtru ulei","Filtru ulei","Filtru ulei","<table border=""0"" cellpadding=""1"" cellspacing=""1"" style=""width:500px"">
	<tbody>
		<tr>
			<th scope=""row"">Tip filtru</th>
			<td>&nbsp;Filtru insurubabil</td>
		</tr>
		<tr>
			<th scope=""row"">Inaltime [mm]</th>
			<td>&nbsp;87</td>
		</tr>
		<tr>
			<th scope=""row"">Diametru exterior [mm]</th>
			<td>&nbsp;74</td>
		</tr>
		<tr>
			<th scope=""row"">Dimensiune filet&nbsp;</th>
			<td>&nbsp;M22</td>
		</tr>
	</tbody>
</table>

<p>&nbsp;</p>
","","no","no","in_stock","30/1/2017 20:15:50","30/1/2017 20:19:23","newOEM",""
"3493948",,"0","616","active","ro","WAF112","Filtru aer","filtru-aer-qwp-waf112","Filtru aer","Filtru aer","Filtru aer","<table border=""0"" cellpadding=""1"" cellspacing=""1"" style=""width:500px"">
	<tbody>
		<tr>
			<th scope=""row"">Tip filtru</th>
			<td>&nbsp;Insertie</td>
		</tr>
		<tr>
			<th scope=""row"">Inaltime [mm]</th>
			<td>&nbsp;91</td>
		</tr>
		<tr>
			<th scope=""row"">Diametru exterior [mm]</th>
			<td>&nbsp;296</td>
		</tr>
	</tbody>
</table>

<p>&nbsp;</p>
","","no","no","in_stock","30/1/2017 20:27:03","30/1/2017 20:29:07","newOEM",""
"3493949",,"0","577","active","ro","15005612","Bucsa bara stabilizatoare","bucsa-bara-stabilizatoare-15005612","Bucsa bara stabilizatoare","Bucsa bara stabilizatoare","","<table border=""0"" cellpadding=""1"" cellspacing=""1"" style=""width:500px"">
	<tbody>
		<tr>
			<th scope=""row"">Dimensiune bara [mm]</th>
			<td>&nbsp;36</td>
		</tr>
	</tbody>
</table>

<p>&nbsp;</p>
","","","","in_stock","30/1/2017 20:43:49","30/1/2017 20:43:49","kit",""
"3493950",,"0","121","active","ro","33129","Filtru combustibil","filtru-combustibil-wix-filters-33129","Filtru combustibil","Filtru combustibil","Filtru combustibil","<table border=""0"" cellpadding=""1"" cellspacing=""1"" style=""width:500px"">
	<tbody>
		<tr>
			<th scope=""row"">Tip filtru</th>
			<td>&nbsp;Filtru conducta</td>
		</tr>
		<tr>
			<th scope=""row"">Inaltime [mm]</th>
			<td>&nbsp;123</td>
		</tr>
		<tr>
			<th scope=""row"">Diametru exterior [mm]</th>
			<td>&nbsp;55</td>
		</tr>
	</tbody>
</table>

<p>&nbsp;</p>
","","no","no","in_stock","30/1/2017 20:49:35","30/1/2017 20:51:03","newOEM",""
"3493951",,"0","121","active","ro","57090","Filtru ulei","filtru-ulei-wix-filters-57090","Filtru ulei","Filtru ulei","Filtru ulei","<table border=""0"" cellpadding=""1"" cellspacing=""1"" style=""width:500px"">
	<tbody>
		<tr>
			<th scope=""row"">Tip filtru</th>
			<td>&nbsp;Insertie</td>
		</tr>
		<tr>
			<th scope=""row"">Inaltime [mm]</th>
			<td>&nbsp;97</td>
		</tr>
		<tr>
			<th scope=""row"">Diametru exterior [mm]</th>
			<td>&nbsp;53</td>
		</tr>
	</tbody>
</table>

<p>&nbsp;</p>
","","no","no","in_stock","30/1/2017 20:55:01","30/1/2017 20:56:51","newOEM",""
"3493952",,"0","577","active","ro","PF63E","Filtru ulei","filtru-ulei-pf63e","Filtru ulei","Filtru ulei","","<table border=""0"" cellpadding=""1"" cellspacing=""1"" style=""width:500px"">
	<tbody>
		<tr>
			<th scope=""row"">Tip filtru</th>
			<td>&nbsp;Filtru insurubabil</td>
		</tr>
		<tr>
			<th scope=""row"">&nbsp;</th>
			<td>&nbsp;</td>
		</tr>
		<tr>
			<th scope=""row"">&nbsp;</th>
			<td>&nbsp;</td>
		</tr>
	</tbody>
</table>

<p>&nbsp;</p>
","","","","in_stock","30/1/2017 21:14:14","10/1/2025 09:14:57","kit",""
"3493953",,"0","121","active","ro","57079","Filtru ulei","filtru-ulei-wix-filters-57079","Filtru ulei","Filtru ulei","Filtru ulei","<table border=""0"" cellpadding=""1"" cellspacing=""1"" style=""width:500px"">
	<tbody>
		<tr>
			<th scope=""row"">Tip filtru</th>
			<td>&nbsp;Element</td>
		</tr>
		<tr>
			<th scope=""row"">Inaltime [mm]</th>
			<td>&nbsp;112</td>
		</tr>
		<tr>
			<th scope=""row"">Diametru exterior [mm]</th>
			<td>&nbsp;51</td>
		</tr>
		<tr>
			<th scope=""row"">Diametru interior [mm]</th>
			<td>&nbsp;19</td>
		</tr>
	</tbody>
</table>

<p>&nbsp;</p>
","","no","no","in_stock","31/1/2017 14:16:15","31/1/2017 14:17:44","newOEM",""
"3493954",,"0","170","active","ro","FS1295 (FS01295)","Filtru combustibil","filtru-combustibil-fs1295-fs01295","Filtru combustibil","alimentare combustibil , filtru, combustibil , filtrare","","<table border=""0"" cellpadding=""1"" cellspacing=""1"" style=""width:500px"">
	<tbody>
		<tr>
			<th scope=""row"">Inaltime[mm]</th>
			<td>&nbsp; 134.11</td>
		</tr>
		<tr>
			<th scope=""row"">Diametru ext.[mm]</th>
			<td>&nbsp;&nbsp;&nbsp; 83.05</td>
		</tr>
		<tr>
			<th scope=""row"">Diametru int.[mm]</th>
			<td>&nbsp;&nbsp;&nbsp; 18.66</td>
		</tr>
	</tbody>
</table>

<p>&nbsp;</p>
","","","","in_stock","31/1/2017 14:42:13","31/1/2017 14:42:13","kit",""
"3493955",,"0","615","active","ro","AF1327","Filtru aer","filtru-aer-af1327","Filtru aer","Filtru aer","","<table border=""0"" cellpadding=""1"" cellspacing=""1"" style=""width:500px"">
	<tbody>
		<tr>
			<th scope=""row"">Tip filtru</th>
			<td>&nbsp;Panou</td>
		</tr>
		<tr>
			<th scope=""row"">Lungime [mm]</th>
			<td>&nbsp;371</td>
		</tr>
		<tr>
			<th scope=""row"">Latime [mm]</th>
			<td>&nbsp;242</td>
		</tr>
		<tr>
			<th scope=""row"">Inaltime [mm]</th>
			<td>&nbsp;30</td>
		</tr>
	</tbody>
</table>

<p>&nbsp;</p>
","","","","in_stock","31/1/2017 14:56:43","31/1/2017 14:56:43","kit",""
"3493956",,"0","121","active","ro","46116","Filtru aer","filtru-aer-wix-filters-46116","Filtru aer","Filtru aer","Filtru aer","<table border=""0"" cellpadding=""1"" cellspacing=""1"" style=""width:500px"">
	<tbody>
		<tr>
			<th scope=""row"">Tip filtru</th>
			<td>&nbsp;Panou</td>
		</tr>
		<tr>
			<th scope=""row"">Inaltime [mm]</th>
			<td>&nbsp;35</td>
		</tr>
		<tr>
			<th scope=""row"">Latime [mm]</th>
			<td>&nbsp;168</td>
		</tr>
		<tr>
			<th scope=""row"">Lungime [mm]</th>
			<td>&nbsp;281</td>
		</tr>
	</tbody>
</table>

<p>&nbsp;</p>
","","no","no","in_stock","31/1/2017 14:59:50","31/1/2017 15:02:02","newOEM",""
"3493957",,"0","121","active","ro","58934","Filtru hidraulic","filtru-hidraulic-wix-filters-58934","Filtru hidraulic","Filtru hidraulic","Filtru hidraulic","<table border=""0"" cellpadding=""1"" cellspacing=""1"" style=""width:500px"">
	<tbody>
		<tr>
			<th scope=""row"">Tip filtru</th>
			<td>&nbsp;Kit filtru transmisie automata</td>
		</tr>
		<tr>
			<th scope=""row"">Parte montare</th>
			<td>&nbsp;Cutie viteze automata</td>
		</tr>
	</tbody>
</table>

<p>&nbsp;</p>
","","no","no","in_stock","31/1/2017 15:22:17","31/1/2017 15:24:46","newOEM",""
"3493958",,"0","580","active","ro","FA1804","Filtru aer","filtru-aer-fa1804","Filtru aer","Filtru aer","","<table border=""0"" cellpadding=""1"" cellspacing=""1"" style=""width:500px"">
	<tbody>
		<tr>
			<th scope=""row"">Tip filtru</th>
			<td>&nbsp;Panou</td>
		</tr>
		<tr>
			<th scope=""row"">Inaltime [mm]</th>
			<td>&nbsp;84</td>
		</tr>
		<tr>
			<th scope=""row"">Latime[mm]</th>
			<td>&nbsp;172</td>
		</tr>
		<tr>
			<th scope=""row"">Lungime [mm]</th>
			<td>&nbsp;298</td>
		</tr>
	</tbody>
</table>

<p>&nbsp;</p>
","","","","in_stock","31/1/2017 15:34:58","31/1/2017 15:34:58","kit",""
"3493959",,"0","580","active","ro","FA1807","Filtru aer","filtru-aer-fa1807","Filtru aer","Filtru aer","","<table border=""0"" cellpadding=""1"" cellspacing=""1"" style=""width:500px"">
	<tbody>
		<tr>
			<th scope=""row"">Tip filtru</th>
			<td>&nbsp;Panou</td>
		</tr>
		<tr>
			<th scope=""row"">Inaltime [mm]</th>
			<td>&nbsp; 58</td>
		</tr>
		<tr>
			<th scope=""row"">Lungime [mm]</th>
			<td>&nbsp;254</td>
		</tr>
		<tr>
			<th scope=""row"">Latime [mm]</th>
			<td>&nbsp;234</td>
		</tr>
	</tbody>
</table>

<p>&nbsp;</p>
","","","","in_stock","31/1/2017 15:39:04","31/1/2017 15:39:04","kit",""
"3493960",,"0","612","active","ro","XA4343","Filtru aer","filtru-aer-xa4343","Filtru aer","Filtru aer","","<table border=""0"" cellpadding=""1"" cellspacing=""1"" style=""width:500px"">
	<tbody>
		<tr>
			<th scope=""row"">Tip filtru</th>
			<td>&nbsp;Panou</td>
		</tr>
		<tr>
			<th scope=""row"">Lungime [mm]</th>
			<td>&nbsp;286</td>
		</tr>
		<tr>
			<th scope=""row"">Latime [mm]</th>
			<td>&nbsp;192</td>
		</tr>
		<tr>
			<th scope=""row"">Inaltime [mm]</th>
			<td>&nbsp;47</td>
		</tr>
	</tbody>
</table>

<p>&nbsp;</p>
","","","","in_stock","31/1/2017 15:50:15","31/1/2017 15:50:15","kit",""
"3493961",,"0","612","active","ro","XA3462","Filtru aer","filtru-aer-ecogard-xa3462","Filtru aer","Filtru aer","Filtru aer","<table border=""0"" cellpadding=""1"" cellspacing=""1"" style=""width:500px"">
	<tbody>
		<tr>
			<th scope=""row"">Tip filtru</th>
			<td>&nbsp;Panou</td>
		</tr>
		<tr>
			<th scope=""row"">Lungime [mm]</th>
			<td>&nbsp;350</td>
		</tr>
		<tr>
			<th scope=""row"">Latime [mm]</th>
			<td>&nbsp;239</td>
		</tr>
		<tr>
			<th scope=""row"">Inaltime [mm]</th>
			<td>&nbsp;48</td>
		</tr>
	</tbody>
</table>

<p>&nbsp;</p>
","","no","no","in_stock","31/1/2017 16:03:17","31/1/2017 16:06:35","newOEM",""
"3493962",,"0","612","active","ro","XC25876","Filtru habitaclu","filtru-habitaclu-xc25876","Filtru habitaclu","filtru habitaclu","","<table border=""0"" cellpadding=""1"" cellspacing=""1"" style=""width:500px"">
	<tbody>
		<tr>
			<th scope=""row"">Tip filtru&nbsp;</th>
			<td>&nbsp;Panou</td>
		</tr>
		<tr>
			<th scope=""row"">Lungime [mm]</th>
			<td>&nbsp;199</td>
		</tr>
		<tr>
			<th scope=""row"">Latime [mm]</th>
			<td>&nbsp;188</td>
		</tr>
		<tr>
			<th scope=""row"">Inaltime [mm]</th>
			<td>&nbsp; 18</td>
		</tr>
	</tbody>
</table>

<p>&nbsp;</p>
","","","","in_stock","31/1/2017 17:00:22","31/1/2017 17:00:22","kit",""
"3493963",,"0","589","active","ro","25798013","Bucsa bascula","bucsa-bascula-25798013","Bucsa bascula","Bucsa bascula","","<table border=""0"" cellpadding=""1"" cellspacing=""1"" style=""width:500px"">
	<tbody>
		<tr>
			<th scope=""row"">Parte montare</th>
			<td>&nbsp;fata</td>
		</tr>
		<tr>
			<th scope=""row"">Parte montare</th>
			<td>&nbsp;spre spate</td>
		</tr>
	</tbody>
</table>

<p>&nbsp;</p>
","","","","in_stock","31/1/2017 18:28:30","31/1/2017 18:28:30","kit",""
"3493965",,"1","617","active","ro","7879","Lichid de etansare a garniturilor; 680 g","lichid-de-etansare-a-garniturilor-680-g-7879","Lichid de etansare a garniturilor","Lichid de etansare a garniturilor","","<p><strong>Lichidul de etanșare garnituri</strong> Rislone constituie cea mai simplă soluție pentru <strong>eliminarea scurgerilor</strong> de lichid de răcire la manșoane. Această formulă conține o combinație de <strong>lichid de etanșare pe bază de silicați de sodiu</strong> compatibil cu antigelul și particule de etanșare a manșoanelor de diferite dimensiuni care pătrund &icirc;n spații și &icirc;n fisuri și care se &icirc;ntăresc pentru a <strong>elimina definitiv scurgerile</strong>. Aceasta etanșează datorită căldurii extreme din interiorul camerei de ardere (2760&deg;C) care funcționează ca un catalizator pentru &icirc;ntărirea definitivă a materialului, făc&acirc;ndu-l mai dur dec&acirc;t manșonul.</p>

<p>Poate fi utilizat pentru <strong>TOATE</strong> motoarele pe benzină sau motorină răcite cu apă.</p>

<p>Poate fi utilizat cu <strong>TOATE</strong> tipurile de antigel, inclusiv cu lichidul de răcire verde sau albastru convențional (pe bază de silicați) și cu cel roșu/portocaliu sau galben (OAT/HOAT) cu durată de viață prelungită.</p>

<p>&nbsp;</p>

<p><strong>Mod de utilizare:</strong></p>

<ul>
	<li>Lăsați motorul să se răcească. Asigurați-vă că motorul este suficient de rece pentru a putea scoate capacul radiatorului &icirc;n condiții de siguranță.</li>
	<li>Agitați bine recipientul. Turnați LICHID DE ETANȘARE GARNITURI direct &icirc;n radiator. Utilizați jumătate de sticlă &icirc;n cazul unui sistem de răcire mic cu o capacitate sub 5,5 litri, precum 4 cilindri fără condiționarea aerului. Sfat: Dacă nu aveți acces la radiator, scoateți furtunul superior &icirc;n cazul &icirc;n care acesta este conectat &icirc;n partea superioară a radiatorului și turnați produsul &icirc;n furtun. Reatașați furtunul și str&acirc;ngeți clema.</li>
	<li>Umpleți radiatorul și rezervorul de preaplin p&acirc;nă la nivelul corespunzător și remontați capacul radiatorului. Porniți motorul.</li>
	<li>Setați sistemului de &icirc;ncălzire la o temperatură ridicată și ventilatorul la maxim.</li>
	<li>Motorul trebuie să funcționeze &icirc;n gol timp de 15 minute.</li>
	<li>Lăsați motorul să se răcească.</li>
	<li>Completați nivelul de lichid din radiator și lăsați LICHIDUL DE ETANȘARE GARNITURI Rislone &icirc;n sistemul de răcire pentru protecție permanentă.</li>
</ul>

<p><strong>Dozare:</strong></p>

<ul>
	<li>Utilizați jumătate de sticlă la 3,75 - 5,5 litri de lichid de răcire.</li>
	<li>Utilizați o sticlă la 5,6 - 15 litri de lichid de răcire.</li>
	<li>Pentru sistemele mai mari, utilizați o sticlă la fiecare 15 litri de lichid de răcire.</li>
</ul>
","Lichidul de etanșare garnituri Rislone constituie cea mai simplă soluție pentru eliminarea scurgerilor de lichid de răcire la manșoane.
Recipient de 680 grame.","yes","no","in_stock","2/2/2017 17:31:10","9/1/2020 12:14:33","",""
"3493966",,"1","617","active","ro","6571","Solutie curatare interior motor; 325 ml","solutie-curatare-interior-motor-325-ml-6571","Solutie curatare interior motor; 325 ml","Solutie curatare interior motor; 325 ml","","<p>Solutie pentru <strong>spalarea interioara a motoarelor</strong>, inaintea schimbului de ulei. Produs recomandat autoturismelor cu consum crescut de ulei, putere redusa.&nbsp;</p>

<p><strong>Beneficii</strong></p>

<ul>
	<li>Elimina calamina, depunerile de calciu si carbon provenite de la combustie</li>
	<li>Neutrealizeaza acidul</li>
</ul>

<p><br />
<strong>Acest produs este recomandat INAINTE de a schimba uleiul de motor.</strong><br />
<br />
<strong>Mod de utilizare:</strong></p>

<ul>
	<li>Lasati motorul sa se raceasca si asigurati-va ca uleiul este la nivel minim;</li>
	<li>Turnati intregul continut al recipientului in motor</li>
	<li>Porniti motorul si lasati-l sa functioneze timp de 5 minute, fara a conduce autoturismul;</li>
	<li>Efectuati schimbul de ulei;</li>
</ul>

<p><strong><em>ATENTIE!</em>&nbsp;</strong><em><strong>Motoarele foarte murdare pot necesita un tratament repetat.​</strong></em></p>

<p><br />
<br />
<br />
<br />
&nbsp;</p>
","Solutie pentru spalarea interioara a motoarelor, inaintea schimbului de ulei.
Recipient de  325 ml.","yes","no","in_stock","2/2/2017 18:00:43","2/2/2017 19:47:57","",""
"3493967",,"1","617","active","ro","7788","Aditiv reparatie consum de ulei; 500ml","aditiv-reparatie-consum-de-ulei-500ml-7788","Aditiv reparatie consum de ulei; 500ml","Aditiv reparati consum de ulei; 500ml","","<p>Aditiv unic in lume destinat exclusiv pentru a<strong> opri consumul de ulei</strong>, in special cand acesta este ars in pistoane.</p>

<p>Contine <strong>polimeri specializati</strong> pentru <strong>etansarea valvelor, tachetilor si revitalizarea garniturilor</strong> care permit scurgerile de ulei in pistoane.</p>

<p>Contine <strong>polimeri sintetici si elastomeri</strong> speciali pentru a oferi <strong>compatibilitate totala cu orice tip de ulei</strong>.</p>

<p><strong>Proprietati si beneficii:</strong></p>

<ul>
	<li>Opreste consumul de ulei pe la valve si pistoane</li>
	<li>Etanseaza segmentii si valvele</li>
	<li>Opreste fumul albastru</li>
	<li>Previne scaderea treptata de ulei</li>
	<li>Se utilizeaza la fiecare 2 schimburi de ulei</li>
	<li>Functioneaza cu motoare pe benzina,diesel sau gaz</li>
	<li>Se poate folosi cu orice tip de ulei (mineral,semi-sintetic sau sintetic)</li>
</ul>

<p><strong>Dozare:</strong></p>

<ul>
	<li>1 flacon la 4-6 L de ulei</li>
	<li>1/2 flacon la 2-3.9&nbsp;L de ulei</li>
</ul>

<p><strong>Mod de utilizare</strong></p>

<ul>
	<li>Opriti motorul</li>
	<li>Agitati flaconul de Rislone</li>
	<li>Turnati in ulei si porniti motorul la relanti sau conduceti masina 15 minute.</li>
	<li>Completati cu ulei daca este necesar</li>
	<li>Majoritatea problemelor de consum se remediaza in maxim 400 km sau 3 zile.</li>
</ul>

<p>&nbsp;</p>
","Aditiv unic in lume destinat exclusiv pentru a opri consumul de ulei, in special cand acesta este ars in pistoane.

Recipient de 500ml","yes","no","in_stock","2/2/2017 18:11:10","14/5/2019 12:35:10","",""
"3493968",,"1","619","active","ro","6422","Tratament de motor AFMT+; 236 ml","tratament-de-motor-afmt-236-ml-6422","Tratament de motor AFMT+; 236 ml","Tratament de motor AFMT+; 236 ml","","<p>Prolong este <strong>singurul tratament de motor</strong> cu distributie in <strong>80 de tari in afara Statelor Unite</strong>.</p>

<p>Performanta sa este consacrata si pretuita de <strong>milioane de utilizatori</strong> in toata lumea.</p>

<p><strong>Proprietati si beneficii:</strong></p>

<ul>
	<li>Tehnologie brevetata international</li>
	<li>Reduce cu p&acirc;nă la 78% uzura pieselor vulnerabile şi scumpe din motor</li>
	<li>Reduce costurile de &icirc;ntreţinere a motorului si formarea spanului</li>
	<li>Protejează şi etanşează segmenţii red&acirc;nd compresia optimă</li>
	<li>Ajută la prevenirea uzurii motoarelor noi şi ameliorează uzura celor vechi, eliminand trepidatia la relanti</li>
	<li>Redă acceleraţia uniformă optimiz&acirc;nd curba de putere&nbsp;</li>
	<li>&Icirc;n cazul de pierdere totală sau parţială a uleiului din baie, Prolong previne griparea motorului</li>
	<li>Se utilizează &icirc;n motoarele diesel şi benzină&nbsp;</li>
</ul>

<p><strong>Dozare:</strong></p>

<ul>
	<li>Flaconul de 236 ml: pentru masini cu baia de ulei pana in 4.5 L</li>
	<li>Flaconul de 354 ml: pentru masini cu baia de ulei peste 4.5 L</li>
</ul>

<p><strong>Mod de utilizare:</strong></p>

<p>&nbsp;</p>

<ul>
	<li>Pentru masini cu baia de ulei intre 3-10 litri se adauga flaconul complet in baia de ulei. In momentul schimbului de ulei, adaugati mai intai flaconul de Prolong dupa care puneti uleiul pana la nivelul optim. Tratamentul se repeta o data la 35.000 km pentru autoturisme. In cazul in care uleiul este deja in baie, nu adaugati Prolong peste nivelul recomandat ci mai intai drenati 350 ml de ulei din baie dupa are adaugati Prolong.</li>
	<li>Rezultatele incep sa se cunoasca dupa 200-300 kilometrii, timp in care produsul a avut timp sa lubrifieze toate componentele motorului.</li>
</ul>

<p>&nbsp;</p>

<ul>
</ul>
","Tratamentul de motor Prolong cu Tehnologia AFMT+ este utilizat în cele mai atroce condiţii din lume pentru a reduce costurile de întreţinere şi pentru a proteja maşinile personale şi utilajele împotriva uzurii.

Recipient de 236 ml.","yes","no","in_stock","2/2/2017 18:29:08","2/2/2017 19:47:26","",""
"3493969",,"1","619","active","ro","3086","Tratament pentru transmisie; 236ml","tratament-pentru-transmisie-236ml-3086","Tratament pentru transmisie; 236ml","Tratament pentru transmisie; 236ml","","<p>Tratamentul de Transmisie Prolong nu este un lubrifiant sau un aditiv. Este un &ldquo;Polarized high strength film fluid&rdquo; adică un <strong>tratament de metal cu &ldquo;peliculă polarizată de mare rezistenţă&rdquo;</strong>.</p>

<p>&nbsp;Este <strong>cel mai bine cotat produs</strong> din lume pentru<strong> aditivarea uleiului de transmisii de orice tip</strong>, in special transmisii in sarcina precum dube si camioane, dar ideal pentru masini in trafic urban care schimba foarte frecvent vitezele unde <strong>protectia anti-forfecare este esentiala</strong>.</p>

<p>Ofera <strong>compatibilitate totala cu orice tip de transmisie</strong>, manuala sau automata.</p>

<p>Amelioreaza majoritatea problemelor manifestate de transmisii.</p>

<p><strong>Proprietati si beneficii:</strong></p>

<ul>
	<li>Eliberează valvele lipicioase care provoacă &ldquo;agăţatul&rdquo; la&nbsp;schimbul de viteze</li>
	<li>Reduce sau elimină ezitarea transmisiei sau schimbul dificil de&nbsp;viteză si formarea spanului</li>
	<li>Reduce temperatura de funcţionare cu 6-10%. Transmisia functioneaza mult mai eficient si mai rapid, eliminand senzatia de &quot;soc&quot; care apare in momentul schimbului de viteze</li>
</ul>

<p><strong>Mod de utilizare:</strong></p>

<ul>
	<li>Tratamentul se pune in proportie de 5% din volumul fluidului&nbsp;de transmisie.</li>
	<li>Se schimba o data cu uleiul si este recomandat a fi schimbat de fiecare data cand se schimba uleiul de transmisie/diferential.</li>
</ul>

<p>&nbsp;</p>
","Tratamentul pentru transmisie este amplificatorul ideal pentru lubrifierea excelenţă şi tratarea transmisiilor manuale sau automate în orice regim de utilizare.

Recipient de 236 ml.","yes","no","in_supplier_stock","2/2/2017 18:40:44","9/3/2020 09:21:15","",""
"3493970",,"1","619","active","ro","957","Aditiv pentru cresterea cifrei octanice OCTANE POWER BOOST; 354 ml","aditiv-pentru-cresterea-cifrei-octanice-octane-power-boost-354-ml-957","Aditiv pentru cresterea cifrei octanice OCTANE POWER BOOST; 354 ml","Aditiv pentru cresterea cifrei octanice OCTANE POWER BOOST; 354 ml","","<p>Prolong Octane Boost este un <strong>aditiv pentru marirea cifrei octanice</strong>. De asemenea, ajuta si la <strong>refacerea cailor putere</strong> si <strong>opreste bataile</strong>, <strong>suieratul si ezitarea</strong>.</p>

<p>Cifrele octanice pot varia in functie de tipul de benzina utilizat.</p>

<p><strong>Aplicarea constanta va ajuta la o imbunatatire continua.&nbsp;</strong></p>

<p><strong>Proprietati si beneficii:</strong></p>

<ul>
	<li>Aditiv legal pentru marirea cifrei octanice&nbsp;</li>
	<li>Reduce consumul de carburant&nbsp;</li>
	<li>Nu modifica noxele</li>
</ul>

<p><br />
<strong>Dozare:</strong></p>

<ul>
	<li>A nu se folosi intreaga cantitate de Prolong la un rezervor mai mic de 60 L.&nbsp;</li>
</ul>

<p><strong>Mod de utilizare:</strong></p>

<ul>
	<li>Se adauga in rezervor inainte de a se efectua plinul cu combustibil.&nbsp;</li>
</ul>

<p><strong>Trateaza 60 L - 75 L de benzina.</strong><br />
&nbsp;</p>
","Prolong Octane Boost este un aditiv pentru marirea cifrei octanice.

Recipient de 354 ml.","yes","no","not_in_stock","2/2/2017 18:58:18","11/11/2019 09:44:37","",""
"3493971",,"1","619","active","ro","1843","Aditiv pentru curatarea injectoarelor -Diesel injector cleaner; 354 ml","aditiv-pentru-curatarea-injectoarelor-diesel-injector-cleaner-354-ml-1843","Aditiv pentru curatarea injectoarelor -Diesel injector cleaner; 354 ml","Aditiv pentru curatarea injectoarelor -Diesel injector cleaner; 354 ml","","<p>Aditivul Diesel injector cleaner este creat special pentru<strong> curatarea injectoarelor si a valvelor de admisie</strong>, <strong>curatand depunerile</strong> care cauzeaza un consum <strong>crescut de combustibil</strong>.</p>

<p><strong>Tratarea periodica</strong> conduce la<strong> aprindere optima</strong>, esentiala pentru <strong>functionare lina</strong>.&nbsp;</p>

<p><strong>Contribuie la reducerea consumului de carburant.</strong></p>

<p>&nbsp;</p>
","Aditivul Diesel injector cleaner este creat special pentru curatarea injectoarelor si a valvelor de admisie, curatand depunerile care cauzeaza un consum crescut de combustibil.

Recipient de 345 ml.","yes","no","not_in_stock","2/2/2017 19:11:05","11/11/2019 09:44:02","",""
"3493972",,"1","574","active","ro","3864","Eco; 250 ml","eco-250-ml-3864","Eco; 250 ml","Eco; 250 ml","","<p>Metabond Eco este un<strong> tratament modern</strong> potrivit motoarelor autoturismelor si autoutilitarelor usoare, ce ajuta la <strong>reducerea frecarii si imbunatatirea lubrifierii</strong>.</p>

<p>Este recomandat motoarelor noi sau uzate, care functioneaza pe benzina, motorina sau gaz, dotate sau fara filtru de particule. Tratamentul se adauga la uleiul de motor.</p>

<p>Principalul efect este<strong> tratarea suprafetelor metalice</strong>, <strong>reducand uzura motorului</strong> si <strong>costurile aferente intretinerii </strong>acesteia.</p>

<p>Formula contine&nbsp;cel mai modern innobilator de suprafete metalice fara cenusa, impreuna cu policeramica de marime nano si ingredienti speciali pentru lubrifiere, <strong>crescand&nbsp;durata de viata a motoarelor</strong> si <strong>reducand pierderile din frecare cu 60%</strong>.</p>

<p>&nbsp;</p>

<p><strong>Proprietati si beneficii:</strong></p>

<ul>
	<li>faciliteaza functionarea motorului si miscarea partilor componente</li>
	<li>reduce consumul de carburant si zgomotul</li>
	<li>folosirea pentru motoare noi poate duce pana la triplarea duratei de viata a motorului</li>
	<li>elimina dificultatile in momentul pornirii la rece</li>
	<li>compatibil cu orice tip de ulei sintetic si mineral</li>
	<li>mareste intervalul de service</li>
</ul>

<p><strong>Aplicaţie:</strong></p>

<p>Poate fi folosit numai &icirc;n motoarele autoturismelor și autoutilitarelor ușoare, noi sau folosite pe benzină, motorină și pe gaz. Conţine ingredienţi specifici uleiurilor de motor pentru autoturisme.</p>

<p><strong>Mod de utilizare:</strong></p>

<ul>
	<li>flaconul se incalzeste inainte de utilizare iar apoi se agita;</li>
	<li>un flacon de 250 ml se adauga la 4-8 litri de ulei proaspat schimbat</li>
	<li>se toarna in motorul cald, iar apoi se lasa in functiune cateva minute</li>
	<li>tratamentul se repeta la fiecare schimb de ulei</li>
</ul>

<p>&nbsp;</p>

<p><strong>Folosirea METABOND ECO presupune aplicarea uleiului prescris de catre producator!</strong></p>

<p><strong>Termen de valabilitate: Nedeschis pe termen nelimitat. După deschidere, termenul este de 2 ani.</strong></p>
","Metabond Eco este un tratament modern potrivit motoarelor autoturismelor si autoutilitarelor usoare, ce ajuta la reducerea frecarii si imbunatatirea lubrifierii.

Recipient de 250 ml.","yes","no","in_stock","2/2/2017 19:27:26","2/2/2017 19:47:04","",""
"3493973",,"1","574","active","ro","5797","Megasel Plus; 5L","megasel-plus-5l-5797","Megasel Plus; 5L","Megasel Plus; 5L","","<p><strong>Noua generatie de tratament de motorina care arde fara cenusa, Megasel Plus a fost dezvoltat pentru a eficientiza functionarea sistemului de combustibil.</strong></p>

<p>Prin compozitia sa, tratamentul <strong>curata sistemul de alimentare si supapele</strong>, fiind recomandat <strong>motoarelor diesel</strong>. In urma tratarii cu Megasel Plus, <strong>durata de viata a motorului creste</strong>.</p>

<p><strong>Imbunatateste proprietatile de pornire la rece, si previne inghetarea pe conducte.</strong><br />
&nbsp;</p>

<p><strong>Avantajele produsului:</strong></p>

<ul>
	<li>Economie de combustibil de 5-15%</li>
	<li>Creşte cifra cetanică</li>
	<li>Tratează suprafețele metalice &icirc;n contact cu combustibilul</li>
	<li>Reduce emisiile de gaze si&nbsp;costurile de intretinere</li>
	<li>&Icirc;mbunătățește pornirea la rece</li>
	<li>Se curăță toată linia de combustibil</li>
	<li>Previne depunerea de carbon, cocs</li>
	<li>&Icirc;mbunătățeşte arderea</li>
	<li>Oprește rugina și coroziunea, mărind durata de viață a sistemului de alimentare</li>
</ul>

<p>&nbsp;</p>

<p><strong>Mod de utilizare:</strong></p>

<ul>
	<li>&Icirc;nainte de alimentarea cu combustibilul la fiecare 10 litri de motorină &nbsp;se adaugă&nbsp; 5 ml de Megasel Plus direct &icirc;n rezervor.</li>
	<li>A nu se folosi la combustibil biodiesel pur! La combustibili minerali sau amestecuri cu biodiesel se folosește doar dacă procentajul acestuia nu depășește 10%!</li>
	<li>Scăderea punctului de solidificare poate fi atinsă prin adaugarea de petrol.</li>
</ul>
","Noua generatie de tratament de motorina care arde fara cenusa, Megasel Plus a fost dezvoltat pentru a eficientiza functionarea sistemului de combustibil.

Recipient 5 L.","yes","no","in_stock","2/2/2017 19:42:03","2/2/2017 19:42:03","",""
"3493974",,"1","574","active","ro","4275","Megasel Plus; 250 ml","megasel-plus-250-ml-4275","Megasel Plus; 250 ml","Megasel Plus; 250 ml","","<p><strong>Noua generatie de tratament de motorina care arde fara cenusa, Megasel Plus a fost dezvoltat pentru a eficientiza functionarea sistemului de combustibil.</strong></p>

<p>Prin compozitia sa, tratamentul <strong>curata sistemul de alimentare si supapele</strong>, fiind recomandat <strong>motoarelor diesel</strong>. In urma tratarii cu Megasel Plus, <strong>durata de viata a motorului creste</strong>.</p>

<p><strong>Imbunatateste proprietatile de pornire la rece, si previne inghetarea pe conducte.</strong><br />
&nbsp;</p>

<p><strong>Avantajele produsului:</strong></p>

<ul>
	<li>Economie de combustibil de 5-15%</li>
	<li>Creşte cifra cetanică</li>
	<li>Tratează suprafețele metalice &icirc;n contact cu combustibilul</li>
	<li>Reduce emisiile de gaze si&nbsp;costurile de intretinere</li>
	<li>&Icirc;mbunătățește pornirea la rece</li>
	<li>Se curăță toată linia de combustibil</li>
	<li>Previne depunerea de carbon, cocs</li>
	<li>&Icirc;mbunătățeşte arderea</li>
	<li>Oprește rugina și coroziunea, mărind durata de viață a sistemului de alimentare</li>
</ul>

<p>&nbsp;</p>

<p><strong>Mod de utilizare:</strong></p>

<ul>
	<li>&Icirc;nainte de alimentarea cu combustibilul la fiecare 10 litri de motorină &nbsp;se adaugă&nbsp; 5 ml de Megasel Plus direct &icirc;n rezervor.</li>
	<li>A nu se folosi la combustibil biodiesel pur! La combustibili minerali sau amestecuri cu biodiesel se folosește doar dacă procentajul acestuia nu depășește 10%!</li>
	<li>Scăderea punctului de solidificare poate fi atinsă prin adaugarea de petrol.</li>
</ul>
","Noua generatie de tratament de motorina care arde fara cenusa, Megasel Plus a fost dezvoltat pentru a eficientiza functionarea sistemului de combustibil.

Recipient 250 ml.","yes","no","in_stock","2/2/2017 19:45:45","2/2/2017 19:45:45","",""
"3494545",,"0","418","active","ro","ZD1707","Placute frana","placute-frana-zd1707","Placute frana","%Placute%frana%cadillac%escalade%chevrolet%tahoe%gmc%yukon%","","<table border=""0"" cellpadding=""1"" cellspacing=""1"" style=""width:500px"">
	<tbody>
		<tr>
			<th scope=""row"">Parte montare</th>
			<td>&nbsp;Spate</td>
		</tr>
		<tr>
			<th scope=""row"">Lungime [mm]</th>
			<td>&nbsp;143</td>
		</tr>
		<tr>
			<th scope=""row"">Latime [mm]</th>
			<td>&nbsp;46</td>
		</tr>
		<tr>
			<th scope=""row"">Grosime [mm]</th>
			<td>&nbsp;17</td>
		</tr>
	</tbody>
</table>

<p>Import SUA</p>
","","no","no","in_stock","17/5/2019 09:01:45","17/5/2019 09:01:45","kit",""
"3493975",,"1","617","active","ro","8588","Reparator pentru motor - Engine Repair; 500ml","reparator-pentru-motor-engine-repair-500ml-8588","Reparator pentru motor - Engine Repair; 500ml","Reparator pentru motor - Engine Repair; 500ml","","<p>Engine Repair ajuta la<strong> eliminarea si prevenirea</strong> <strong>pierderii puterii si a zgomotelor</strong>, <strong>prelungind </strong>astfel<strong> durata de viata</strong> a motorului. Atunci cand uleiul de motor nu mai face fata nevoilor, Engine Repair ii vine in ajutor. Cu un <strong>continut de aditivi de cea mai inalta calitate</strong>, acesta <strong>reduce consumul de ulei</strong>, zgomotele, si <strong>imbunatateste performantele motorului</strong>.</p>

<p>Reparatorul pentru motor poate fi utilizat pentru a completa nivelul de ulei existent atunci cand este scazut sau pentru a adauga o sticla intreaga la schimbarea uleiului si a filtrului.</p>

<p>Este compatibil cu <strong>TOATE</strong> tipurile de ulei de motor, inclusiv cu formulele pe baza&nbsp;de petrol, sintetice sau pentru kilometraj ridicat.</p>

<p><strong>Proprietati si beneficii:</strong></p>

<ul>
	<li>creste presiunea uleiului, reduce frecarea si ajuta la curatarea componentelor interne</li>
	<li>reduce zgomotele (batai, tacanit)</li>
	<li>reduce consumul de ulei, arderea acestuia</li>
	<li>elimina fumul si scurgerile</li>
</ul>

<p><strong>Dozare si mod de utilizare:</strong></p>

<p><strong>Adaugare la uleiul existent:</strong></p>

<ul>
	<li>verificati nivelul de ulei;</li>
	<li>daca este scazut, turnati intregul continut al recipientului cu doua compartimente;</li>
	<li>daca este nevoie completati cu ulei de motor;</li>
	<li>lasati motorul sa functioneze timp de 10/15 minute;</li>
	<li>in functie de problema, rezultatele pot fi vizibile imediat, sau dupa 150 km parcursi;</li>
	<li>in situatia unui motor foarte deteriorat se poate adauga si un al doilea tratament;</li>
</ul>

<p><strong>Schimbarea uleiului </strong></p>

<ul>
	<li>adaugati intreg continutul sticlei dupa schimbarea filtrului;</li>
	<li>completati cu uleiul recomandat de catre producator;</li>
	<li>porniti autoturismul si verificati nivelul de ulei;</li>
</ul>

<p><strong>RECIPIENTUL ESTE IMPARTIT IN DOUA COMPARTIMENTE!</strong></p>

<p><strong>Compartimentul A&nbsp;</strong>contine:</p>

<ul>
	<li>ulei de baza semi-sintetic;</li>
	<li>aditivi pentru performanta;</li>
	<li>agenti pentru presiuni ridicate;</li>
	<li>agenti de modificare a frecarii, de etansare si ingrosare;</li>
	<li>detergenti;</li>
</ul>

<p><strong>Compartimentul B contine</strong></p>

<ul>
	<li>amestec sintetic;</li>
	<li>agent de prevenire a uzurii si imbunatatire a vascozitatii;</li>
</ul>
","Engine Repair ajuta la eliminarea si prevenirea pierderii puterii si a zgomotelor, prelungind astfel durata de viata a motorului.

Recipient de 500 ml impartit in doua compartimente.","yes","no","in_stock","3/2/2017 15:13:57","9/1/2020 12:14:07","",""
"3493976",,"1","582","active","ro","DC118","Aditiv Diesel Complete; 118ml","aditiv-diesel-complete-118ml-dc118","Aditiv Diesel Complete; 118ml","Aditiv Diesel Complete; 118ml","","<p>Aditivul Diesel All-in-one este un aditiv creat pentru a <strong>curata injectoarele si intregul sistem de alimentare diesel</strong>. In timp ce<strong> lubrifiaza pompa de combustibil</strong> si injectoarele,<strong> creste cifra cetanica</strong> a motorinei.</p>

<p>Lubrifierea suplimentara adusa de acest aditiv <strong>creste durata de viata a injectoarelor</strong> si a pompei de combustibil.</p>

<p>Diesel Complete este recomandat pentru <strong>orice autovehicul diesel</strong>: autoturisme, autoutilitare, echipamente agricole sau camioane.</p>

<p>&nbsp;<strong>Proprietati si beneficii:</strong></p>

<ul>
	<li>elimina depunerile si mentine injectoarele curate;</li>
	<li>detergentii previn colmatarea in duze;</li>
	<li>nu lasa reziduuri</li>
	<li>previne infundarea si blocarea&nbsp;injectoarelor</li>
</ul>

<p><strong>Se recomanda folosirea permanenta, la fiecare plin de carburant.</strong></p>

<p><strong>Dozare:</strong></p>

<p><strong>118 ml</strong> de aditiv sunt suficienti pentru a trata pana la <strong>95 l de combustibil</strong>.</p>
","Aditivul Diesel All-in-one este un aditiv creat pentru a curata injectoarele si intregul sistem de alimentare diesel. In timp ce lubrifiaza pompa de combustibil si injectoarele, creste cifra cetanica a motorinei.

Recipient de 118 ml.","yes","no","in_supplier_stock","3/2/2017 15:36:21","3/2/2017 15:38:55","",""
"3493977",,"1","620","active","ro","cib354","Curatator injectoare benzina; 354ml","curatator-injectoare-bnezina-354ml-cib354","Curatator injectoare benzina; 354ml","Curatator injectoare benzina; 354ml","","<p>Curatatorul pentru injectoarele motoarelor alimentate de benzina este un <strong>aditiv concentrat</strong>. Prin formula sa speciala, acesta&nbsp;<strong>elimina depunerile de la injectoare</strong>.</p>

<p><strong>Proprietati si beneficii:</strong></p>

<ul>
	<li>putere mare de curatare;</li>
	<li>elimina pierderile de putere cauzate de injectoare si reda performanta masinii;</li>
	<li>regleaza relantiul printr-o functionare uniforma si corecta a injectoarelor;</li>
</ul>

<p><strong>Mod de utilizare:</strong></p>

<ul>
	<li>destinata autovehiculelor pe benzina/gaz;</li>
	<li><strong>345 ml</strong> trateaza pana la<strong> 80 l</strong> de benzina;</li>
	<li>se recomanda folosirea la fiecare 4.000 de km;</li>
</ul>
","Curatatorul pentru injectoarele motoarelor alimentate de benzina este un aditiv concentrat. Prin formula sa speciala, acesta elimina depunerile de la injectoare.

Recipient de 345 ml.","yes","no","in_stock","3/2/2017 16:31:29","3/2/2017 16:35:34","",""
"3493978",,"0","598","active","ro","12479267","Simering diferential ","simering-diferential-12479267"," Simering diferential ","antrenare punte , diferential , simering , etansare ","","<table border=""0"" cellpadding=""1"" cellspacing=""1"" style=""width:500px"">
	<tbody>
		<tr>
			<th scope=""row"">Producator</th>
			<td>&nbsp;&nbsp;&nbsp; Origine</td>
		</tr>
		<tr>
			<th scope=""row"">Parte montare reper&nbsp; pozitia</th>
			<td>&nbsp;&nbsp;&nbsp;&nbsp; 20 (spre fata )</td>
		</tr>
	</tbody>
</table>

<p>&nbsp;</p>
","","","","in_stock","6/2/2017 14:10:43","23/2/2017 19:23:33","kit",""
"3493979",,"0","598","active","ro","12479249","Garnitura diferential","garnitura-diferential-12479249","Garnitura diferential","antrenare punte , diferential , simering , etansare","","<table border=""0"" cellpadding=""1"" cellspacing=""1"" style=""width:500px"">
	<tbody>
		<tr>
			<th scope=""row"">Producator</th>
			<td>&nbsp;&nbsp; Origine</td>
		</tr>
		<tr>
			<th scope=""row"">Parte montare&nbsp; reper&nbsp; pozitia</th>
			<td>&nbsp;&nbsp;&nbsp; 9</td>
		</tr>
	</tbody>
</table>

<p>&nbsp;</p>
","","","","in_stock","6/2/2017 14:17:42","6/2/2017 14:17:42","kit",""
"3493980",,"0","36","active","ro","9201","Bujie aprindere iridium","bujie-aprindere-iridium-9201","Bujie aprindere iridium","Bujie aprindere iridium","","<table border=""0"" cellpadding=""1"" cellspacing=""1"" style=""width:500px"">
	<tbody>
		<tr>
			<th scope=""row"">Lungime filet [mm]</th>
			<td>&nbsp;19</td>
		</tr>
		<tr>
			<th scope=""row"">Dimensiune filet</th>
			<td>&nbsp;M14</td>
		</tr>
		<tr>
			<th scope=""row"">Deschidere cheie [mm]</th>
			<td>&nbsp;16</td>
		</tr>
		<tr>
			<th scope=""row"">Nr. poli</th>
			<td>&nbsp;1</td>
		</tr>
	</tbody>
</table>

<p>&nbsp;</p>
","","no","no","in_stock","6/2/2017 14:20:43","6/2/2017 14:20:43","kit",""
"3493981",,"0","577","active","ro","9417784","Rulment diferential","rulment-diferential-9417784","Rulment diferential","antrenare punte , diferential , simering , etansare","","<table border=""0"" cellpadding=""1"" cellspacing=""1"" style=""width:500px"">
	<tbody>
		<tr>
			<th scope=""row"">Producator</th>
			<td>&nbsp; Ac Delco</td>
		</tr>
		<tr>
			<th scope=""row"">Parte montare reper pozitie</th>
			<td>&nbsp;&nbsp; 19</td>
		</tr>
	</tbody>
</table>

<p>&nbsp;</p>
","","","","in_stock","6/2/2017 14:25:04","6/2/2017 14:26:23","kit",""
"3493982",,"0","577","active","ro","22510042","Rulment diferential","rulment-diferential-22510042","Rulment diferential","antrenare punte , diferential , simering , etansare","","<table border=""0"" cellpadding=""1"" cellspacing=""1"" style=""width:500px"">
	<tbody>
		<tr>
			<th scope=""row"">Producator</th>
			<td>&nbsp; Ac Delco</td>
		</tr>
		<tr>
			<th scope=""row"">Parte montare reper pozitia</th>
			<td>&nbsp;&nbsp; 17</td>
		</tr>
	</tbody>
</table>

<p>&nbsp;</p>
","","","","in_stock","6/2/2017 14:33:09","6/2/2017 14:33:09","kit",""
"3493983",,"0","579","active","ro","81058","Garnitura presare (elastica) in diferential ","garnitura-presare-elastica-in-diferential-81058","Garnitura presare (elastica) in diferential ","antrenare punte , diferential , simering , etansare","Garnitura presare (elastica) in diferential ","<table border=""0"" cellpadding=""1"" cellspacing=""1"" style=""width:500px"">
	<tbody>
		<tr>
			<th scope=""row"">Producator</th>
			<td>&nbsp;&nbsp; Dorman</td>
		</tr>
		<tr>
			<th scope=""row"">Parte montare reper pozitia</th>
			<td>&nbsp;&nbsp;&nbsp;&nbsp; 18</td>
		</tr>
		<tr>
			<th scope=""row"">Unitate vanzare</th>
			<td>&nbsp;&nbsp;&nbsp;&nbsp; set (2buc)</td>
		</tr>
	</tbody>
</table>

<p>&nbsp;</p>
","","","","in_stock","6/2/2017 14:52:58","6/2/2017 14:52:58","kit",""
"3493998",,"0","613","active","ro","G2908","Filtru combustibil","filtru-combustibil-champ-g2908","Filtru combustibil","Filtru combustibil","Filtru combustibil","<table border=""0"" cellpadding=""1"" cellspacing=""1"" style=""width:500px"">
	<tbody>
		<tr>
			<th scope=""row"">Tip filtru</th>
			<td>&nbsp;Conducta</td>
		</tr>
		<tr>
			<th scope=""row"">Inaltime [mm]</th>
			<td>&nbsp;159</td>
		</tr>
		<tr>
			<th scope=""row"">Diametru [mm]</th>
			<td>&nbsp;81</td>
		</tr>
	</tbody>
</table>

<p>&nbsp;</p>
","","no","no","in_stock","6/2/2017 17:37:46","6/2/2017 18:24:16","newOEM",""
"3493997",,"0","613","active","ro","P3986","Filtru ulei","filtru-ulei-champ-p3986","Filtru ulei","Filtru ulei","Filtru ulei","<table border=""0"" cellpadding=""1"" cellspacing=""1"" style=""width:500px"">
	<tbody>
		<tr>
			<th scope=""row"">Tip filtru</th>
			<td>&nbsp;Cartus</td>
		</tr>
		<tr>
			<th scope=""row"">Inaltime [mm]</th>
			<td>&nbsp;125</td>
		</tr>
		<tr>
			<th scope=""row"">Diametru exterior [mm]</th>
			<td>&nbsp;64</td>
		</tr>
		<tr>
			<th scope=""row"">Diametru interior [mm]</th>
			<td>&nbsp;31</td>
		</tr>
	</tbody>
</table>

<p>&nbsp;</p>
","","no","no","in_stock","6/2/2017 17:37:27","6/2/2017 18:28:16","newOEM",""
"3493996",,"0","613","active","ro","G6580","Filtru combustibil","filtru-combustibil-champ-g6580","Filtru combustibil","Filtru combustibil","Filtru combustibil","<table border=""0"" cellpadding=""1"" cellspacing=""1"" style=""width:500px"">
	<tbody>
		<tr>
			<th scope=""row"">Tip filtru</th>
			<td>&nbsp;Conducta</td>
		</tr>
		<tr>
			<th scope=""row"">Inaltime [mm]</th>
			<td>&nbsp;300</td>
		</tr>
		<tr>
			<th scope=""row"">Diametru [mm]</th>
			<td>&nbsp;55</td>
		</tr>
	</tbody>
</table>

<p>&nbsp;</p>
","","no","no","in_stock","6/2/2017 17:37:11","6/2/2017 18:30:55","newOEM",""
"3493995",,"0","613","active","ro","G6579","Filtru combustibil","filtru-combustibil-champ-g6579","Filtru combustibil","Filtru combustibil","Filtru combustibil","<table border=""0"" cellpadding=""1"" cellspacing=""1"" style=""width:500px"">
	<tbody>
		<tr>
			<th scope=""row"">Tip filtru</th>
			<td>&nbsp;Conducta</td>
		</tr>
		<tr>
			<th scope=""row"">Inaltime [mm]</th>
			<td>&nbsp;173</td>
		</tr>
		<tr>
			<th scope=""row"">Diametru [mm]</th>
			<td>&nbsp;76</td>
		</tr>
	</tbody>
</table>

<p>&nbsp;</p>
","","no","no","in_stock","6/2/2017 17:36:52","6/2/2017 18:33:12","newOEM",""
"3493994",,"0","613","active","ro","G6570","Filtru combustibil","filtru-combustibil-champ-g6570","Filtru combustibil","Filtru combustibil","Filtru combustibil","<table border=""0"" cellpadding=""1"" cellspacing=""1"" style=""width:500px"">
	<tbody>
		<tr>
			<th scope=""row"">Tip filtru</th>
			<td>&nbsp;Conducta</td>
		</tr>
		<tr>
			<th scope=""row"">Inaltime [mm]</th>
			<td>&nbsp;106</td>
		</tr>
		<tr>
			<th scope=""row"">Diametru [mm]</th>
			<td>&nbsp;71</td>
		</tr>
	</tbody>
</table>

<p>&nbsp;</p>
","","no","no","in_stock","6/2/2017 17:36:40","6/2/2017 18:34:58","newOEM",""
"3493993",,"0","613","active","ro","G481","Filtru combustibil","filtru-combustibil-champ-g481","Filtru combustibil","Filtru combustibil","Filtru combustibil","<table border=""0"" cellpadding=""1"" cellspacing=""1"" style=""width:500px"">
	<tbody>
		<tr>
			<th scope=""row"">Tip filtru</th>
			<td>&nbsp;Conducta</td>
		</tr>
		<tr>
			<th scope=""row"">Inaltime [mm]</th>
			<td>&nbsp;109 &nbsp;</td>
		</tr>
		<tr>
			<th scope=""row"">Diametru [mm]</th>
			<td>&nbsp;55</td>
		</tr>
	</tbody>
</table>

<p>&nbsp;</p>
","","no","no","in_stock","6/2/2017 17:36:27","6/2/2017 18:37:19","newOEM",""
"3493992",,"0","613","active","ro","G115","Filtru combustibil","filtru-combustibil-champ-g115","Filtru combustibil","Filtru combustibil","Filtru combustibil","<table border=""0"" cellpadding=""1"" cellspacing=""1"" style=""width:500px"">
	<tbody>
		<tr>
			<th scope=""row"">Tip filtru</th>
			<td>&nbsp;Conducta</td>
		</tr>
		<tr>
			<th scope=""row"">Inaltime [mm]</th>
			<td>&nbsp;105</td>
		</tr>
		<tr>
			<th scope=""row"">Diametru [mm]</th>
			<td>&nbsp;36</td>
		</tr>
	</tbody>
</table>

<p>&nbsp;</p>
","","no","no","in_stock","6/2/2017 17:36:10","6/2/2017 18:39:19","newOEM",""
"3493991",,"0","598","active","ro","12479026","Bolt pinion diferential ","bolt-pinion-diferential-12479026","Bolt pinion diferential ","antrenare punte , diferential , simering , etansare","","<table border=""0"" cellpadding=""1"" cellspacing=""1"" style=""width:500px"">
	<tbody>
		<tr>
			<th scope=""row"">Producator</th>
			<td>&nbsp;&nbsp; Origine</td>
		</tr>
		<tr>
			<th scope=""row"">Parte montare reper pozitie</th>
			<td>&nbsp;&nbsp; 13</td>
		</tr>
	</tbody>
</table>

<p>&nbsp;</p>
","","","","in_stock","6/2/2017 15:12:39","6/2/2017 15:12:39","kit",""
"3494001",,"0","121","active","ro","24883","Filtru habitaclu","filtru-habitaclu-wix-filters-24883","Filtru habitaclu","Filtru habitaclu","Filtru habitaclu","<table border=""0"" cellpadding=""1"" cellspacing=""1"" style=""width:500px"">
	<tbody>
		<tr>
			<th scope=""row"">Tip filtru</th>
			<td>&nbsp;Panou</td>
		</tr>
		<tr>
			<th scope=""row"">Inaltime [mm]</th>
			<td>&nbsp;19</td>
		</tr>
		<tr>
			<th scope=""row"">Latime [mm]</th>
			<td>&nbsp;216</td>
		</tr>
		<tr>
			<th scope=""row"">Lungime [mm]</th>
			<td>&nbsp;216</td>
		</tr>
	</tbody>
</table>

<p>&nbsp;</p>
","","no","no","in_supplier_stock","6/2/2017 19:15:09","7/2/2017 14:40:45","newOEM",""
"3494003",,"0","613","active","ro","AF1618","Filtru aer","filtru-aer-champ-af1618","Filtru aer","Filtru aer","Filtru aer","<table border=""0"" cellpadding=""1"" cellspacing=""1"" style=""width:500px"">
	<tbody>
		<tr>
			<th scope=""row"">Tip filtru</th>
			<td>&nbsp;Panou</td>
		</tr>
		<tr>
			<th scope=""row"">Inaltime [mm]</th>
			<td>&nbsp;41</td>
		</tr>
		<tr>
			<th scope=""row"">Latime [mm]</th>
			<td>&nbsp;167 &nbsp;</td>
		</tr>
		<tr>
			<th scope=""row"">Lungime [mm]</th>
			<td>&nbsp;286</td>
		</tr>
	</tbody>
</table>

<p>&nbsp;</p>
","","no","no","in_stock","6/2/2017 19:20:45","7/2/2017 13:54:49","newOEM",""
"3494004",,"0","121","active","ro","42295","Filtru aer","filtru-aer-wix-filters-42295","Filtru aer","Filtru aer","Filtru aer","<table border=""0"" cellpadding=""1"" cellspacing=""1"" style=""width:500px"">
	<tbody>
		<tr>
			<th scope=""row"">Tip filtru</th>
			<td>&nbsp;Panou</td>
		</tr>
		<tr>
			<th scope=""row"">Inaltime [mm]</th>
			<td>&nbsp;58</td>
		</tr>
		<tr>
			<th scope=""row"">Latime [mm]</th>
			<td>&nbsp;212</td>
		</tr>
		<tr>
			<th scope=""row"">Lungime [mm]</th>
			<td>&nbsp;254</td>
		</tr>
	</tbody>
</table>

<p>&nbsp;</p>
","","no","no","in_stock","7/2/2017 14:06:25","7/2/2017 16:43:23","newOEM",""
"3494005",,"0","121","active","ro","46674","Filtru aer","filtru-aer-wix-filters-46674","Filtru aer","Filtru aer","Filtru aer","<ul>
	<li><strong>COD VECHI 546674</strong></li>
</ul>

<p>&nbsp;</p>

<table border=""0"" cellpadding=""1"" cellspacing=""1"" style=""width:500px"">
	<thead>
	</thead>
	<tbody>
		<tr>
			<th scope=""row"">Tip filtru</th>
			<td>&nbsp;Panou</td>
		</tr>
		<tr>
			<th scope=""row"">Inaltime [mm]</th>
			<td>&nbsp;40</td>
		</tr>
		<tr>
			<th scope=""row"">Latime [mm]</th>
			<td>&nbsp;168</td>
		</tr>
		<tr>
			<th scope=""row"">Lungime [mm]</th>
			<td>&nbsp;247</td>
		</tr>
	</tbody>
</table>

<p>&nbsp;</p>
","","no","no","in_stock","7/2/2017 14:06:41","21/2/2017 17:07:27","newOEM",""
"3494006",,"0","121","active","ro","46799","Filtru aer","filtru-aer-wix-filters-46799","Filtru aer","Filtru aer","Filtru aer","<table border=""0"" cellpadding=""1"" cellspacing=""1"" style=""width:500px"">
	<tbody>
		<tr>
			<th scope=""row"">Tip filtru</th>
			<td>&nbsp;Panou</td>
		</tr>
		<tr>
			<th scope=""row"">Inaltime [mm]</th>
			<td>&nbsp;50</td>
		</tr>
		<tr>
			<th scope=""row"">Latime [mm]</th>
			<td>&nbsp;134&nbsp;</td>
		</tr>
		<tr>
			<th scope=""row"">Lungime [mm]</th>
			<td>&nbsp;355</td>
		</tr>
	</tbody>
</table>

<p>&nbsp;</p>
","","no","no","in_supplier_stock","7/2/2017 14:06:54","7/2/2017 16:47:39","newOEM",""
"3494008",,"0","121","active","ro","42551","Filtru aer","filtru-aer-wix-filters-42551","Filtru aer","Filtru aer","Filtru aer","<table border=""0"" cellpadding=""1"" cellspacing=""1"" style=""width:500px"">
	<tbody>
		<tr>
			<th scope=""row"">Tip filtru</th>
			<td>&nbsp;Panou</td>
		</tr>
		<tr>
			<th scope=""row"">Inaltime [mm]</th>
			<td>&nbsp;41</td>
		</tr>
		<tr>
			<th scope=""row"">Latime [mm]</th>
			<td>&nbsp;174</td>
		</tr>
		<tr>
			<th scope=""row"">Lungime [mm]</th>
			<td>&nbsp;253</td>
		</tr>
	</tbody>
</table>

<p>&nbsp;</p>
","","no","no","in_stock","7/2/2017 14:07:23","7/2/2017 16:51:06","newOEM",""
"3494009",,"0","121","active","ro","51145","Filtru ulei","filtru-ulei-wix-filters-51145","Filtru ulei","Filtru ulei","Filtru ulei","<table border=""0"" cellpadding=""1"" cellspacing=""1"" style=""width:500px"">
	<tbody>
		<tr>
			<th scope=""row"">Tip filtru</th>
			<td>&nbsp;Cartus</td>
		</tr>
		<tr>
			<th scope=""row"">Inaltime [mm]</th>
			<td>&nbsp;157</td>
		</tr>
		<tr>
			<th scope=""row"">Diametru exterior [mm]&nbsp;</th>
			<td>&nbsp;62&nbsp;</td>
		</tr>
	</tbody>
</table>

<p>&nbsp;</p>
","","no","no","in_stock","7/2/2017 17:02:47","7/2/2017 17:05:41","newOEM",""
"3494010",,"0","121","active","ro","51212","Filtru ulei","filtru-ulei-wix-filters-51212","Filtru ulei","Filtru ulei","Filtru ulei","<table border=""0"" cellpadding=""1"" cellspacing=""1"" style=""width:500px"">
	<tbody>
		<tr>
			<th scope=""row"">Tip filtru</th>
			<td>&nbsp;Cartus</td>
		</tr>
		<tr>
			<th scope=""row"">Inaltime [mm]</th>
			<td>&nbsp;109</td>
		</tr>
		<tr>
			<th scope=""row"">Diametru exterior [mm]</th>
			<td>&nbsp; 83</td>
		</tr>
	</tbody>
</table>

<p>&nbsp;</p>
","","no","no","in_stock","7/2/2017 17:03:06","7/2/2017 17:07:49","newOEM",""
"3494011",,"0","121","active","ro","51394","Filtru ulei","filtru-ulei-wix-filters-51394","Filtru ulei","Filtru ulei","Filtru ulei","<table border=""0"" cellpadding=""1"" cellspacing=""1"" style=""width:500px"">
	<tbody>
		<tr>
			<th scope=""row"">Filet</th>
			<td>&nbsp;3/4 -16 UNF</td>
		</tr>
		<tr>
			<th scope=""row"">Inaltime [mm]</th>
			<td>&nbsp;76</td>
		</tr>
		<tr>
			<th scope=""row"">Diamteru exterior [mm]</th>
			<td>&nbsp;68</td>
		</tr>
	</tbody>
</table>

<p>&nbsp;</p>
","","no","no","in_stock","7/2/2017 17:03:22","11/7/2017 20:12:45","newOEM",""
"3494012",,"0","121","active","ro","51368","Filtru ulei","filtru-ulei-wix-filters-51368","Filtru ulei","Filtru ulei","Filtru ulei","<table border=""0"" cellpadding=""1"" cellspacing=""1"" style=""width:500px"">
	<tbody>
		<tr>
			<th scope=""row"">Tip filtru</th>
			<td>&nbsp;Filtru cu filet</td>
		</tr>
		<tr>
			<th scope=""row"">Inaltime [mm]</th>
			<td>&nbsp;86</td>
		</tr>
		<tr>
			<th scope=""row"">Diametru [mm]</th>
			<td>&nbsp;105</td>
		</tr>
	</tbody>
</table>

<p>&nbsp;</p>
","","no","no","in_stock","7/2/2017 17:03:41","7/2/2017 17:13:02","newOEM",""
"3494013",,"0","621","active","ro","6782N","Electromotor ","electromotor-6782n","Electromotor","pornire, starter ,electromotor, generator ","","<table border=""0"" cellpadding=""1"" cellspacing=""1"" style=""width:500px"">
	<tbody>
		<tr>
			<th scope=""row"">Producator</th>
			<td>&nbsp; Power Select</td>
		</tr>
		<tr>
			<th scope=""row"">Made in</th>
			<td>&nbsp; China</td>
		</tr>
		<tr>
			<th scope=""row"">Cod Origine</th>
			<td>&nbsp; 89017846</td>
		</tr>
	</tbody>
</table>

<p>&nbsp;</p>
","","","","in_stock","8/2/2017 15:28:44","8/2/2017 15:28:44","kit",""
"3494014",,"0","577","active","ro","18P2775","Cablu frana de mana ","cablu-frana-de-mana-18p2775","Cablu de frana de mana","Placute frana, sistem de franare , frana , disc, frana de mana , cablu ","","<table border=""0"" cellpadding=""1"" cellspacing=""1"" style=""width:500px"">
	<tbody>
		<tr>
			<th scope=""row"">Parte montare</th>
			<td>&nbsp; spate</td>
		</tr>
		<tr>
			<th scope=""row"">Parte montare</th>
			<td>&nbsp; stanga</td>
		</tr>
		<tr>
			<th scope=""row"">Made in</th>
			<td>&nbsp;&nbsp; China</td>
		</tr>
	</tbody>
</table>

<p>&nbsp;</p>
","","","","in_stock","8/2/2017 16:23:33","8/2/2017 16:23:33","kit",""
"3494015",,"0","577","active","ro","18P2687","Cablu frana de mana","cablu-frana-de-mana-18p2687","Cablu de frana de mana","Placute frana, sistem de franare , frana , disc, frana de mana , cablu","","<table border=""0"" cellpadding=""1"" cellspacing=""1"" style=""width:500px"">
	<tbody>
		<tr>
			<th scope=""row"">Parte montare</th>
			<td>&nbsp;&nbsp; spate</td>
		</tr>
		<tr>
			<th scope=""row"">Parte montare</th>
			<td>&nbsp;&nbsp; dreapta</td>
		</tr>
		<tr>
			<th scope=""row"">Made in</th>
			<td>&nbsp;&nbsp; China</td>
		</tr>
	</tbody>
</table>

<p>&nbsp;</p>
","Livrare 5-12 zile ","","","in_supplier_stock","8/2/2017 16:46:09","8/2/2017 16:46:09","kit",""
"3494016",,"0","572","active","ro","AF7984","Filtru aer","filtru-aer-luber-finer-af7984","Filtru aer","Filtru aer","Filtru aer","<table border=""0"" cellpadding=""1"" cellspacing=""1"" style=""width:500px"">
	<tbody>
		<tr>
			<th scope=""row"">Tip filtru</th>
			<td>&nbsp;Insertie</td>
		</tr>
		<tr>
			<th scope=""row"">Lungime [mm]</th>
			<td>&nbsp;279</td>
		</tr>
		<tr>
			<th scope=""row"">Latime [mm]</th>
			<td>&nbsp;218</td>
		</tr>
		<tr>
			<th scope=""row"">Inaltime [mm]&nbsp;</th>
			<td>&nbsp;58</td>
		</tr>
	</tbody>
</table>

<p>&nbsp;</p>
","","no","no","in_stock","8/2/2017 19:07:30","9/2/2017 13:32:33","newOEM",""
"3494017",,"0","572","active","ro","AF7991","Filtru aer","filtru-aer-luber-finer-af7991","Filtru aer","Filtru aer","Filtru aer","<table border=""0"" cellpadding=""1"" cellspacing=""1"" style=""width:500px"">
	<tbody>
		<tr>
			<th scope=""row"">Tip filtru&nbsp;</th>
			<td>&nbsp;Insertie</td>
		</tr>
		<tr>
			<th scope=""row"">Lungime [mm]</th>
			<td>&nbsp;376</td>
		</tr>
		<tr>
			<th scope=""row"">Latime [mm]</th>
			<td>&nbsp;136</td>
		</tr>
		<tr>
			<th scope=""row"">Inaltime [mm]</th>
			<td>&nbsp;52</td>
		</tr>
	</tbody>
</table>

<p>&nbsp;</p>
","","no","no","in_stock","8/2/2017 19:07:54","9/2/2017 13:37:24","newOEM",""
"3494018",,"0","572","active","ro","AF7999","Filtru aer","filtru-aer-luber-finer-af7999","Filtru aer","Filtru aer","Filtru aer","<table border=""0"" cellpadding=""1"" cellspacing=""1"" style=""width:500px"">
	<tbody>
		<tr>
			<th scope=""row"">Tip filtru</th>
			<td>&nbsp;Panou</td>
		</tr>
		<tr>
			<th scope=""row"">Lungime [mm]</th>
			<td>&nbsp;253</td>
		</tr>
		<tr>
			<th scope=""row"">Latime [mm]</th>
			<td>&nbsp;174</td>
		</tr>
		<tr>
			<th scope=""row"">Inaltime [mm]</th>
			<td>&nbsp;41</td>
		</tr>
	</tbody>
</table>

<p>&nbsp;</p>
","","no","no","in_stock","8/2/2017 19:08:07","9/2/2017 13:39:38","newOEM",""
"3494019",,"0","572","active","ro","P3986","Filtru ulei","filtru-ulei-luber-finer-p3986","Filtru ulei","Filtru ulei","Filtru ulei","<table border=""0"" cellpadding=""1"" cellspacing=""1"" style=""width:500px"">
	<tbody>
		<tr>
			<th scope=""row"">Tip filtru</th>
			<td>&nbsp;Cartus</td>
		</tr>
		<tr>
			<th scope=""row"">Inaltime [mm]</th>
			<td>&nbsp;125</td>
		</tr>
		<tr>
			<th scope=""row"">Diametru exterior [mm]</th>
			<td>&nbsp;64</td>
		</tr>
		<tr>
			<th scope=""row"">Diametru interior [mm]</th>
			<td>&nbsp;31</td>
		</tr>
	</tbody>
</table>

<p>&nbsp;</p>
","","no","no","in_stock","8/2/2017 19:08:22","9/2/2017 13:41:45","newOEM",""
"3494020",,"0","572","active","ro","P8153","Filtru ulei","filtru-ulei-luber-finer-p8153","Filtru ulei","Filtru ulei","Filtru ulei","<table border=""0"" cellpadding=""1"" cellspacing=""1"" style=""width:500px"">
	<tbody>
		<tr>
			<th scope=""row"">Tip filtru</th>
			<td>&nbsp;Cartus</td>
		</tr>
		<tr>
			<th scope=""row"">Inaltime [mm]</th>
			<td>&nbsp;112</td>
		</tr>
		<tr>
			<th scope=""row"">Diametru exterior [mm]</th>
			<td>&nbsp;64</td>
		</tr>
		<tr>
			<th scope=""row"">Diametru interior [mm]</th>
			<td>&nbsp;31</td>
		</tr>
	</tbody>
</table>

<p>&nbsp;</p>
","","no","no","in_stock","8/2/2017 19:08:41","9/2/2017 13:44:36","newOEM",""
"3494021",,"0","572","active","ro","P8170","Filtru ulei","filtru-ulei-luber-finer-p8170","Filtru ulei","Filtru ulei","Filtru ulei","<table border=""0"" cellpadding=""1"" cellspacing=""1"" style=""width:500px"">
	<tbody>
		<tr>
			<th scope=""row"">Tip filtru</th>
			<td>&nbsp;Cartus</td>
		</tr>
		<tr>
			<th scope=""row"">Inaltime [mm]</th>
			<td>&nbsp;99</td>
		</tr>
		<tr>
			<th scope=""row"">Diametru exterior [mm]</th>
			<td>&nbsp;83</td>
		</tr>
		<tr>
			<th scope=""row"">Diametru interior [mm]</th>
			<td>&nbsp;40</td>
		</tr>
	</tbody>
</table>

<p>&nbsp;</p>
","","no","no","in_stock","8/2/2017 19:09:02","9/2/2017 14:02:38","newOEM",""
"3494022",,"0","572","active","ro","P843","Filtru ulei","filtru-ulei-luber-finer-p843","Filtru ulei","Filtru ulei","Filtru ulei","<table border=""0"" cellpadding=""1"" cellspacing=""1"" style=""width:500px"">
	<tbody>
		<tr>
			<th scope=""row"">Tip filtru&nbsp;</th>
			<td>&nbsp;Cartus</td>
		</tr>
		<tr>
			<th scope=""row"">Inaltime [mm]</th>
			<td>&nbsp;159</td>
		</tr>
		<tr>
			<th scope=""row"">Diametru exterior [mm]</th>
			<td>&nbsp;62</td>
		</tr>
		<tr>
			<th scope=""row"">Diametru interior [mm]</th>
			<td>&nbsp;21</td>
		</tr>
	</tbody>
</table>

<p>&nbsp;</p>
","","no","no","in_stock","8/2/2017 19:09:19","9/2/2017 14:05:40","newOEM",""
"3494023",,"0","572","active","ro","P846","Filtru ulei","filtru-ulei-luber-finer-p846","Filtru ulei","Filtru ulei","Filtru ulei","<table border=""0"" cellpadding=""1"" cellspacing=""1"" style=""width:500px"">
	<tbody>
		<tr>
			<th scope=""row"">Tip filtru&nbsp;</th>
			<td>&nbsp;Cartus</td>
		</tr>
		<tr>
			<th scope=""row"">Inaltime [mm]</th>
			<td>&nbsp;109</td>
		</tr>
		<tr>
			<th scope=""row"">Diametru exterior [mm]</th>
			<td>&nbsp;83</td>
		</tr>
		<tr>
			<th scope=""row"">Diametru interior [mm]</th>
			<td>&nbsp;24</td>
		</tr>
	</tbody>
</table>

<p>&nbsp;</p>
","","no","no","in_stock","8/2/2017 19:09:37","9/2/2017 14:11:32","newOEM",""
"3494024",,"0","572","active","ro","PH2808","Filtru ulei","filtru-ulei-luber-finer-ph2808","Filtru ulei","Filtru ulei","Filtru ulei","<table border=""0"" cellpadding=""1"" cellspacing=""1"" style=""width:500px"">
	<tbody>
		<tr>
			<th scope=""row"">Tip filtru</th>
			<td>&nbsp;Insurubabil</td>
		</tr>
		<tr>
			<th scope=""row"">Inaltime [mm]</th>
			<td>&nbsp;82</td>
		</tr>
		<tr>
			<th scope=""row"">Diametru exterior [mm]&nbsp;</th>
			<td>&nbsp;80</td>
		</tr>
	</tbody>
</table>

<p>&nbsp;</p>
","","no","no","in_stock","8/2/2017 19:09:51","9/2/2017 14:16:24","newOEM",""
"3494025",,"0","572","active","ro","PH2801","Filtru ulei","filtru-ulei-luber-finer-ph2801","Filtru ulei","Filtru ulei","Filtru ulei","<table border=""0"" cellpadding=""1"" cellspacing=""1"" style=""width:500px"">
	<tbody>
		<tr>
			<th scope=""row"">Tip filtru</th>
			<td>&nbsp;Insurubabil</td>
		</tr>
		<tr>
			<th scope=""row"">Inaltime [mm]</th>
			<td>&nbsp;97</td>
		</tr>
		<tr>
			<th scope=""row"">Diametru exterior [mm]</th>
			<td>&nbsp;93</td>
		</tr>
	</tbody>
</table>

<p>&nbsp;</p>
","","no","no","in_stock","8/2/2017 19:10:29","9/2/2017 14:19:18","newOEM",""
"3494026",,"0","572","active","ro","PH2809","Filtru ulei","filtru-ulei-luber-finer-ph2809","Filtru ulei","Filtru ulei","Filtru ulei","<table border=""0"" cellpadding=""1"" cellspacing=""1"" style=""width:500px"">
	<tbody>
		<tr>
			<th scope=""row"">Tip filtru&nbsp;</th>
			<td>&nbsp;Insurubabil</td>
		</tr>
		<tr>
			<th scope=""row"">Inaltime [mm]</th>
			<td>&nbsp;80</td>
		</tr>
		<tr>
			<th scope=""row"">Diametru exterior [mm]</th>
			<td>&nbsp;93</td>
		</tr>
	</tbody>
</table>

<p>&nbsp;</p>
","","no","no","in_stock","8/2/2017 19:10:46","9/2/2017 14:25:36","newOEM",""
"3494027",,"0","572","active","ro","PH2811","Filtru ulei","filtru-ulei-luber-finer-ph2811","Filtru ulei","Filtru ulei","Filtru ulei","<table border=""0"" cellpadding=""1"" cellspacing=""1"" style=""width:500px"">
	<tbody>
		<tr>
			<th scope=""row"">Tip filtru</th>
			<td>&nbsp;Insurubabil</td>
		</tr>
		<tr>
			<th scope=""row"">&nbsp;Inaltime [mm]</th>
			<td>&nbsp;111</td>
		</tr>
		<tr>
			<th scope=""row"">Diametru [mm]</th>
			<td>&nbsp;93</td>
		</tr>
	</tbody>
</table>

<p>&nbsp;</p>
","","no","no","in_stock","8/2/2017 19:11:23","9/2/2017 14:32:07","newOEM",""
"3494028",,"0","572","active","ro","PH2815","Filtru ulei","filtru-ulei-luber-finer-ph2815","Filtru ulei","Filtru ulei","Filtru ulei","<table border=""0"" cellpadding=""1"" cellspacing=""1"" style=""width:500px"">
	<tbody>
		<tr>
			<th scope=""row"">Tip filtru</th>
			<td>&nbsp;Insurubabil</td>
		</tr>
		<tr>
			<th scope=""row"">Inaltime [mm]</th>
			<td>&nbsp;132</td>
		</tr>
		<tr>
			<th scope=""row"">Diamentru [mm]</th>
			<td>&nbsp;93</td>
		</tr>
	</tbody>
</table>

<p>&nbsp;</p>
","","no","no","in_stock","8/2/2017 19:11:38","9/2/2017 14:47:14","newOEM",""
"3494029",,"0","572","active","ro","PH2840","Filtru ulei","filtru-ulei-luber-finer-ph2840","Filtru ulei","Filtru ulei","Filtru ulei","<table border=""0"" cellpadding=""1"" cellspacing=""1"" style=""width:500px"">
	<tbody>
		<tr>
			<th scope=""row"">Filet</th>
			<td>&nbsp;3/4 16 UNF</td>
		</tr>
		<tr>
			<th scope=""row"">Inaltime [mm]</th>
			<td>&nbsp;76</td>
		</tr>
		<tr>
			<th scope=""row"">Diametru [mm]</th>
			<td>&nbsp;68</td>
		</tr>
	</tbody>
</table>

<p>&nbsp;</p>
","","no","no","in_stock","8/2/2017 19:11:53","11/7/2017 20:10:16","newOEM",""
"3494030",,"0","572","active","ro","PH2876","Filtru ulei","filtru-ulei-luber-finer-ph2876","Filtru ulei","Filtru ulei","Filtru ulei","<table border=""0"" cellpadding=""1"" cellspacing=""1"" style=""width:500px"">
	<tbody>
		<tr>
			<th scope=""row"">Tip filtru</th>
			<td>&nbsp;Insurubabil</td>
		</tr>
		<tr>
			<th scope=""row"">Inaltime [mm]</th>
			<td>&nbsp;66</td>
		</tr>
		<tr>
			<th scope=""row"">Diametru exterior [mm]</th>
			<td>&nbsp;68</td>
		</tr>
	</tbody>
</table>

<p>&nbsp;</p>
","","no","no","in_stock","8/2/2017 19:12:13","9/2/2017 14:56:22","newOEM",""
"3494031",,"0","572","active","ro","PH787","Filtru ulei","filtru-ulei-luber-finer-ph787","Filtru ulei","Filtru ulei","Filtru ulei","<table border=""0"" cellpadding=""1"" cellspacing=""1"" style=""width:500px"">
	<tbody>
		<tr>
			<th scope=""row"">Tip filtru</th>
			<td>&nbsp;Insurubabil</td>
		</tr>
		<tr>
			<th scope=""row"">Inaltime [mm]</th>
			<td>&nbsp;96</td>
		</tr>
		<tr>
			<th scope=""row"">Diametru exterior [mm]</th>
			<td>&nbsp;93</td>
		</tr>
	</tbody>
</table>

<p>&nbsp;</p>
","","no","no","in_stock","8/2/2017 19:12:37","9/2/2017 15:01:06","newOEM",""
"3494032",,"0","572","active","ro","PH920","Filtru ulei","filtru-ulei-luber-finer-ph920","Filtru ulei","Filtru ulei","Filtru ulei","<table border=""0"" cellpadding=""1"" cellspacing=""1"" style=""width:500px"">
	<tbody>
		<tr>
			<th scope=""row"">Tip filtru</th>
			<td>&nbsp;Insurubabil</td>
		</tr>
		<tr>
			<th scope=""row"">Inaltime [mm]</th>
			<td>&nbsp;86</td>
		</tr>
		<tr>
			<th scope=""row"">&nbsp;Diameru exterior [mm]</th>
			<td>&nbsp;105</td>
		</tr>
	</tbody>
</table>

<p>&nbsp;</p>
","","no","no","in_stock","8/2/2017 19:12:51","9/2/2017 15:03:59","newOEM",""
"3494033",,"0","121","active","ro","51191","Filtru ulei","filtru-ulei-51191","Filtru ulei","filtru ulei","","<table border=""0"" cellpadding=""1"" cellspacing=""1"" style=""width:500px"">
	<tbody>
		<tr>
			<th scope=""row"">Tip filtru&nbsp;</th>
			<td>&nbsp;Insurubabil</td>
		</tr>
		<tr>
			<th scope=""row"">Inaltime [mm]</th>
			<td>&nbsp;132</td>
		</tr>
		<tr>
			<th scope=""row"">Diametru exterior [mm]</th>
			<td>&nbsp;93</td>
		</tr>
	</tbody>
</table>

<p>&nbsp;</p>
","","","","in_stock","9/2/2017 15:28:55","9/2/2017 15:28:55","kit",""
"3494034",,"0","121","active","ro","49201","Filtru aer","filtru-aer-49201","Filtru aer","Filtru aer","","<table border=""0"" cellpadding=""1"" cellspacing=""1"" style=""width:500px"">
	<tbody>
		<tr>
			<th scope=""row"">Tip filtru</th>
			<td>&nbsp;Panou</td>
		</tr>
		<tr>
			<th scope=""row"">Lungime [mm]</th>
			<td>&nbsp;315</td>
		</tr>
		<tr>
			<th scope=""row"">Latime [mm]</th>
			<td>&nbsp;245</td>
		</tr>
		<tr>
			<th scope=""row"">Inaltime [mm]</th>
			<td>&nbsp;58</td>
		</tr>
	</tbody>
</table>

<p>&nbsp;</p>
","","","","in_stock","9/2/2017 15:48:23","9/2/2017 15:48:23","kit",""
"3494035",,"0","579","active","ro","614003","Burduf planetara ","burduf-planetara-614-003","Burduf planetara ","Planetara,angrenare roata, burduf planetara ","","<table border=""0"" cellpadding=""1"" cellspacing=""1"" style=""width:500px"">
	<tbody>
		<tr>
			<th scope=""row"">Parte montare</th>
			<td>&nbsp; &nbsp; &nbsp;&nbsp; punte&nbsp; fata</td>
		</tr>
		<tr>
			<th scope=""row"">Parte montare</th>
			<td>&nbsp;&nbsp;&nbsp;&nbsp; la roata (exterior)</td>
		</tr>
		<tr>
			<th scope=""row"">Producator</th>
			<td>&nbsp;&nbsp;&nbsp;&nbsp; Dorman</td>
		</tr>
	</tbody>
</table>

<p>&nbsp;</p>
","","","","in_stock","9/2/2017 15:51:48","23/2/2017 18:11:56","kit",""
"3494036",,"0","121","active","ro","42484","Filtru aer","filtru-aer-42484","Filtru aer","Filtru aer","","<table border=""0"" cellpadding=""1"" cellspacing=""1"" style=""width:500px"">
	<tbody>
		<tr>
			<th scope=""row"">Tip filtru</th>
			<td>&nbsp;Panou</td>
		</tr>
		<tr>
			<th scope=""row"">Lungime [mm]</th>
			<td>&nbsp;282</td>
		</tr>
		<tr>
			<th scope=""row"">Latime [mm]</th>
			<td>&nbsp;181&nbsp;</td>
		</tr>
		<tr>
			<th scope=""row"">Inaltime [mm]</th>
			<td>&nbsp;99</td>
		</tr>
	</tbody>
</table>

<p>&nbsp;</p>
","","","","in_stock","9/2/2017 16:00:23","9/2/2017 16:00:23","kit",""
"3494037",,"0","121","active","ro","57312","Filtru ulei","filtru-ulei-57312","Filtru ulei","Filtru ulei","","<table border=""0"" cellpadding=""1"" cellspacing=""1"" style=""width:500px"">
	<tbody>
		<tr>
			<th scope=""row"">Tip filtru</th>
			<td>&nbsp;Element</td>
		</tr>
		<tr>
			<th scope=""row"">Inaltime [mm]</th>
			<td>&nbsp;208</td>
		</tr>
		<tr>
			<th scope=""row"">Diametru exterior [mm]</th>
			<td>&nbsp;105</td>
		</tr>
	</tbody>
</table>

<p>&nbsp;</p>
","","","","in_stock","9/2/2017 16:10:08","9/2/2017 16:10:08","kit",""
"3494038",,"0","121","active","ro","42525","Filtru aer","filtru-aer-wix-filters-42525","Filtru aer","Filtru aer","Filtru aer","<table border=""0"" cellpadding=""1"" cellspacing=""1"" style=""width:500px"">
	<tbody>
		<tr>
			<th scope=""row"">Tip filtru&nbsp;</th>
			<td>&nbsp;Panou</td>
		</tr>
		<tr>
			<th scope=""row"">Lungime [mm]</th>
			<td>&nbsp;294</td>
		</tr>
		<tr>
			<th scope=""row"">Latime [mm]</th>
			<td>&nbsp;228</td>
		</tr>
		<tr>
			<th scope=""row"">Inaltime [mm]</th>
			<td>&nbsp;58</td>
		</tr>
	</tbody>
</table>

<p>&nbsp;</p>
","","no","no","in_stock","9/2/2017 16:11:37","9/2/2017 16:15:00","newOEM",""
"3494039",,"0","121","active","ro","42972","Filtru aer","filtru-aer-wix-filters-42972","Filtru aer","Filtru aer","Filtru aer","<table border=""0"" cellpadding=""1"" cellspacing=""1"" style=""width:500px"">
	<tbody>
		<tr>
			<th scope=""row"">Tip filtru</th>
			<td>&nbsp;Panou</td>
		</tr>
		<tr>
			<th scope=""row"">Lungime [mm]</th>
			<td>&nbsp;267</td>
		</tr>
		<tr>
			<th scope=""row"">Latime [mm]</th>
			<td>&nbsp;213</td>
		</tr>
		<tr>
			<th scope=""row"">Inaltime [mm]</th>
			<td>&nbsp;70</td>
		</tr>
	</tbody>
</table>

<p>&nbsp;</p>
","","no","no","in_stock","9/2/2017 16:11:57","9/2/2017 16:16:44","newOEM",""
"3494040",,"0","121","active","ro","46320","Filtru aer","filtru-aer-wix-filters-46320","Filtru aer","Filtru aer","Filtru aer","<table border=""0"" cellpadding=""1"" cellspacing=""1"" style=""width:500px"">
	<tbody>
		<tr>
			<th scope=""row"">Tip filtru</th>
			<td>&nbsp;Panou</td>
		</tr>
		<tr>
			<th scope=""row"">Lungime [mm]</th>
			<td>&nbsp;242</td>
		</tr>
		<tr>
			<th scope=""row"">Latime [mm]</th>
			<td>&nbsp;178</td>
		</tr>
		<tr>
			<th scope=""row"">Inaltime [mm]</th>
			<td>&nbsp;59</td>
		</tr>
	</tbody>
</table>

<p>&nbsp;</p>
","","no","no","in_stock","9/2/2017 16:12:13","9/2/2017 16:18:20","newOEM",""
"3494041",,"0","121","active","ro","46384","Filtru aer","filtru-aer-wix-filters-46384","Filtru aer","Filtru aer","Filtru aer","<table border=""0"" cellpadding=""1"" cellspacing=""1"" style=""width:500px"">
	<tbody>
		<tr>
			<th scope=""row"">Tip filtru</th>
			<td>&nbsp;Element</td>
		</tr>
		<tr>
			<th scope=""row"">Inaltime [mm]</th>
			<td>&nbsp;290</td>
		</tr>
		<tr>
			<th scope=""row"">Diametru exterior [mm]</th>
			<td>&nbsp;115</td>
		</tr>
	</tbody>
</table>

<p>&nbsp;</p>
","","no","no","in_stock","9/2/2017 16:12:28","9/2/2017 16:21:27","newOEM",""
"3494042",,"0","121","active","ro","58955","Filtru hidraulic","filtru-hidraulic-wix-filters-58955","Filtru hidraulic","Filtru hidraulic","Filtru hidraulic","<table border=""0"" cellpadding=""1"" cellspacing=""1"" style=""width:500px"">
	<tbody>
		<tr>
			<th scope=""row"">Tip filtru</th>
			<td>&nbsp;Kit&nbsp;</td>
		</tr>
		<tr>
			<th scope=""row"">Tip transmisie&nbsp;</th>
			<td>&nbsp;Automata</td>
		</tr>
	</tbody>
</table>

<p>&nbsp;</p>
","","no","no","in_stock","9/2/2017 16:12:42","9/2/2017 16:23:32","newOEM",""
"3494043",,"0","121","active","ro","42487","Filtru aer","filtru-aer-wix-filters-42487","Filtru aer","Filtru aer","Filtru aer","<table border=""0"" cellpadding=""1"" cellspacing=""1"" style=""width:500px"">
	<tbody>
		<tr>
			<th scope=""row"">Tip filtru</th>
			<td>&nbsp;Panou</td>
		</tr>
		<tr>
			<th scope=""row"">Lungime [mm]</th>
			<td>&nbsp;311</td>
		</tr>
		<tr>
			<th scope=""row"">Latime [mm]</th>
			<td>&nbsp;247</td>
		</tr>
		<tr>
			<th scope=""row"">Inaltime [mm]</th>
			<td>&nbsp;60</td>
		</tr>
	</tbody>
</table>

<p>&nbsp;</p>
","","no","no","in_stock","9/2/2017 16:12:55","9/2/2017 16:27:39","newOEM",""
"3494044",,"0","121","active","ro","46677","Filtru aer","filtru-aer-wix-filters-46677","Filtru aer","Filtru aer","Filtru aer","<table border=""0"" cellpadding=""1"" cellspacing=""1"" style=""width:500px"">
	<tbody>
		<tr>
			<th scope=""row"">Tip filtru</th>
			<td>&nbsp;Radial</td>
		</tr>
		<tr>
			<th scope=""row"">Inaltime [mm]</th>
			<td>&nbsp;159</td>
		</tr>
		<tr>
			<th scope=""row"">Diametru exterior [mm]</th>
			<td>&nbsp;126</td>
		</tr>
	</tbody>
</table>

<p>&nbsp;</p>
","","no","no","in_stock","9/2/2017 16:13:06","9/2/2017 16:30:41","newOEM",""
"3494045",,"0","121","active","ro","49429","Filtru aer","filtru-aer-wix-filters-49429","Filtru aer","Filtru aer","Filtru aer","<table border=""0"" cellpadding=""1"" cellspacing=""1"" style=""width:500px"">
	<tbody>
		<tr>
			<th scope=""row"">Tip filtru</th>
			<td>&nbsp;Panou</td>
		</tr>
		<tr>
			<th scope=""row"">Lungime [mm]</th>
			<td>&nbsp;313</td>
		</tr>
		<tr>
			<th scope=""row"">Latime [mm]</th>
			<td>&nbsp;251</td>
		</tr>
		<tr>
			<th scope=""row"">Inaltime [mm]</th>
			<td>&nbsp;53</td>
		</tr>
	</tbody>
</table>

<p>&nbsp;</p>
","","no","no","in_stock","9/2/2017 16:13:19","9/2/2017 16:32:48","newOEM",""
"3494046",,"0","122","active","ro","FA439","Filtru aer","filtru-aer-japanparts-fa439","Filtru aer","Filtru aer","Filtru aer","<table border=""0"" cellpadding=""1"" cellspacing=""1"" style=""width:500px"">
	<tbody>
		<tr>
			<th scope=""row"">Tip filtru</th>
			<td>&nbsp;Panou</td>
		</tr>
		<tr>
			<th scope=""row"">Lungime [mm]</th>
			<td>&nbsp;225</td>
		</tr>
		<tr>
			<th scope=""row"">Latime [mm]</th>
			<td>&nbsp;195</td>
		</tr>
		<tr>
			<th scope=""row"">Inaltime [mm]</th>
			<td>&nbsp;44</td>
		</tr>
	</tbody>
</table>

<p>&nbsp;</p>
","","no","no","in_stock","9/2/2017 16:46:05","9/2/2017 16:47:58","newOEM",""
"3494047",,"0","122","active","ro","FA487","Filtru aer","filtru-aer-japanparts-fa487","Filtru aer","Filtru aer","Filtru aer","<table border=""0"" cellpadding=""1"" cellspacing=""1"" style=""width:500px"">
	<tbody>
		<tr>
			<th scope=""row"">Tip filtru</th>
			<td>&nbsp;Panou</td>
		</tr>
		<tr>
			<th scope=""row"">Lungime [mm]</th>
			<td>&nbsp;191</td>
		</tr>
		<tr>
			<th scope=""row"">Latime [mm]</th>
			<td>&nbsp;199</td>
		</tr>
		<tr>
			<th scope=""row"">Inaltime [mm]</th>
			<td>&nbsp;41</td>
		</tr>
	</tbody>
</table>

<p>&nbsp;</p>
","","no","no","in_stock","9/2/2017 16:46:19","9/2/2017 16:50:19","newOEM",""
"3494048",,"0","122","active","ro","FA196","Filtru aer","filtru-aer-japanparts-fa196","Filtru aer","Filtru aer","Filtru aer","<table border=""0"" cellpadding=""1"" cellspacing=""1"" style=""width:500px"">
	<tbody>
		<tr>
			<th scope=""row"">Tip filtru</th>
			<td>&nbsp;Panou</td>
		</tr>
		<tr>
			<th scope=""row"">Lungime [mm]</th>
			<td>&nbsp;227</td>
		</tr>
		<tr>
			<th scope=""row"">Latime[mm]</th>
			<td>&nbsp;170</td>
		</tr>
		<tr>
			<th scope=""row"">Inaltime [mm]</th>
			<td>&nbsp;34</td>
		</tr>
	</tbody>
</table>

<p>&nbsp;</p>
","","no","no","in_stock","9/2/2017 16:46:34","9/2/2017 16:52:34","newOEM",""
"3494049",,"0","580","active","ro","FL822","Filtru ulei","filtru-ulei-motorcraft-fl822","Filtru ulei","Filtru ulei","Filtru ulei","<table border=""0"" cellpadding=""1"" cellspacing=""1"" style=""width:500px"">
	<tbody>
		<tr>
			<th scope=""row"">Tip filtru</th>
			<td>&nbsp;Insurubabil</td>
		</tr>
		<tr>
			<th scope=""row"">Inaltime [mm]</th>
			<td>&nbsp;86</td>
		</tr>
		<tr>
			<th scope=""row"">Diametru exterior [mm]</th>
			<td>&nbsp;68</td>
		</tr>
	</tbody>
</table>

<p>&nbsp;</p>
","","no","no","in_stock","9/2/2017 16:46:49","9/2/2017 16:55:32","newOEM",""
"3494050",,"0","580","active","ro","FT124","Filtru hidraulic","filtru-hidraulic-motorcraft-ft124","Filtru hidraulic","Filtru hidraulic","Filtru hidraulic","<table border=""0"" cellpadding=""1"" cellspacing=""1"" style=""width:500px"">
	<tbody>
		<tr>
			<th scope=""row"">Parte montare</th>
			<td>&nbsp;Transmisie</td>
		</tr>
		<tr>
			<th scope=""row"">Tip transmisie</th>
			<td>&nbsp;Automata</td>
		</tr>
	</tbody>
</table>

<p>&nbsp;</p>
","","no","no","in_stock","9/2/2017 16:47:04","9/2/2017 16:57:27","newOEM",""
"3494052",,"0","579","active","ro","H620816","Racord frana ","racord-frana-h620816","Racord frana ","Placute frana, sistem de franare , frana , disc, frana de mana , cablu, racord , furtun","","<table border=""0"" cellpadding=""1"" cellspacing=""1"" style=""width:500px"">
	<tbody>
		<tr>
			<th scope=""row"">Parte montare</th>
			<td>&nbsp;&nbsp; fata</td>
		</tr>
		<tr>
			<th scope=""row"">Parte montare</th>
			<td>&nbsp;&nbsp; dreapta</td>
		</tr>
		<tr>
			<th scope=""row"">Dimensiune (cm)</th>
			<td>&nbsp;&nbsp; 52</td>
		</tr>
	</tbody>
</table>

<p>&nbsp;</p>
","","","","in_stock","14/2/2017 13:32:47","14/2/2017 13:32:47","kit",""
"3494054",,"0","36","active","ro","L257","Filtru combustibil","filtru-combustibil-champion-l257","Filtru combustibil","Filtru combustibil","Filtru combustibil","<table border=""0"" cellpadding=""1"" cellspacing=""1"" style=""width:500px"">
	<tbody>
		<tr>
			<th scope=""row"">Tip filtru</th>
			<td>&nbsp;Cartus</td>
		</tr>
		<tr>
			<th scope=""row"">Inaltime [mm]</th>
			<td>&nbsp;128</td>
		</tr>
		<tr>
			<th scope=""row"">Diametru exterior [mm]</th>
			<td>&nbsp;42</td>
		</tr>
	</tbody>
</table>

<p>&nbsp;</p>
","","no","no","in_stock","14/2/2017 17:32:03","14/2/2017 17:35:33","newOEM",""
"3494055",,"0","97","active","ro","k6437","Bucsa bara stabilizatoare","bucsa-bara-stabilizatoare-k6437","Bucsa bara stabilizatoare","Bucsa bara stabilizatoare","","<table border=""0"" cellpadding=""1"" cellspacing=""1"" style=""width:500px"">
	<tbody>
		<tr>
			<th scope=""row"">Parte montare</th>
			<td>&nbsp;Fata</td>
		</tr>
		<tr>
			<th scope=""row"">Parte montare</th>
			<td>&nbsp;Ambele parti</td>
		</tr>
		<tr>
			<th scope=""row"">Diametru bara stabilzatoare [mm]</th>
			<td>&nbsp;30</td>
		</tr>
	</tbody>
</table>

<p>&nbsp;</p>
","","no","no","in_stock","15/2/2017 13:38:39","15/2/2017 13:39:00","kit",""
"3494056",,"0","97","active","ro","K200155","Bucsa bascula","bucsa-bascula-k200155","Bucsa bascula","Bucsa bascula","","<table border=""0"" cellpadding=""1"" cellspacing=""1"" style=""width:500px"">
	<tbody>
		<tr>
			<th scope=""row"">Parte montare</th>
			<td>&nbsp; fata spre spate</td>
		</tr>
		<tr>
			<th scope=""row"">Parte montare</th>
			<td>&nbsp; brat inferior</td>
		</tr>
	</tbody>
</table>

<p>&nbsp;</p>
","","no","no","in_stock","15/2/2017 13:59:38","27/7/2018 16:55:10","kit",""
"3494057",,"0","97","active","ro","ES80360","Cap de bara","cap-de-bara-moog-es80360","Cap de bara","Cap de bara","Cap de bara","<table border=""0"" cellpadding=""1"" cellspacing=""1"" style=""width:500px"">
	<tbody>
		<tr>
			<th scope=""row"">Parte montare</th>
			<td>&nbsp;Fata spre exterior</td>
		</tr>
		<tr>
			<th scope=""row"">Parte montare</th>
			<td>&nbsp;Dreapta</td>
		</tr>
		<tr>
			<th scope=""row"">Lungime [mm]</th>
			<td>&nbsp;152</td>
		</tr>
	</tbody>
</table>

<p>&nbsp;</p>
","","no","no","in_stock","15/2/2017 14:16:18","15/2/2017 14:20:13","newOEM",""
"3494058",,"0","97","active","ro","ES80361","Cap de bara","cap-de-bara-moog-es80361","Cap de bara","Cap de bara","Cap de bara","<table border=""0"" cellpadding=""1"" cellspacing=""1"" style=""width:500px"">
	<tbody>
		<tr>
			<th scope=""row"">Parte montare</th>
			<td>&nbsp;Fata spre exterior</td>
		</tr>
		<tr>
			<th scope=""row"">Parte montare</th>
			<td>&nbsp;Stanga</td>
		</tr>
		<tr>
			<th scope=""row"">Lungime [mm]</th>
			<td>&nbsp;152</td>
		</tr>
	</tbody>
</table>

<p>&nbsp;</p>
","","no","no","in_stock","15/2/2017 14:16:32","15/2/2017 14:21:51","newOEM",""
"3494059",,"0","97","active","ro","K6658","Bucsa bascula","bucsa-bascula-k6658","Bucsa bascula","Bucsa bascula","","<table border=""0"" cellpadding=""1"" cellspacing=""1"" style=""width:500px"">
	<tbody>
		<tr>
			<th scope=""row"">Parte montare</th>
			<td>&nbsp;Fata</td>
		</tr>
		<tr>
			<th scope=""row"">Parte montare</th>
			<td>&nbsp;Inferioara</td>
		</tr>
		<tr>
			<th scope=""row"">Pozitie fixare</th>
			<td>&nbsp;Stanga/dreapta</td>
		</tr>
	</tbody>
</table>

<p>&nbsp;</p>
","","no","no","in_stock","15/2/2017 14:29:18","15/2/2017 14:33:58","kit",""
"3494085",,"0","97","active","ro","K200064","Bucsa bascula FF","bucsa-bascula-ff-k200064","Bucsa bascula FF","Bucsa bascula FF","","<table border=""0"" cellpadding=""1"" cellspacing=""1"" style=""width:500px"">
	<tbody>
		<tr>
			<th scope=""row"">Parte montare</th>
			<td>&nbsp;Spate</td>
		</tr>
		<tr>
			<th scope=""row"">Buc. necesare</th>
			<td>&nbsp;2</td>
		</tr>
	</tbody>
</table>

<p>&nbsp;</p>
","","no","no","in_stock","21/2/2017 13:33:02","21/2/2017 13:33:02","kit",""
"3494061",,"0","97","active","ro","K200222","Bucsa bara stabilizatoare","bucsa-bara-stabilizatoare-k200222","Bucsa bara stabilizatoare","Bucsa bara stabilizatoare","","<table border=""0"" cellpadding=""1"" cellspacing=""1"" style=""width:500px"">
	<tbody>
		<tr>
			<th scope=""row"">Parte montare</th>
			<td>&nbsp;Fata</td>
		</tr>
		<tr>
			<th scope=""row"">Diametru bara stabilizatoare [mm]</th>
			<td>&nbsp;36</td>
		</tr>
	</tbody>
</table>

<p>&nbsp;</p>
","","no","no","in_stock","15/2/2017 15:34:20","15/2/2017 15:34:20","kit",""
"3494062",,"0","97","active","ro","K80203","Bucsa bara stabilizatoare","bucsa-bara-stabilizatoare-k80203","Bucsa bara stabilizatoare","Bucsa bara stabilizatoare","","<table border=""0"" cellpadding=""1"" cellspacing=""1"" style=""width:500px"">
	<tbody>
		<tr>
			<th scope=""row"">Parte montare</th>
			<td>&nbsp;Fata</td>
		</tr>
		<tr>
			<th scope=""row"">Diametru bara stabilizatoare [mm]</th>
			<td>&nbsp;36</td>
		</tr>
	</tbody>
</table>

<p>&nbsp;</p>
","","no","no","in_stock","15/2/2017 15:42:08","15/2/2017 15:42:08","kit",""
"3494174",,"0","97","active","ro","K700542","Bieleta antiruliu ","bieleta-antiruliu-moog-k700542","Bieleta antiruliu ","Bieleta antiruliu ","Bieleta antiruliu ","<table border=""0"" cellpadding=""1"" cellspacing=""1"" style=""width:500px"">
	<tbody>
		<tr>
			<th>Partea de montare</th>
			<td>Axa fata ambele parti</td>
			<th>Bara/bieleta</th>
			<td>bara torsiune</td>
		</tr>
	</tbody>
</table>
","","no","no","in_stock","26/5/2017 13:11:20","26/5/2017 13:16:45","newOEM",""
"3494064",,"0","97","active","ro","ES3631","Cap de bara","cap-de-bara-moog-es3631","Cap de bara","Cap de bara","Cap de bara","<table border=""0"" cellpadding=""1"" cellspacing=""1"" style=""width:500px"">
	<tbody>
		<tr>
			<th scope=""row"">Parte montare</th>
			<td>&nbsp;Fata&nbsp;</td>
		</tr>
		<tr>
			<th scope=""row"">Parte fixare</th>
			<td>&nbsp;Stanga/Dreapta</td>
		</tr>
	</tbody>
</table>

<p>&nbsp;</p>
","","no","no","in_stock","15/2/2017 16:11:01","15/2/2017 16:13:20","newOEM",""
"3494065",,"0","97","active","ro","K6667","Bieleta directie","bieleta-directie-k6667","Bieleta directie","bieleta; directie;","","<table border=""0"" cellpadding=""1"" cellspacing=""1"" style=""width:500px"">
	<tbody>
		<tr>
			<th scope=""row"">Parte montare</th>
			<td>&nbsp;Spate</td>
		</tr>
		<tr>
			<th scope=""row"">Parte fixare</th>
			<td>&nbsp;Dreapta</td>
		</tr>
		<tr>
			<th scope=""row"">Dimensiune filet</th>
			<td>&nbsp;M12</td>
		</tr>
	</tbody>
</table>

<p>&nbsp;</p>
","","no","no","in_stock","15/2/2017 16:21:38","15/2/2017 16:21:38","kit",""
"3494066",,"0","97","active","ro","K6668","Bieleta directie","bieleta-directie-k6668","Bieleta directie","bieleta; directie;","","<table border=""0"" cellpadding=""1"" cellspacing=""1"" style=""width:500px"">
	<tbody>
		<tr>
			<th scope=""row"">Parte montare</th>
			<td>&nbsp;Spate</td>
		</tr>
		<tr>
			<th scope=""row"">Pozitie fixare</th>
			<td>&nbsp;Stanga</td>
		</tr>
		<tr>
			<th scope=""row"">Dimensiune filet</th>
			<td>&nbsp;M12</td>
		</tr>
	</tbody>
</table>

<p>&nbsp;</p>
","","no","no","in_stock","15/2/2017 16:26:51","15/2/2017 16:26:51","kit",""
"3494067",,"0","593","active","ro","GK8987","Bieleta antiruliu","bieleta-antiruliu-gk8987","Bieleta antiruliu","bieleta; antiruliu;","","<table border=""0"" cellpadding=""1"" cellspacing=""1"" style=""width:500px"">
	<tbody>
		<tr>
			<th scope=""row"">Parte montare</th>
			<td>&nbsp;Fata</td>
		</tr>
	</tbody>
</table>

<p>&nbsp;</p>
","","no","no","in_stock","15/2/2017 16:42:09","15/2/2017 16:43:17","kit",""
"3494068",,"0","97","active","ro","K80078","Bucsa bara stabilizatoare","bucsa-bara-stabilizatoare-k80078","Bucsa bara stabilizatoare","Bucsa bara stabilizatoare","","<table border=""0"" cellpadding=""1"" cellspacing=""1"" style=""width:500px"">
	<tbody>
		<tr>
			<th scope=""row"">Parte montare</th>
			<td>&nbsp;Fata</td>
		</tr>
		<tr>
			<th scope=""row"">Pozitie montare</th>
			<td>&nbsp;Stanga/ Dreapta</td>
		</tr>
		<tr>
			<th scope=""row"">Diametru bara stabilizatoare [mm]</th>
			<td>&nbsp;32</td>
		</tr>
	</tbody>
</table>

<p>&nbsp;</p>
","","no","no","in_stock","15/2/2017 16:50:38","15/2/2017 16:50:38","kit",""
"3494069",,"0","97","active","ro","K8685","Articulatie sarcina ghidare","articulatie-sarcina-ghidare-k8685","Articulatie sarcina ghidare","Articulatie sarcina ghidare","","<table border=""0"" cellpadding=""1"" cellspacing=""1"" style=""width:500px"">
	<tbody>
		<tr>
			<th scope=""row"">Parte montare</th>
			<td>&nbsp;Fata</td>
		</tr>
		<tr>
			<th scope=""row"">Parte montare</th>
			<td>&nbsp;Stanga/Dreapta</td>
		</tr>
	</tbody>
</table>

<p>&nbsp;</p>
","","no","no","in_stock","15/2/2017 16:56:12","15/2/2017 16:56:12","kit",""
"3494070",,"0","220","active","ro","6PK1285","Curea transmisie","curea-transmisie-bando-6pk1285","Curea transmisie","Curea transmisie","Curea transmisie","<p>FF</p>
","Curea transmisie ","no","no","in_stock","16/2/2017 13:34:20","16/2/2017 13:38:42","newOEM",""
"3494071",,"0","97","active","ro","K6688","Bucsa bascula","bucsa-bascula-k6688","Bucsa bascula","Bucsa bascula","","<table border=""0"" cellpadding=""1"" cellspacing=""1"" style=""width:500px"">
	<tbody>
		<tr>
			<th scope=""row"">Parte montare</th>
			<td>&nbsp;Superior</td>
		</tr>
		<tr>
			<th scope=""row"">Parte montare</th>
			<td>&nbsp;Fata</td>
		</tr>
		<tr>
			<th scope=""row"">Parte fixare</th>
			<td>&nbsp;Stanga/Dreapta</td>
		</tr>
	</tbody>
</table>

<p>&nbsp;</p>
","","no","no","in_stock","20/2/2017 14:34:57","20/2/2017 14:34:57","kit",""
"3494072",,"0","579","active","ro","419610","Rola ghidare","rola-ghidare-419610","Rola ghidare","Rola ghidare","","<table border=""0"" cellpadding=""1"" cellspacing=""1"" style=""width:500px"">
	<tbody>
		<tr>
			<th scope=""row"">Latime maxima curea [mm]</th>
			<td>&nbsp;20</td>
		</tr>
		<tr>
			<th scope=""row"">Latime rola [mm]</th>
			<td>&nbsp;31</td>
		</tr>
		<tr>
			<th scope=""row"">Diametru interior rulment [mm]</th>
			<td>&nbsp;17</td>
		</tr>
	</tbody>
</table>

<p>&nbsp;</p>
","","no","no","in_stock","20/2/2017 14:52:12","20/2/2017 14:52:12","kit",""
"3494073",,"0","579","active","ro","928315","Bucsa bara stabilizatoare","bucsa-bara-stabilizatoare-928315","Bucsa bara stabilizatoare","bucsa; bara; stabilizatoare","","<table border=""0"" cellpadding=""1"" cellspacing=""1"" style=""width:500px"">
	<tbody>
		<tr>
			<th scope=""row"">Diametru interior [mm]</th>
			<td>&nbsp;8.19</td>
		</tr>
		<tr>
			<th scope=""row"">Material</th>
			<td>&nbsp;Cauciuc</td>
		</tr>
	</tbody>
</table>

<p>&nbsp;</p>
","","no","no","in_stock","20/2/2017 15:25:04","20/2/2017 15:25:04","kit",""
"3494074",,"0","97","active","ro","K700602","Bieleta antiruliu","bieleta-antiruliu-k700602","Bieleta antiruliu","bieleta; antiruliu;","","<table border=""0"" cellpadding=""1"" cellspacing=""1"" style=""width:500px"">
	<tbody>
		<tr>
			<th scope=""row"">Parte montare</th>
			<td>&nbsp;Spate</td>
		</tr>
	</tbody>
</table>

<p>&nbsp;</p>
","","no","no","in_stock","20/2/2017 15:33:09","20/2/2017 15:33:09","kit",""
"3494075",,"0","97","active","ro","K200315","Bucsa bascula","bucsa-bascula-k200315","Bucsa bascula","Bucsa bascula","","<table border=""0"" cellpadding=""1"" cellspacing=""1"" style=""width:500px"">
	<tbody>
		<tr>
			<th scope=""row"">Parte montare</th>
			<td>&nbsp;Inferioara</td>
		</tr>
		<tr>
			<th scope=""row"">Parte montare</th>
			<td>&nbsp;Fata</td>
		</tr>
	</tbody>
</table>

<p>&nbsp;</p>
","","no","no","in_stock","20/2/2017 15:50:33","20/2/2017 15:50:33","kit",""
"3494076",,"0","97","active","ro","K80824","Bieleta directie","bieleta-directie-k80824","Bieleta directie","bieleta; directie;","","<table border=""0"" cellpadding=""1"" cellspacing=""1"" style=""width:500px"">
	<tbody>
		<tr>
			<th scope=""row"">Parte montare</th>
			<td>&nbsp;Fata</td>
		</tr>
		<tr>
			<th scope=""row"">Parte fixare</th>
			<td>&nbsp;Stanga</td>
		</tr>
	</tbody>
</table>

<p>&nbsp;</p>
","","no","no","in_stock","20/2/2017 16:10:29","20/2/2017 16:10:29","kit",""
"3494077",,"0","97","active","ro","K80899","Bieleta directie","bieleta-directie-k80899","Bieleta directie","bieleta; directie;","","<table border=""0"" cellpadding=""1"" cellspacing=""1"" style=""width:500px"">
	<tbody>
		<tr>
			<th scope=""row"">Parte montare</th>
			<td>&nbsp;Fata</td>
		</tr>
		<tr>
			<th scope=""row"">Parte fixare</th>
			<td>&nbsp;Stanga/Dreapta</td>
		</tr>
	</tbody>
</table>

<p>&nbsp;</p>
","","no","no","in_stock","20/2/2017 16:18:00","20/2/2017 16:18:00","kit",""
"3494078",,"0","97","active","ro","K7465","Articulatie sarcina ghidare","articulatie-sarcina-ghidare-k7465","Articulatie sarcina ghidare","Articulatie; sarcina; ghidare;","","<table border=""0"" cellpadding=""1"" cellspacing=""1"" style=""width:500px"">
	<tbody>
		<tr>
			<th scope=""row"">Parte montare</th>
			<td>&nbsp;Inferioara</td>
		</tr>
		<tr>
			<th scope=""row"">Parte montare</th>
			<td>&nbsp;Fata</td>
		</tr>
		<tr>
			<th scope=""row"">Parte fixare</th>
			<td>&nbsp;Stanga/Dreapta</td>
		</tr>
	</tbody>
</table>

<p>&nbsp;</p>
","","no","no","in_stock","20/2/2017 17:41:42","20/2/2017 17:41:42","kit",""
"3494079",,"0","593","active","ro","MK8607T","Articulatie sarcina ghidare","articulatie-sarcina-ghidare-mk8607t","Articulatie sarcina ghidare","Articulatie; sarcina; ghidare;","","<table border=""0"" cellpadding=""1"" cellspacing=""1"" style=""width:500px"">
	<tbody>
		<tr>
			<th scope=""row"">Parte montare</th>
			<td>&nbsp;Inferior</td>
		</tr>
		<tr>
			<th scope=""row"">Parte montare</th>
			<td>&nbsp;Fata</td>
		</tr>
		<tr>
			<th scope=""row"">Parte fixare</th>
			<td>&nbsp;Stanga/dreapta</td>
		</tr>
	</tbody>
</table>

<p>&nbsp;</p>
","","no","no","in_stock","20/2/2017 18:06:40","20/2/2017 18:06:40","kit",""
"3494080",,"0","595","active","ro","SL90510","Bieleta antiruliu","bieleta-antiruliu-sl90510","Bieleta antiruliu","bieleta; antiruliu;","","<table border=""0"" cellpadding=""1"" cellspacing=""1"" style=""width:500px"">
	<tbody>
		<tr>
			<th scope=""row"">Parte montare</th>
			<td>&nbsp; Fata</td>
		</tr>
		<tr>
			<th scope=""row"">&nbsp;</th>
			<td>&nbsp;</td>
		</tr>
		<tr>
			<th scope=""row"">&nbsp;</th>
			<td>&nbsp;</td>
		</tr>
	</tbody>
</table>

<p>&nbsp;</p>
","","no","no","in_stock","20/2/2017 18:24:21","20/2/2017 18:26:27","kit",""
"3494081",,"0","97","active","ro","513197","Butuc roata","butuc-roata-513197","Butuc roata","Butuc roata","","<table border=""0"" cellpadding=""1"" cellspacing=""1"" style=""width:500px"">
	<tbody>
		<tr>
			<th scope=""row"">Parte montare</th>
			<td>&nbsp;Fata</td>
		</tr>
		<tr>
			<th scope=""row"">Nr. suruburi</th>
			<td>&nbsp;6</td>
		</tr>
	</tbody>
</table>

<p>&nbsp;</p>
","","no","no","in_stock","20/2/2017 18:36:39","20/2/2017 18:36:39","kit",""
"3494082",,"0","596","active","ro","WC116224","Cilindru frana","cilindru-frana-wc116224","Cilindru frana","Cilindru frana","","<table border=""0"" cellpadding=""1"" cellspacing=""1"" style=""width:500px"">
	<tbody>
		<tr>
			<th scope=""row"">Parte montare</th>
			<td>&nbsp;Spate</td>
		</tr>
		<tr>
			<th scope=""row"">Parte fixare</th>
			<td>&nbsp;Stanga/Dreapta</td>
		</tr>
	</tbody>
</table>

<p>&nbsp;</p>
","","","","in_stock","20/2/2017 20:54:33","21/2/2017 13:24:54","kit",""
"3494083",,"0","97","active","ro","K7346","Articulatie sarcina ghidare","articulatie-sarcina-ghidare-k7346","Articulatie sarcina ghidare","Articulatie; sarcina; ghidare;","","<table border=""0"" cellpadding=""1"" cellspacing=""1"" style=""width:500px"">
	<tbody>
		<tr>
			<th scope=""row"">Parte montare</th>
			<td>&nbsp;Superioara</td>
		</tr>
		<tr>
			<th scope=""row"">Parte montare</th>
			<td>&nbsp;Fata</td>
		</tr>
		<tr>
			<th scope=""row"">Parte fixare</th>
			<td>&nbsp;Stanga/Dreapta</td>
		</tr>
	</tbody>
</table>

<p>&nbsp;</p>
","","no","no","in_stock","20/2/2017 20:58:25","20/2/2017 20:58:25","kit",""
"3494089",,"0","579","active","ro","614004","Ansamblu burduf planetara","ansamblu-burduf-planetara-614004","Ansamblu burduf planetara","Ansamblu burduf planetara","","<table border=""0"" cellpadding=""1"" cellspacing=""1"" style=""width:500px"">
	<tbody>
		<tr>
			<th scope=""row"">Parte montare</th>
			<td>&nbsp;Punte fata spre cutia de viteze (interior)</td>
		</tr>
		<tr>
			<th scope=""row"">Material</th>
			<td>&nbsp;Silicon</td>
		</tr>
		<tr>
			<th scope=""row"">Nr. cleme&nbsp;</th>
			<td>&nbsp;2</td>
		</tr>
		<tr>
			<th scope=""row"">Diametru arbore&nbsp;</th>
			<td>&nbsp;43 mm</td>
		</tr>
	</tbody>
</table>

<p>&nbsp;</p>
","","no","no","in_stock","21/2/2017 16:06:14","21/2/2017 16:16:45","kit",""
"3494090",,"0","598","active","ro","96181263","Filtru aer FF ","filtru-aer-ff-96181263","Filtru aer","Filtru aer","","<table border=""0"" cellpadding=""1"" cellspacing=""1"" style=""width:500px"">
	<tbody>
		<tr>
			<th scope=""row"">Tip filtru</th>
			<td>&nbsp;Panou</td>
		</tr>
		<tr>
			<th scope=""row"">Lungime [mm]</th>
			<td>&nbsp;244</td>
		</tr>
		<tr>
			<th scope=""row"">Latime [mm]</th>
			<td>&nbsp;202</td>
		</tr>
		<tr>
			<th scope=""row"">Inaltime [mm]</th>
			<td>&nbsp;39</td>
		</tr>
	</tbody>
</table>

<p>&nbsp;</p>
","","no","no","in_stock","21/2/2017 16:24:51","21/2/2017 16:24:51","kit",""
"3494091",,"0","598","active","ro","96190645","Filtru habitaclu","filtru-habitaclu-origine-96190645","Filtru habitaclu","Filtru habitaclu","Filtru habitaclu","<table border=""0"" cellpadding=""1"" cellspacing=""1"" style=""width:500px"">
	<tbody>
		<tr>
			<th scope=""row"">Lungime [mm]</th>
			<td>&nbsp;214</td>
		</tr>
		<tr>
			<th scope=""row"">Latime [mm]</th>
			<td>&nbsp;186</td>
		</tr>
		<tr>
			<th scope=""row"">Inaltime [mm]</th>
			<td>&nbsp;25</td>
		</tr>
	</tbody>
</table>

<p>&nbsp;</p>
","","no","no","in_stock","21/2/2017 16:29:51","21/2/2017 16:32:18","newOEM",""
"3494092",,"0","623","active","ro","CAF1717","Filtru habitaclu","filtru-habitaclu-kleener-caf1717","Filtru habitaclu","Filtru habitaclu","Filtru habitaclu","<table border=""0"" cellpadding=""1"" cellspacing=""1"" style=""width:500px"">
	<tbody>
		<tr>
			<th scope=""row"">Tip filtru&nbsp;</th>
			<td>&nbsp;Panou</td>
		</tr>
		<tr>
			<th scope=""row"">Lungime [mm]</th>
			<td>&nbsp;309</td>
		</tr>
		<tr>
			<th scope=""row"">Latime [mm]</th>
			<td>&nbsp;193</td>
		</tr>
		<tr>
			<th scope=""row"">Inaltime [mm]</th>
			<td>&nbsp;30</td>
		</tr>
	</tbody>
</table>

<p>&nbsp;</p>
","","no","no","in_stock","21/2/2017 16:43:50","21/2/2017 16:51:40","newOEM",""
"3494093",,"0","572","active","ro","AF3593","Filtru aer","filtru-aer-luber-finer-af3593","Filtru aer","Filtru aer","Filtru aer","<table border=""0"" cellpadding=""1"" cellspacing=""1"" style=""width:500px"">
	<tbody>
		<tr>
			<th scope=""row"">Tip filtru</th>
			<td>&nbsp;Panou</td>
		</tr>
		<tr>
			<th scope=""row"">Lungime [mm]</th>
			<td>&nbsp;267</td>
		</tr>
		<tr>
			<th scope=""row"">Latime [mm]</th>
			<td>&nbsp;213</td>
		</tr>
		<tr>
			<th scope=""row"">Inaltime [mm]</th>
			<td>&nbsp;70</td>
		</tr>
	</tbody>
</table>

<p>&nbsp;</p>
","","no","no","in_stock","21/2/2017 17:11:46","21/2/2017 17:13:40","newAMPart",""
"3494347",,"0","580","active","ro","FP53","Filtru habitaclu","filtru-habitaclu-fp53","Filtru habitaclu","Filtru habitaclu","","<table border=""0"" cellpadding=""1"" cellspacing=""1"" style=""width:500px"">
	<tbody>
		<tr>
			<th scope=""row"">Tip filtru&nbsp;</th>
			<td>&nbsp;Panou</td>
		</tr>
		<tr>
			<th scope=""row"">Lungime [mm]</th>
			<td>&nbsp;207</td>
		</tr>
		<tr>
			<th scope=""row"">Latime [mm]</th>
			<td>&nbsp;179</td>
		</tr>
		<tr>
			<th scope=""row"">Grosime [mm]</th>
			<td>&nbsp;26</td>
		</tr>
	</tbody>
</table>

<p>Import SUA</p>
","","","","in_stock","11/7/2017 20:21:07","11/7/2017 20:21:07","kit",""
"3494095",,"0","579","active","ro","520222","Brat suspensie (Bascula)","brat-suspensie-bascula-520222","Brat suspensie (Bascula)","Brat suspensie (Bascula)","","<table border=""0"" cellpadding=""1"" cellspacing=""1"" style=""width:500px"">
	<tbody>
		<tr>
			<th scope=""row"">Parte montare</th>
			<td>&nbsp;Superior</td>
		</tr>
		<tr>
			<th scope=""row"">Parte montare</th>
			<td>&nbsp;Fata</td>
		</tr>
		<tr>
			<th scope=""row"">Parte montare</th>
			<td>&nbsp;Dreapta</td>
		</tr>
	</tbody>
</table>

<p>&nbsp;</p>
","","no","no","in_stock","21/2/2017 17:26:45","21/2/2017 17:26:45","kit",""
"3494096",,"0","579","active","ro","520221","Brat suspensie (Bascula)","brat-suspensie-bascula-520221","Brat suspensie (Bascula)","Brat suspensie (Bascula)","","<table border=""0"" cellpadding=""1"" cellspacing=""1"" style=""width:500px"">
	<tbody>
		<tr>
			<th scope=""row"">Parte montare</th>
			<td>&nbsp;Superior</td>
		</tr>
		<tr>
			<th scope=""row"">Parte montare</th>
			<td>&nbsp;Fata</td>
		</tr>
		<tr>
			<th scope=""row"">Parte montare</th>
			<td>&nbsp;Stanga</td>
		</tr>
	</tbody>
</table>

<p>&nbsp;</p>
","","no","no","in_stock","21/2/2017 17:29:37","21/2/2017 17:30:20","kit",""
"3494097",,"0","31","active","ro","71131ST","Amortizor pe gaz","amortizor-pe-gaz-71131st","Amortizor pe gaz","Amortizor pe gaz","","<table border=""0"" cellpadding=""1"" cellspacing=""1"" style=""width:500px"">
	<tbody>
		<tr>
			<th scope=""row"">Parte montare</th>
			<td>&nbsp;Fata stanga</td>
		</tr>
	</tbody>
</table>

<p>Gama <strong>SENSA-TRAC</strong>,<strong>&nbsp;</strong>made in Mexico.</p>
","livrare 5-12 zile ","no","no","in_supplier_stock","21/2/2017 17:40:06","9/11/2017 18:53:16","kit",""
"3494098",,"0","31","inactive","ro","39104ST","Amortizor pe gaz","amortizor-pe-gaz-39104st","Amortizor pe gaz","Amortizor pe gaz","","<table border=""0"" cellpadding=""1"" cellspacing=""1"" style=""width:500px"">
	<tbody>
		<tr>
			<th scope=""row"">Parte montare&nbsp;</th>
			<td>&nbsp;Fata</td>
		</tr>
		<tr>
			<th scope=""row"">Tip suspensie</th>
			<td>&nbsp;Clasica/Electronica</td>
		</tr>
	</tbody>
</table>

<p>Gama&nbsp;<strong>SENSA-TRAC,&nbsp;</strong>made in Canada</p>
","","no","no","in_stock","21/2/2017 17:54:12","22/1/2018 22:31:06","kit",""
"3494100",,"0","615","active","ro","AF521","Filtru aer","filtru-aer-af521","Filtru aer","Filtru aer","","<table border=""0"" cellpadding=""1"" cellspacing=""1"" style=""width:500px"">
	<tbody>
		<tr>
			<th scope=""row"">Tip filtru</th>
			<td>&nbsp;Cartus</td>
		</tr>
		<tr>
			<th scope=""row"">Inaltime [mm]</th>
			<td>&nbsp;410</td>
		</tr>
		<tr>
			<th scope=""row"">Diametru exterior baza [mm]</th>
			<td>&nbsp;352</td>
		</tr>
		<tr>
			<th scope=""row"">Diametru exterior partea superioara[mm]</th>
			<td>&nbsp;420</td>
		</tr>
	</tbody>
</table>

<p>&nbsp;</p>
","","no","no","in_stock","21/2/2017 18:34:21","21/2/2017 18:34:21","kit",""
"3494101",,"0","598","active","ro","7L7Z-17K835-APTM","Bara protectie spate","bara-protectie-spate-7l7z-17k835-aptm","Bara protectie spate","caroserie,bara protectie, spate vehicul, acoperire bara protectie ","Bara protectie spate","<table border=""0"" cellpadding=""1"" cellspacing=""1"" style=""width:500px"">
	<tbody>
		<tr>
			<th scope=""row"">Parte montare</th>
			<td>&nbsp;&nbsp; spate</td>
		</tr>
		<tr>
			<th scope=""row"">Producator</th>
			<td>&nbsp;&nbsp; origine</td>
		</tr>
		<tr>
			<th scope=""row"">&nbsp;</th>
			<td>&nbsp;</td>
		</tr>
	</tbody>
</table>

<p>&nbsp;</p>
","","","yes","in_stock","22/2/2017 15:26:46","22/2/2017 15:26:46","kit",""
"3494102",,"0","97","active","ro","ES800532","Cap de bara","cap-de-bara-es800532","Cap de bara","Cap de bara","","<table border=""0"" cellpadding=""1"" cellspacing=""1"" style=""width:500px"">
	<tbody>
		<tr>
			<th scope=""row"">Parte montare</th>
			<td>&nbsp;Fata</td>
		</tr>
		<tr>
			<th scope=""row"">Parte fixare</th>
			<td>&nbsp;Stanga</td>
		</tr>
	</tbody>
</table>

<p>&nbsp;</p>
","","no","no","in_stock","22/2/2017 17:44:21","22/2/2017 17:44:21","kit",""
"3494103",,"0","623","active","ro","CAF1766","Filtru habitaclu","filtru-habitaclu-kleener-caf1766","Filtru habitaclu","Filtru habitaclu","Filtru habitaclu","<table border=""0"" cellpadding=""1"" cellspacing=""1"" style=""width:500px"">
	<tbody>
		<tr>
			<th scope=""row"">Tip filtru</th>
			<td>&nbsp;Panou</td>
		</tr>
		<tr>
			<th scope=""row"">Lungime [mm]</th>
			<td>&nbsp;216</td>
		</tr>
		<tr>
			<th scope=""row"">Latime [mm]</th>
			<td>&nbsp;216</td>
		</tr>
		<tr>
			<th scope=""row"">Inaltime [mm]</th>
			<td>&nbsp;19</td>
		</tr>
	</tbody>
</table>

<p>&nbsp;</p>
","","no","no","in_stock","22/2/2017 18:47:06","22/2/2017 19:42:39","newAMPart",""
"3494104",,"0","623","active","ro","CAF1702","Filtru habitaclu","filtru-habitaclu-kleener-caf1702","Filtru habitaclu","Filtru habitaclu","Filtru habitaclu","<table border=""0"" cellpadding=""1"" cellspacing=""1"" style=""width:500px"">
	<tbody>
		<tr>
			<th scope=""row"">Tip filtru</th>
			<td>&nbsp;Panou</td>
		</tr>
		<tr>
			<th scope=""row"">Lungime [mm]</th>
			<td>&nbsp;279</td>
		</tr>
		<tr>
			<th scope=""row"">Latime [mm]</th>
			<td>&nbsp;205</td>
		</tr>
		<tr>
			<th scope=""row"">Inaltime [mm]</th>
			<td>&nbsp;29</td>
		</tr>
	</tbody>
</table>

<p>&nbsp;</p>
","","no","no","in_stock","22/2/2017 19:41:35","22/2/2017 19:43:34","newAMPart",""
"3494105",,"0","36","active","ro","P8170","Filtru ulei","filtru-ulei-champion-p8170","Filtru ulei","Filtru ulei","Filtru ulei","<table border=""0"" cellpadding=""1"" cellspacing=""1"" style=""width:500px"">
	<tbody>
		<tr>
			<th scope=""row"">Tip filtru</th>
			<td>&nbsp;Cartus</td>
		</tr>
		<tr>
			<th scope=""row"">Inaltime [mm]</th>
			<td>&nbsp;99</td>
		</tr>
		<tr>
			<th scope=""row"">Diametru exterior [mm]</th>
			<td>&nbsp;83</td>
		</tr>
		<tr>
			<th scope=""row"">Diametru interior [mm]</th>
			<td>&nbsp;40</td>
		</tr>
	</tbody>
</table>

<p>&nbsp;</p>
","","no","no","in_stock","22/2/2017 19:42:08","22/2/2017 19:46:11","newAMPart",""
"3494106",,"0","572","active","ro","G6580","Filtru combustibil","filtru-combustibil-luber-finer-g6580","Filtru combustibil","Filtru combustibil","Filtru combustibil","<table border=""0"" cellpadding=""1"" cellspacing=""1"" style=""width:500px"">
	<tbody>
		<tr>
			<th scope=""row"">Tip filtru</th>
			<td>&nbsp;Conducta</td>
		</tr>
		<tr>
			<th scope=""row"">Inaltime [mm]</th>
			<td>&nbsp;300</td>
		</tr>
		<tr>
			<th scope=""row"">Diametru exterior [mm]</th>
			<td>&nbsp;55</td>
		</tr>
		<tr>
			<th scope=""row"">Diametru admisie/evacuare [mm]</th>
			<td>&nbsp;8</td>
		</tr>
	</tbody>
</table>

<p>&nbsp;</p>
","","no","no","in_stock","22/2/2017 19:42:29","22/2/2017 19:48:24","newAMPart",""
"3494107",,"0","121","active","ro","24880","Filtru habitaclu","filtru-habitaclu-24880","Filtru habitaclu","filtru habitaclu","","<table border=""0"" cellpadding=""1"" cellspacing=""1"" style=""width:500px"">
	<tbody>
		<tr>
			<th scope=""row"">Tip filtru</th>
			<td>&nbsp;Panou</td>
		</tr>
		<tr>
			<th scope=""row"">Lungime [mm]</th>
			<td>&nbsp;254</td>
		</tr>
		<tr>
			<th scope=""row"">Latime [mm]</th>
			<td>&nbsp;200</td>
		</tr>
		<tr>
			<th scope=""row"">Inaltime [mm]</th>
			<td>&nbsp;25</td>
		</tr>
	</tbody>
</table>

<p>&nbsp;</p>
","","no","no","in_stock","22/2/2017 19:55:11","22/2/2017 19:55:11","kit",""
"3494108",,"0","39","active","ro","SMD1474","Placute frana","placute-frana-smd1474","Placute frana","placute frana","","<table border=""0"" cellpadding=""1"" cellspacing=""1"" style=""width:500px"">
	<tbody>
		<tr>
			<th scope=""row"">Parte montare</th>
			<td>&nbsp;Fata</td>
		</tr>
		<tr>
			<th scope=""row"">&nbsp;</th>
			<td>&nbsp;</td>
		</tr>
		<tr>
			<th scope=""row"">&nbsp;</th>
			<td>&nbsp;</td>
		</tr>
	</tbody>
</table>

<p>&nbsp;</p>
","","no","no","in_stock","22/2/2017 20:28:54","22/2/2017 20:28:54","kit",""
"3494109",,"0","205","active","ro","710549","Simering diferential","simering-diferential-710549","Simering diferential","antrenare punte , diferential , simering , etansare","","<table border=""0"" cellpadding=""1"" cellspacing=""1"" style=""width:500px"">
	<tbody>
		<tr>
			<th scope=""row"">Parte montare</th>
			<td>&nbsp; diferential</td>
		</tr>
		<tr>
			<th scope=""row"">Parte montare</th>
			<td>&nbsp;&nbsp; fata</td>
		</tr>
		<tr>
			<th scope=""row"">Pozitia origine</th>
			<td>&nbsp;&nbsp; 20</td>
		</tr>
	</tbody>
</table>

<p>&nbsp;</p>
","","","","in_stock","23/2/2017 19:27:54","1/3/2017 15:33:59","kit",""
"3494111",,"0","587","active","ro","KH35270714","Lampa spate dreapta","lampa-spate-dreapta-kh35270714","Lampa spate","Lampa spate","","<table border=""0"" cellpadding=""1"" cellspacing=""1"" style=""width:500px"">
	<tbody>
		<tr>
			<th scope=""row"">Parte montare</th>
			<td>&nbsp;Spate</td>
		</tr>
		<tr>
			<th scope=""row"">Parte montare</th>
			<td>&nbsp;Dreapta</td>
		</tr>
		<tr>
			<th scope=""row"">Culoare</th>
			<td>&nbsp;Rosu fumuriu</td>
		</tr>
	</tbody>
</table>

<p>&nbsp;</p>
","","no","no","in_stock","27/2/2017 14:24:47","27/2/2017 14:42:23","kit",""
"3494112",,"0","587","active","ro","KH35270713","Lampa spate stanga","lampa-spate-stanga-kh35270713","Lampa spate stanga","Lampa spate stanga","","<table border=""0"" cellpadding=""1"" cellspacing=""1"" style=""width:500px"">
	<tbody>
		<tr>
			<th scope=""row"">Parte montare</th>
			<td>&nbsp;Spate</td>
		</tr>
		<tr>
			<th scope=""row"">Parte montare</th>
			<td>&nbsp;Stanga</td>
		</tr>
		<tr>
			<th scope=""row"">Culoare&nbsp;</th>
			<td>&nbsp;Rosu fumuriu</td>
		</tr>
	</tbody>
</table>

<p>&nbsp;</p>
","","no","no","in_stock","27/2/2017 14:40:06","27/2/2017 14:40:06","kit",""
"3494113",,"0","577","active","ro","41110","Bujie iridium","bujie-iridium-41110","Bujie iridium","Bujie iridium","","<table border=""0"" cellpadding=""1"" cellspacing=""1"" style=""width:500px"">
	<tbody>
		<tr>
			<th scope=""row"">Dimensiune filet [mm]</th>
			<td>&nbsp;25</td>
		</tr>
		<tr>
			<th scope=""row"">Diametru filet [mm]</th>
			<td>&nbsp;14</td>
		</tr>
		<tr>
			<th scope=""row"">Deschidere cheie [mm]</th>
			<td>&nbsp;16</td>
		</tr>
	</tbody>
</table>

<p>&nbsp;</p>
","","no","no","in_stock","27/2/2017 15:10:53","27/2/2017 15:10:53","kit",""
"3494114",,"0","580","active","ro","SP493","Bujie aprindere","bujie-aprindere-motorcraft-sp493","Bujie aprindere","Bujie aprindere","Bujie aprindere","<table border=""0"" cellpadding=""1"" cellspacing=""1"" style=""width:500px"">
	<tbody>
		<tr>
			<th scope=""row"">Lungime filet [mm]</th>
			<td>&nbsp;17.5</td>
		</tr>
		<tr>
			<th scope=""row"">Filet exterior [mm]</th>
			<td>&nbsp;14</td>
		</tr>
		<tr>
			<th scope=""row"">Deschidere cheie [mm]</th>
			<td>&nbsp;16</td>
		</tr>
	</tbody>
</table>

<p>&nbsp;</p>
","","no","no","in_stock","27/2/2017 15:29:12","27/2/2017 15:33:54","newOEM",""
"3494115",,"0","590","active","ro","GM2801232","Lampa stop","lampa-stop-gm2801232","Lampa stop","Lampa stop","","<table border=""0"" cellpadding=""1"" cellspacing=""1"" style=""width:500px"">
	<tbody>
		<tr>
			<th scope=""row"">Parte montare</th>
			<td>&nbsp;&nbsp;&nbsp; spate dreapta</td>
		</tr>
		<tr>
			<th scope=""row"">Poza produs</th>
			<td>&nbsp;&nbsp;&nbsp; reala</td>
		</tr>
		<tr>
			<th scope=""row"">Producator</th>
			<td>&nbsp;&nbsp;&nbsp; various</td>
		</tr>
	</tbody>
</table>

<p>&nbsp;</p>
","","","","in_stock","28/2/2017 15:10:49","28/2/2017 15:10:49","kit",""
"3494116",,"0","579","active","ro","90753","Maner exterior  deschidere usa","maner-exterior-deschidere-usa-90753","Maner exterior  deschidere usa","caroserie , usa , deschidere, cablu usa fata, maner ","","<table border=""0"" cellpadding=""1"" cellspacing=""1"" style=""width:500px"">
	<tbody>
		<tr>
			<th scope=""row"">Maner deschidere</th>
			<td>&nbsp; usa fata dreapta</td>
		</tr>
		<tr>
			<th scope=""row"">Maner deschidere</th>
			<td>&nbsp; negru</td>
		</tr>
		<tr>
			<th scope=""row"">Poza reper&nbsp;</th>
			<td>&nbsp; reala</td>
		</tr>
	</tbody>
</table>

<p>&nbsp;</p>
","","","","in_stock","28/2/2017 16:09:56","28/2/2017 16:09:56","kit",""
"3494117",,"0","624","active","ro","6511461","Compresor aer conditionat ","compresor-aer-conditionat-6511461","Compresor aer conditionat ","aer, aer conditionat , racire habitaclu, filtru aer , compresor , climatizare ","Compresor aer conditionat ","<table border=""0"" cellpadding=""1"" cellspacing=""1"" style=""width:500px"">
	<tbody>
		<tr>
			<th scope=""row"">Compatibilitate OE</th>
			<td>&nbsp; 4C3Z19V703AA</td>
		</tr>
		<tr>
			<th scope=""row"">Compatibilitate OE</th>
			<td>&nbsp; 4L3Z19703AC</td>
		</tr>
		<tr>
			<th scope=""row"">Compatibilitate OE</th>
			<td>&nbsp; F7LZ19V703RA</td>
		</tr>
	</tbody>
</table>

<p>&nbsp;</p>
","","","","in_stock","28/2/2017 16:53:29","28/2/2017 16:53:29","kit",""
"3494118",,"0","205","active","ro","710506","Simering diferential","simering-diferential-710506","Simering diferential","Suport diferential","","<table border=""0"" cellpadding=""1"" cellspacing=""1"" style=""width:500px"">
	<tbody>
		<tr>
			<th scope=""row"">Parte montare</th>
			<td>&nbsp;diferential</td>
		</tr>
		<tr>
			<th scope=""row"">Parte montare</th>
			<td>&nbsp;spate</td>
		</tr>
		<tr>
			<th scope=""row"">Cod OE</th>
			<td>&nbsp;26064028 poz 2</td>
		</tr>
	</tbody>
</table>

<p>&nbsp;</p>
","","","","in_stock","28/2/2017 20:06:11","1/3/2017 15:32:38","kit",""
"3494120",,"0","591","active","ro","5523321","Pompa de apa","pompa-de-apa-55-23321","Pompa de apa","racire motor , termostat, carcasa , garnitura, pompa de apa, pompa apa, apa , sistem racire motor , sistem de racire motor, racire ","","<table border=""0"" cellpadding=""1"" cellspacing=""1"" style=""width:500px"">
	<tbody>
		<tr>
			<th scope=""row"">Producator</th>
			<td>&nbsp;&nbsp; Cardone select</td>
		</tr>
		<tr>
			<th scope=""row"">Produs</th>
			<td>&nbsp;&nbsp;&nbsp; Nou</td>
		</tr>
		<tr>
			<th scope=""row"">Parte montare</th>
			<td>&nbsp;&nbsp;&nbsp; Sistem racire motor</td>
		</tr>
	</tbody>
</table>

<p>&nbsp;</p>
","","","","in_stock","15/3/2017 18:32:40","4/4/2017 16:43:41","kit",""
"3494121",,"0","418","active","ro","BD125656","Disc frana ","disc-frana-wagner-bd125656","Disc frana ","Disc frana ","Disc frana ","<table border=""0"" cellpadding=""1"" cellspacing=""1"" style=""width:500px"">
	<tbody>
		<tr>
			<th scope=""row"">Parte montare</th>
			<td>&nbsp;&nbsp; spate</td>
		</tr>
		<tr>
			<th scope=""row"">Parte montare</th>
			<td>&nbsp; stanga / dreapta</td>
		</tr>
		<tr>
			<th scope=""row"">Producator</th>
			<td>&nbsp; Wagner</td>
		</tr>
	</tbody>
</table>

<p>&nbsp;</p>
","Disc frana ","no","no","in_stock","20/3/2017 14:40:42","20/3/2017 14:55:51","newOEM",""
"3494122",,"0","579","active","ro","917754","Senzor pozitie arbore cotit ","senzor-pozitie-arbore-cotit-dorman-917-754","Senzor pozitie arbore cotit ","Senzor pozitie arbore cotit ","Senzor pozitie arbore cotit ","<table border=""0"" cellpadding=""1"" cellspacing=""1"" style=""width:500px"">
	<tbody>
	</tbody>
</table>
","Senzor pozitie arbore cotit ","no","no","in_stock","20/3/2017 15:05:09","7/6/2017 16:05:07","newOEM",""
"3494123",,"0","565","active","ro","SP2099M","Pompa combustibil","pompa-combustibil-sp2099m","Pompa combustibil","Pompa combustibil","","<table border=""0"" cellpadding=""1"" cellspacing=""1"" style=""width:500px"">
	<tbody>
		<tr>
			<th scope=""row"">COD OEM</th>
			<td>&nbsp;6R3Z9H307AA, 7R3Z9H307C</td>
		</tr>
	</tbody>
</table>

<p>&nbsp;</p>
","","no","yes","in_stock","28/3/2017 19:38:49","13/6/2017 15:47:14","kit",""
"3494124",,"0","625","active","ro","2855","Radiator racire lichid motor","radiator-racire-lichid-motor-2855","Radiator racire lichid motor","Radiator racire lichid motor","","<table border=""0"" cellpadding=""1"" cellspacing=""1"" style=""width:500px"">
	<tbody>
		<tr>
			<th scope=""row"">Inaltime [mm]</th>
			<td>&nbsp;587</td>
		</tr>
		<tr>
			<th scope=""row"">Latime [mm]</th>
			<td>&nbsp;468</td>
		</tr>
		<tr>
			<th scope=""row"">Adancime [mm]</th>
			<td>&nbsp;26</td>
		</tr>
		<tr>
			<th scope=""row"">Admisie</th>
			<td>&nbsp;1-5/16&quot;</td>
		</tr>
		<tr>
			<th scope=""row"">Evacuare</th>
			<td>&nbsp;1-9/16&quot;</td>
		</tr>
	</tbody>
</table>

<p>&nbsp;</p>
","","no","no","in_stock","29/3/2017 16:48:17","29/3/2017 16:48:17","kit",""
"3494125",,"0","599","active","ro","90562034","Kit placute frana + discuri frana","kit-placute-frana-discuri-frana-90562034","Kit placute frana + discuri frana","Kit placute frana + discuri frana","","<p>Kitul contine urmatoarele elemente:</p>

<table border=""0"" cellpadding=""1"" cellspacing=""1"" style=""width:500px"">
	<tbody>
		<tr>
			<th scope=""row"">Placute frana</th>
			<td>&nbsp;1 buc</td>
		</tr>
		<tr>
			<th scope=""row"">Placute frana</th>
			<td>&nbsp;1 buc</td>
		</tr>
		<tr>
			<th scope=""row"">Disc frana</th>
			<td>&nbsp;2 buc</td>
		</tr>
		<tr>
			<th scope=""row"">Disc frana</th>
			<td>&nbsp;2 buc</td>
		</tr>
	</tbody>
</table>

<p>&nbsp;</p>

<table border=""0"" cellpadding=""1"" cellspacing=""1"" style=""width:500px"">
	<tbody>
		<tr>
			<th scope=""row"">
			<p><strong>Dimensiunile placutelor de frana apar in imagini.</strong></p>
			</th>
		</tr>
		<tr>
			<th scope=""row""><strong>Piese made in USA.</strong></th>
		</tr>
	</tbody>
</table>

<p>&nbsp;</p>
","","no","no","in_supplier_stock","3/4/2017 18:17:44","3/4/2017 18:22:26","kit",""
"3494126",,"0","580","active","ro","MEOE25","Bieleta directie","bieleta-directie-meoe25","Bieleta directie","Bieleta directie","","<table border=""0"" cellpadding=""1"" cellspacing=""1"" style=""width:500px"">
	<tbody>
		<tr>
			<th scope=""row"">Parte montare</th>
			<td>&nbsp;stanga/dreapta</td>
		</tr>
		<tr>
			<th scope=""row"">Cod OEM</th>
			<td>&nbsp;6E5Z3280AA</td>
		</tr>
	</tbody>
</table>

<p>&nbsp;</p>
","","no","no","in_supplier_stock","3/4/2017 18:28:55","3/4/2017 18:35:13","kit",""
"3494127",,"0","621","active","ro","6490N","Electromotor","electromotor-6490n","Electromotor","Electromotor","","<table border=""0"" cellpadding=""1"" cellspacing=""1"" style=""width:500px"">
	<tbody>
		<tr>
			<th scope=""row"">Parte montare</th>
			<td>&nbsp;Sistem pornire motor</td>
		</tr>
		<tr>
			<th scope=""row"">Made in&nbsp;</th>
			<td>&nbsp;China</td>
		</tr>
	</tbody>
</table>

<p>&nbsp;</p>
","","no","no","in_stock","3/4/2017 18:43:56","3/4/2017 19:15:53","kit",""
"3494128",,"0","199","active","ro","106782","Electromotor","electromotor-106782","Electromotor","Electromotor","","<table border=""0"" cellpadding=""1"" cellspacing=""1"" style=""width:500px"">
	<tbody>
		<tr>
			<th scope=""row"">Parte montare</th>
			<td>&nbsp;Sistem pornire motor</td>
		</tr>
		<tr>
			<th scope=""row"">Made in&nbsp;</th>
			<td>&nbsp;China</td>
		</tr>
	</tbody>
</table>

<p>&nbsp;</p>
","","no","no","in_stock","3/4/2017 18:51:08","3/4/2017 19:16:31","kit",""
"3494129",,"0","577","active","ro","46G20696A","Bieleta antiruliu","bieleta-antiruliu-46g20696a","Bieleta antiruliu","Bieleta antiruliu","","<table border=""0"" cellpadding=""1"" cellspacing=""1"" style=""width:500px"">
	<tbody>
		<tr>
			<th scope=""row"">Parte montare</th>
			<td>&nbsp;Stanga/ Dreapta</td>
		</tr>
		<tr>
			<th scope=""row"">Parte montare</th>
			<td>&nbsp;Spate</td>
		</tr>
		<tr>
			<th scope=""row"">Diametru bara [mm]&nbsp;</th>
			<td>&nbsp;17</td>
		</tr>
	</tbody>
</table>

<p>&nbsp;</p>
","","no","no","in_stock","3/4/2017 19:02:20","3/4/2017 19:05:01","kit",""
"3494131",,"0","63","active","ro","SE10003","Senzor presiune roata","senzor-presiune-roata-se10003","Senzor presiune roata","Senzor presiune roata","","<table border=""0"" cellpadding=""1"" cellspacing=""1"" style=""width:500px"">
	<tbody>
		<tr>
			<th scope=""row"">Echipare</th>
			<td>&nbsp;Autovehicule echipate cu sistem de control al presiunii in pneuri</td>
		</tr>
		<tr>
			<th scope=""row"">Frecventa [MHz]</th>
			<td>&nbsp;315</td>
		</tr>
	</tbody>
</table>

<p>&nbsp;</p>
","","no","no","in_stock","4/4/2017 16:02:07","4/4/2017 16:11:45","kit",""
"3494132",,"0","599","active","ro","10210670","Placute frana","placute-frana-10210670","Placute frana","Placute frana","","<table border=""0"" cellpadding=""1"" cellspacing=""1"" style=""width:500px"">
	<tbody>
		<tr>
			<th scope=""row"">Parte montare</th>
			<td>&nbsp;Spate</td>
		</tr>
		<tr>
			<th scope=""row"">Lungime [mm]</th>
			<td>&nbsp;177.3</td>
		</tr>
		<tr>
			<th scope=""row"">Latime [mm]</th>
			<td>&nbsp;59.3</td>
		</tr>
		<tr>
			<th scope=""row"">Inaltime [mm]</th>
			<td>&nbsp;18</td>
		</tr>
	</tbody>
</table>

<p>&nbsp;</p>
","","no","no","in_supplier_stock","4/4/2017 16:18:11","4/4/2017 16:19:46","kit",""
"3494133",,"0","599","active","ro","10210690","Placute frana","placute-frana-10210690","Placute frana","Placute frana","","<table border=""0"" cellpadding=""1"" cellspacing=""1"" style=""width:500px"">
	<tbody>
		<tr>
			<th scope=""row"">Parte montare</th>
			<td>&nbsp;Fata</td>
		</tr>
		<tr>
			<th scope=""row"">Lungime [mm]</th>
			<td>&nbsp;177.3</td>
		</tr>
		<tr>
			<th scope=""row"">Latime [mm]</th>
			<td>&nbsp;63.6</td>
		</tr>
		<tr>
			<th scope=""row"">Inaltime [mm]</th>
			<td>&nbsp;20.6</td>
		</tr>
	</tbody>
</table>

<p>&nbsp;</p>
","","no","no","in_supplier_stock","4/4/2017 16:22:47","4/4/2017 16:22:47","kit",""
"3494134",,"0","586","active","ro","WA515050","Rulment roata","rulment-roata-wa515050","Rulment roata","Rulment roata","","<table border=""0"" cellpadding=""1"" cellspacing=""1"" style=""width:500px"">
	<tbody>
		<tr>
			<th scope=""row"">Parte montare</th>
			<td>&nbsp;stg/dr</td>
		</tr>
		<tr>
			<th scope=""row"">Parte montare</th>
			<td>&nbsp;punte fata</td>
		</tr>
	</tbody>
</table>

<p>&nbsp;</p>
","","no","no","in_supplier_stock","4/4/2017 16:28:54","4/4/2017 16:34:21","kit",""
"3494137",,"0","579","active","ro","635502","Capac distributie","capac-distributie-635502","Capac distributie","Capac distributie","","<table border=""0"" cellpadding=""1"" cellspacing=""1"" style=""width:500px"">
	<tbody>
		<tr>
			<th scope=""row"">Lungime [mm]</th>
			<td>&nbsp;324&nbsp;</td>
		</tr>
		<tr>
			<th scope=""row"">Inaltime [mm]</th>
			<td>&nbsp;51</td>
		</tr>
		<tr>
			<th scope=""row"">Latime [mm]</th>
			<td>&nbsp;229</td>
		</tr>
		<tr>
			<th scope=""row"">Culoare</th>
			<td>&nbsp;Negru</td>
		</tr>
		<tr>
			<th scope=""row"">Material</th>
			<td>&nbsp;Plastic</td>
		</tr>
		<tr>
			<th scope=""row"">Termen de livrare</th>
			<td>&nbsp;5-12 zile</td>
		</tr>
	</tbody>
</table>

<p>&nbsp;</p>
","","","","in_supplier_stock","6/4/2017 13:45:42","6/4/2017 14:17:17","kit",""
"3494136",,"0","579","active","ro","594181","Fulie motor","fulie-motor-594181","Fulie motor","Fulie motor","","<table border=""0"" cellpadding=""1"" cellspacing=""1"" style=""width:500px"">
	<tbody>
		<tr>
			<th scope=""row"">Diametru [mm]</th>
			<td>&nbsp;156</td>
		</tr>
		<tr>
			<th scope=""row"">Latime [mm]</th>
			<td>&nbsp;33</td>
		</tr>
		<tr>
			<th scope=""row"">Greutate [kg]</th>
			<td>&nbsp;2.10</td>
		</tr>
	</tbody>
</table>

<p>&nbsp;</p>
","","","","in_stock","6/4/2017 13:01:59","6/4/2017 13:09:02","kit",""
"3494138",,"0","599","active","ro","11008010","Saboti frana","saboti-frana-11008010","Saboti frana","Saboti frana","","<table border=""0"" cellpadding=""1"" cellspacing=""1"" style=""width:500px"">
	<tbody>
		<tr>
			<th scope=""row"">Dimensiune [mm]</th>
			<td>&nbsp;200 x 31.5</td>
		</tr>
		<tr>
			<th scope=""row"">Termen de livrare</th>
			<td>&nbsp;5-12 zile</td>
		</tr>
		<tr>
			<th scope=""row"">&nbsp;</th>
			<td>&nbsp;</td>
		</tr>
	</tbody>
</table>

<p>&nbsp;</p>
","","no","no","in_supplier_stock","6/4/2017 15:14:49","6/4/2017 15:14:49","kit",""
"3494238",,"0","604","active","ro","VS50462 ","Garnitura capac culbutori","garnitura-capac-culbutori-vs50462","Garnitura capac culbutori","Garnitura capac culbutori","","<table border=""0"" cellpadding=""1"" cellspacing=""1"" style=""width:500px"">
	<tbody>
		<tr>
			<th scope=""row"">Material&nbsp;</th>
			<td>&nbsp;Victo-Tech</td>
		</tr>
	</tbody>
</table>

<p>Produs importat din SUA.</p>
","","","","in_stock","20/6/2017 16:03:30","20/6/2017 16:03:30","kit",""
"3494239",,"0","629","active","ro","VS50739R","Garnitura capac culbutori","garnitura-capac-culbutori-vs50739r","Garnitura capac culbutori","Garnitura capac culbutori","","<p>Livrare in 5-12 zile. Produs importat din SUA.</p>

<p>&nbsp;</p>
","","","","in_supplier_stock","20/6/2017 16:11:02","20/6/2017 16:11:02","kit",""
"3494140",,"0","599","active","ro","10314630","Placute frana","placute-frana-centric-10314630","Placute frana","Placute frana","","<table border=""0"" cellpadding=""1"" cellspacing=""1"" style=""width:500px"">
	<tbody>
		<tr>
			<th scope=""row"">Parte montare</th>
			<td>&nbsp;fata</td>
		</tr>
		<tr>
			<th scope=""row"">Lungime [mm]</th>
			<td>&nbsp;162.6</td>
		</tr>
		<tr>
			<th scope=""row"">Latime [mm]</th>
			<td>&nbsp;54.4</td>
		</tr>
		<tr>
			<th scope=""row"">Inaltime [mm]</th>
			<td>&nbsp;16.7</td>
		</tr>
	</tbody>
</table>

<p>&nbsp;</p>
","","no","no","in_stock","6/4/2017 18:38:56","7/6/2017 15:51:44","kit",""
"3494141",,"0","599","active","ro","10314650","Placute frana","placute-frana-10314650","Placute frana","Placute frana","","<table border=""0"" cellpadding=""1"" cellspacing=""1"" style=""width:500px"">
	<tbody>
		<tr>
			<th scope=""row"">Parte montare&nbsp;</th>
			<td>&nbsp;Spate</td>
		</tr>
		<tr>
			<th scope=""row"">Lungime [mm]</th>
			<td>&nbsp;112.8</td>
		</tr>
		<tr>
			<th scope=""row"">Latime [mm]</th>
			<td>&nbsp;49.1</td>
		</tr>
		<tr>
			<th scope=""row"">Inaltime [mm]</th>
			<td>&nbsp;16.1</td>
		</tr>
	</tbody>
</table>

<p>&nbsp;</p>

<p>&nbsp;</p>
","","no","no","in_stock","6/4/2017 18:49:13","8/6/2017 16:25:39","kit",""
"3494145",,"0","580","active","ro","SP520","Bujie aprindere","bujie-aprindere-sp520","Bujie aprindere","sistem pornire motor, aprindere, scanteie , bujie ,bujie aprindere, electrice , ignition","","<table border=""0"" cellpadding=""1"" cellspacing=""1"" style=""width:500px"">
	<tbody>
		<tr>
			<th scope=""row"">Parte montare</th>
			<td>&nbsp; Sistem aprindere</td>
		</tr>
		<tr>
			<th scope=""row"">Aprindere</th>
			<td>&nbsp; Finewire&nbsp; &nbsp; Platinum</td>
		</tr>
		<tr>
			<th scope=""row"">Producator</th>
			<td>&nbsp; Motorcraft</td>
		</tr>
	</tbody>
</table>

<p>&nbsp;</p>
","","","","in_stock","19/4/2017 15:03:13","19/4/2017 15:03:13","kit",""
"3494143",,"0","577","active","ro","46D2430A","Articulatie sarcina ghidare","articulatie-sarcina-ghidare-46d2430a","Articulatie sarcina ghidare","Articulatie sarcina ghidare","","<table border=""0"" cellpadding=""1"" cellspacing=""1"" style=""width:500px"">
	<tbody>
		<tr>
			<th scope=""row"">Parte montare</th>
			<td>&nbsp;&nbsp; fata</td>
		</tr>
		<tr>
			<th scope=""row"">Parte montare</th>
			<td>&nbsp;&nbsp; stg/dr</td>
		</tr>
		<tr>
			<th scope=""row"">Pozitie montare</th>
			<td>&nbsp;&nbsp;&nbsp; inferior</td>
		</tr>
	</tbody>
</table>

<p>&nbsp;</p>
","","","","in_stock","6/4/2017 19:38:53","19/4/2017 14:42:29","kit",""
"3494144",,"0","97","active","ro","K750074","Bieleta antiruliu ","bieleta-antiruliu-k750074","bieleta antiruliu","bieleta antiruliu,bieleta, antiruliu , suspensie, elemente suspensie , articulatie , articulatii ","","<table border=""0"" cellpadding=""1"" cellspacing=""1"" style=""width:500px"">
	<tbody>
		<tr>
			<th scope=""row"">Parte montare</th>
			<td>&nbsp;punte fata</td>
		</tr>
		<tr>
			<th scope=""row"">Parte montare</th>
			<td>&nbsp;stanga/dreapta</td>
		</tr>
		<tr>
			<th scope=""row"">Produs in</th>
			<td>&nbsp;Mexic</td>
		</tr>
	</tbody>
</table>

<p>&nbsp;</p>
","","yes","","in_stock","19/4/2017 14:10:46","19/4/2017 14:10:46","kit",""
"3494146",,"0","24","active","ro","BE1286H","Placute frana","placute-frana-be1286h","Placute frana","placute; frana; nissan; titan; bosch; sistem de franare; frana disc;","","<p><strong>Produs import. Livrare 5-12 zile.</strong></p>

<p>&nbsp;</p>

<table border=""0"" cellpadding=""1"" cellspacing=""1"" style=""width:500px"">
	<tbody>
		<tr>
			<th scope=""row"">Parte montare&nbsp;</th>
			<td>&nbsp;Fata</td>
		</tr>
		<tr>
			<th scope=""row"">Lungime [mm]</th>
			<td>&nbsp;200.05</td>
		</tr>
		<tr>
			<th scope=""row"">Latime [mm]</th>
			<td>&nbsp;145.82</td>
		</tr>
		<tr>
			<th scope=""row"">Inaltime [mm]</th>
			<td>&nbsp;91&nbsp;</td>
		</tr>
	</tbody>
</table>

<p>&nbsp;</p>
","","no","no","in_supplier_stock","26/4/2017 16:29:08","26/4/2017 16:31:07","kit",""
"3494147",,"0","626","active","ro","BR900542","Disc frana","disc-frana-br900542","Disc frana","disc; frana; sistem; franare; frana; disc; nissan; titan; infiniti; qx56","","<table border=""0"" cellpadding=""1"" cellspacing=""1"" style=""width:500px"">
	<tbody>
		<tr>
			<th scope=""row"">Parte montare</th>
			<td>&nbsp;Fata</td>
		</tr>
		<tr>
			<th scope=""row"">Tip disc</th>
			<td>&nbsp;Cu ventilatie</td>
		</tr>
		<tr>
			<th scope=""row"">Inaltime [mm]</th>
			<td>&nbsp;43.6</td>
		</tr>
		<tr>
			<th scope=""row"">Diametru exterior [mm]</th>
			<td>&nbsp;350</td>
		</tr>
	</tbody>
</table>

<p>&nbsp;</p>
","","no","no","in_supplier_stock","26/4/2017 16:38:25","26/4/2017 16:38:25","kit",""
"3494148",,"0","598","active","ro","20843963","Clapeta eliberare fana de mana","clapeta-eliberare-fana-de-mana-20843963","Clapeta eliberare fana de mana","clapeta; frana;mana; de; sistem; franare; frana; mana; chevrolet; gmc; hummer; canyon; colorado; h3","","<table border=""0"" cellpadding=""1"" cellspacing=""1"" style=""width:500px"">
	<tbody>
		<tr>
			<th scope=""row"">Tip produs</th>
			<td>&nbsp;Original</td>
		</tr>
		<tr>
			<th scope=""row"">Material&nbsp;</th>
			<td>&nbsp;Plastic</td>
		</tr>
		<tr>
			<th scope=""row"">Culoare</th>
			<td>&nbsp;Negru</td>
		</tr>
	</tbody>
</table>

<p>&nbsp;</p>
","","no","no","in_stock","26/4/2017 17:48:49","26/4/2017 17:48:49","kit",""
"3494219",,"0","629","active","ro","MS95446","Garnitura galerie evacuare","garnitura-galerie-evacuare-ms95446","Garnitura galerie evacuare","Garnitura galerie evacuare","","<table border=""0"" cellpadding=""1"" cellspacing=""1"" style=""width:500px"">
	<tbody>
		<tr>
			<th scope=""row"">Cod OEM</th>
			<td>&nbsp;4648913AA, 4663270, 4663272, MS16508</td>
		</tr>
	</tbody>
</table>

<p>Livrare in 5-12 zile. Produs importat din SUA.</p>
","","","","in_supplier_stock","14/6/2017 19:39:17","14/6/2017 19:39:17","kit",""
"3494220",,"0","27","active","ro","38178","Rola intindere","rola-intindere-38178","Rola intindere","Rola intindere","","<table border=""0"" cellpadding=""1"" cellspacing=""1"" style=""width:500px"">
	<tbody>
		<tr>
			<th scope=""row"">Diametru [mm]</th>
			<td>&nbsp;70</td>
		</tr>
		<tr>
			<th scope=""row"">Latime [mm]</th>
			<td>&nbsp;31</td>
		</tr>
		<tr>
			<th scope=""row"">Cod OEM</th>
			<td>12573024, 24576885</td>
		</tr>
	</tbody>
</table>

<p>Livrare in 5-12 zile. Produs importat din SUA.</p>
","","","","in_stock","14/6/2017 19:44:52","14/6/2017 19:44:52","kit",""
"3494150",,"0","598","active","ro","CR3Z5A772R","Bara stabilizatoare","bara-stabilizatoare-cr3z5a772r","Bara stabilizatoare","Bara ;stabilizatoare; ford; mustang;","","<table border=""0"" cellpadding=""1"" cellspacing=""1"" style=""width:500px"">
	<tbody>
		<tr>
			<th scope=""row"">Tip produs&nbsp;</th>
			<td>&nbsp;Original</td>
		</tr>
		<tr>
			<th scope=""row"">Parte montare</th>
			<td>&nbsp;Spate</td>
		</tr>
		<tr>
			<th scope=""row"">Livrare</th>
			<td>&nbsp;5-12 zile</td>
		</tr>
	</tbody>
</table>

<p>&nbsp;</p>
","","no","no","in_supplier_stock","26/4/2017 18:30:40","26/4/2017 18:30:40","kit",""
"3494151",,"0","627","active","ro","TK4198","Kit distributie","kit-distributie-tk4198","Kit distributie","Kit distributie;","","<table border=""0"" cellpadding=""1"" cellspacing=""1"" style=""width:500px"">
	<tbody>
		<tr>
			<th scope=""row"">Termen de livrare</th>
			<td>&nbsp;5-12 zile</td>
		</tr>
		<tr>
			<th scope=""row"">Parte montare</th>
			<td>&nbsp;Distributie</td>
		</tr>
		<tr>
			<th scope=""row"">&nbsp;</th>
			<td>&nbsp;</td>
		</tr>
	</tbody>
</table>

<p>&nbsp;</p>
","","","","in_supplier_stock","26/4/2017 18:54:45","26/4/2017 18:54:45","kit",""
"3494153",,"0","598","active","ro","10305080","Capac vas expansiune ","capac-vas-expansiune-10305080","","capac , buson , vas expansiune , sistem de racire , racitre motor , lichid racire , antigel, supra plin ","","<table style=""width:500px"">
	<tbody>
		<tr>
			<td>Maximum Pressure Rating</td>
			<td>18 PSI</td>
		</tr>
		<tr>
			<td>Length (In)</td>
			<td>2 in.</td>
		</tr>
		<tr>
			<td>Width (in)</td>
			<td>2 in.</td>
		</tr>
		<tr>
			<td>Diameter</td>
			<td>49.5 mm</td>
		</tr>
		<tr>
			<td>Color</td>
			<td>Black</td>
		</tr>
		<tr>
			<td>Pressure Release Lever</td>
			<td>No</td>
		</tr>
		<tr>
			<td>Material</td>
			<td>Plastic (Nylon)</td>
		</tr>
		<tr>
			<td>Attachment Type</td>
			<td>Threaded</td>
		</tr>
	</tbody>
</table>
","","","","in_stock","8/5/2017 18:54:19","8/5/2017 19:40:25","kit",""
"3494154",,"0","580","active","ro","FA1896","Filtru aer","filtru-aer-fa1896","Filtru aer","Filtru; aer; ford; mustang; motorcraft;","","<table border=""0"" cellpadding=""1"" cellspacing=""1"" style=""width:500px"">
	<tbody>
		<tr>
			<th scope=""row"">Inaltime [mm]</th>
			<td>&nbsp;230</td>
		</tr>
		<tr>
			<th scope=""row"">Diametru exterior superior [mm]</th>
			<td>&nbsp;144</td>
		</tr>
		<tr>
			<th scope=""row"">Diametru exterior inferior [mm]</th>
			<td>&nbsp;191</td>
		</tr>
		<tr>
			<th scope=""row"">Diametru interior inferior [mm]</th>
			<td>&nbsp;142</td>
		</tr>
	</tbody>
</table>

<p>&nbsp;</p>

<p>Termen de livrare: 5-12 zile de la data comenzii.</p>
","","no","no","in_supplier_stock","10/5/2017 18:13:31","10/5/2017 18:13:31","kit",""
"3494155",,"0","580","active","ro","FA1783","Filtru aer","filtru-aer-fa1783","Filtru aer","Filtru; aer; LINCOLN; ford; usa; crown victoria; town car;","","<table border=""0"" cellpadding=""1"" cellspacing=""1"" style=""width:500px"">
	<tbody>
		<tr>
			<th scope=""row"">Tip filtru</th>
			<td>&nbsp;Panou</td>
		</tr>
		<tr>
			<th scope=""row"">Lungime [mm]</th>
			<td>&nbsp;290</td>
		</tr>
		<tr>
			<th scope=""row"">Latime [mm]</th>
			<td>&nbsp;193</td>
		</tr>
		<tr>
			<th scope=""row"">Inaltime [mm]</th>
			<td>&nbsp;50</td>
		</tr>
	</tbody>
</table>

<p>&nbsp;</p>
","","no","no","in_stock","10/5/2017 18:27:32","10/5/2017 18:27:32","kit",""
"3494156",,"0","580","active","ro","FG1114","Filtru combustibil","filtru-combustibil-fg1114","Filtru combustibil","Filtru combustibil","","<table border=""0"" cellpadding=""1"" cellspacing=""1"" style=""width:500px"">
	<tbody>
		<tr>
			<th scope=""row"">Tip filtru</th>
			<td>&nbsp;Conducta</td>
		</tr>
		<tr>
			<th scope=""row"">Inaltime [mm]</th>
			<td>&nbsp;182</td>
		</tr>
		<tr>
			<th scope=""row"">Diametru exterior [mm]</th>
			<td>&nbsp;59</td>
		</tr>
	</tbody>
</table>

<p>&nbsp;</p>
","","no","no","in_stock","10/5/2017 18:57:33","10/5/2017 18:57:33","kit",""
"3494157",,"0","580","active","ro","FL500S","Filtru ulei","filtru-ulei-fl500s","Filtru ulei","Filtru ulei","","<table border=""0"" cellpadding=""1"" cellspacing=""1"" style=""width:500px"">
	<tbody>
		<tr>
			<th scope=""row"">Tip filtru&nbsp;</th>
			<td>&nbsp;Infiletabil</td>
		</tr>
		<tr>
			<th scope=""row"">Inaltime [mm]</th>
			<td>&nbsp;104</td>
		</tr>
		<tr>
			<th scope=""row"">Diametru exterior superior[mm]</th>
			<td>&nbsp;75</td>
		</tr>
	</tbody>
</table>

<p>&nbsp;</p>
","","no","no","in_stock","10/5/2017 19:23:29","10/5/2017 19:23:29","kit",""
"3494158",,"0","577","active","ro","45U0108","cruce cardan","cruce-cardan-ac-delco-45u0108","cruce cardan","cruce cardan","cruce cardan","<table border=""0"" cellpadding=""1"" cellspacing=""1"" style=""width:500px""><tbody><tr><th>Lungime [mm]</th><td>94</td><th>Diametru de montaj [mm]</th><td>28,6</td><th>Lungime 1 [mm]</th><td>61</td></tr></tbody></table>","Cruce cardan ","no","no","in_stock","11/5/2017 13:36:13","11/5/2017 13:36:13","newOEM",""
"3494159",,"0","577","active","ro","46G1829A","Bieleta antiruliu","bieleta-antiruliu-46g1829a","Bieleta antiruliu","Bieleta antiruliu","","<table border=""0"" cellpadding=""1"" cellspacing=""1"" style=""width:500px"">
	<tbody>
		<tr>
			<th scope=""row"">Parte montare</th>
			<td>&nbsp;Fata</td>
		</tr>
		<tr>
			<th scope=""row"">Pozitie montare</th>
			<td>&nbsp;Stanga/dreapta</td>
		</tr>
		<tr>
			<th scope=""row"">&nbsp;</th>
			<td>&nbsp;</td>
		</tr>
	</tbody>
</table>

<p>&nbsp;</p>
","","no","no","in_stock","17/5/2017 16:06:46","17/5/2017 16:06:46","kit",""
"3494160",,"0","577","active","ro","46G0348A","Bieleta antiruliu","bieleta-antiruliu-46g0348a","Bieleta antiruliu","Bieleta antiruliu","","<table border=""0"" cellpadding=""1"" cellspacing=""1"" style=""width:500px"">
	<tbody>
		<tr>
			<th scope=""row"">Parte montare</th>
			<td>&nbsp;Spate</td>
		</tr>
		<tr>
			<th scope=""row"">Pozitie montare&nbsp;</th>
			<td>&nbsp;Stanga/Dreapa</td>
		</tr>
		<tr>
			<th scope=""row"">&nbsp;</th>
			<td>&nbsp;</td>
		</tr>
	</tbody>
</table>

<p>&nbsp;</p>
","","no","no","in_stock","17/5/2017 16:14:24","17/5/2017 16:14:24","kit",""
"3494161",,"0","577","active","ro","14D1120CH","Placute frana","placute-frana-14d1120ch","Placute frana","placute frana","","<table border=""0"" cellpadding=""1"" cellspacing=""1"" style=""width:500px"">
	<tbody>
		<tr>
			<th scope=""row"">Parte montare</th>
			<td>&nbsp;Spate</td>
		</tr>
		<tr>
			<th scope=""row"">Lungime [mm]</th>
			<td>&nbsp;145</td>
		</tr>
		<tr>
			<th scope=""row"">Grosime [mm]</th>
			<td>&nbsp;15.3</td>
		</tr>
		<tr>
			<th scope=""row"">Inaltime [mm]</th>
			<td>&nbsp;55.5</td>
		</tr>
	</tbody>
</table>

<p>&nbsp;</p>
","","no","no","in_stock","17/5/2017 16:26:09","17/5/2017 16:26:09","kit",""
"3494162",,"0","577","active","ro","14D1119CH","Placute frana","placute-frana-14d1119ch","Placute frana","placute frana","","<table border=""0"" cellpadding=""1"" cellspacing=""1"" style=""width:500px"">
	<tbody>
		<tr>
			<th scope=""row"">Parte montare&nbsp;</th>
			<td>&nbsp;Fata</td>
		</tr>
		<tr>
			<th scope=""row"">Lungime [mm]</th>
			<td>&nbsp;134.6</td>
		</tr>
		<tr>
			<th scope=""row"">Inaltime [mm]</th>
			<td>&nbsp;72.5</td>
		</tr>
		<tr>
			<th scope=""row"">Grosime [mm]</th>
			<td>&nbsp;16.9</td>
		</tr>
	</tbody>
</table>

<p>&nbsp;</p>
","","no","no","in_supplier_stock","17/5/2017 16:28:37","16/12/2024 09:37:26","kit",""
"3494163",,"0","599","active","ro","11110230","Saboti frana","saboti-frana-11110230","Saboti frana","Saboti frana","","<table border=""0"" cellpadding=""1"" cellspacing=""1"" style=""width:500px"">
	<tbody>
		<tr>
			<th scope=""row"">Parte montare</th>
			<td>&nbsp;Spate&nbsp;</td>
		</tr>
		<tr>
			<th scope=""row"">&nbsp;</th>
			<td>&nbsp;</td>
		</tr>
		<tr>
			<th scope=""row"">&nbsp;</th>
			<td>&nbsp;</td>
		</tr>
	</tbody>
</table>

<p>&nbsp;</p>
","","no","no","in_stock","17/5/2017 16:34:17","17/5/2017 16:34:17","kit",""
"3494164",,"0","599","active","ro","10316020","Placute frana","placute-frana-10316020","Placute frana","Placute frana","","<table border=""0"" cellpadding=""1"" cellspacing=""1"" style=""width:500px"">
	<tbody>
		<tr>
			<th scope=""row"">Parte montare</th>
			<td>&nbsp;Spate</td>
		</tr>
		<tr>
			<th scope=""row"">Lungime [mm]</th>
			<td>&nbsp;116.3</td>
		</tr>
		<tr>
			<th scope=""row"">Latime [mm]</th>
			<td>&nbsp;46.5</td>
		</tr>
		<tr>
			<th scope=""row"">Grosime [mm]</th>
			<td>&nbsp;15.9</td>
		</tr>
	</tbody>
</table>

<p>&nbsp;</p>
","","no","no","in_stock","17/5/2017 16:38:42","17/5/2017 16:38:42","kit",""
"3494178",,"0","579","active","ro","684011","Senzor parcare","senzor-parcare-684011","Senzor parcare","Senzor; parcare; chevrolet; tahoe; gmc; yukon; buick; enclave; cadillac; escalade; parcare; ajutor; electrice; ","","<p>Livrare 5-12 zile. Produs importat din SUA.</p>

<p>&nbsp;</p>

<table border=""0"" cellpadding=""1"" cellspacing=""1"" style=""width:500px"">
	<tbody>
		<tr>
			<th scope=""row"">Tip terminal</th>
			<td>&nbsp;Pini</td>
		</tr>
		<tr>
			<th scope=""row"">Nr. pini</th>
			<td>&nbsp;3</td>
		</tr>
		<tr>
			<th scope=""row"">Gen terminal</th>
			<td>&nbsp;Tata</td>
		</tr>
	</tbody>
</table>

<p>&nbsp;</p>
","","","","in_supplier_stock","12/6/2017 22:07:32","12/6/2017 22:08:57","kit",""
"3494166",,"0","589","active","ro","10399726","Bucsa bara stabilizatoare","bucsa-bara-stabilizatoare-10399726","Bucsa bara stabilizatoare","Bucsa bara stabilizatoare","","<table border=""0"" cellpadding=""1"" cellspacing=""1"" style=""width:500px"">
	<tbody>
		<tr>
			<th scope=""row"">Parte montare</th>
			<td>&nbsp;Fata</td>
		</tr>
		<tr>
			<th scope=""row"">Pozitie montare</th>
			<td>&nbsp;Stanga/ Dreapta</td>
		</tr>
		<tr>
			<th scope=""row"">Diametru bara stabilizare [mm]</th>
			<td>&nbsp;35</td>
		</tr>
		<tr>
			<th scope=""row"">&nbsp;</th>
			<td>&nbsp;</td>
		</tr>
	</tbody>
</table>

<p>&nbsp;</p>
","","no","no","in_stock","18/5/2017 15:19:21","18/5/2017 15:19:21","kit",""
"3494168",,"0","589","active","ro","CR3Z5493B","Bucsa bara stabilizatoare","bucsa-bara-stabilizatoare-cr3z5493b","Bucsa bara stabilizatoare","Bucsa bara stabilizatoare","","<table border=""0"" cellpadding=""1"" cellspacing=""1"" style=""width:500px"">
	<tbody>
		<tr>
			<th scope=""row"">Parte montare</th>
			<td>&nbsp;Spate</td>
		</tr>
		<tr>
			<th scope=""row"">Pozitie montare</th>
			<td>&nbsp;Stanga/Dreapta</td>
		</tr>
		<tr>
			<th scope=""row"">&nbsp;</th>
			<td>&nbsp;</td>
		</tr>
	</tbody>
</table>

<p>&nbsp;</p>
","","no","no","in_stock","18/5/2017 15:56:33","18/5/2017 15:56:33","kit",""
"3494169",,"0","607","active","ro","04782684AB","Bucsa bara stabilizatoare","bucsa-bara-stabilizatoare-mopar-04782684ab","Bucsa bara stabilizatoare","Bucsa bara stabilizatoare","Bucsa bara stabilizatoare","<table border=""0"" cellpadding=""1"" cellspacing=""1"" style=""width:500px"">
	<tbody>
		<tr>
			<th scope=""row"">Parte montare&nbsp;</th>
			<td>&nbsp;Fata</td>
		</tr>
		<tr>
			<th scope=""row"">Parte montare</th>
			<td>&nbsp;Stanga/Dreapta</td>
		</tr>
		<tr>
			<th scope=""row"">Material&nbsp;</th>
			<td>&nbsp;cauciuc</td>
		</tr>
	</tbody>
</table>

<p>&nbsp;</p>
","","no","no","in_stock","18/5/2017 16:00:50","18/5/2017 16:03:30","newOEM",""
"3494170",,"0","588","active","ro","7L1Z5484B","Bucsa bara stabilizatoare","bucsa-bara-stabilizatoare-7l1z5484b","Bucsa bara stabilizatoare","Bucsa bara stabilizatoare","","<table border=""0"" cellpadding=""1"" cellspacing=""1"" style=""width:500px"">
	<tbody>
		<tr>
			<th scope=""row"">Parte montare</th>
			<td>&nbsp;Fata</td>
		</tr>
		<tr>
			<th scope=""row"">Pozitie montare</th>
			<td>&nbsp;Stanga/Dreapta</td>
		</tr>
		<tr>
			<th scope=""row"">Material</th>
			<td>&nbsp;cauciuc</td>
		</tr>
	</tbody>
</table>

<p>&nbsp;</p>
","","no","no","in_stock","18/5/2017 16:32:15","18/5/2017 16:32:15","kit",""
"3494173",,"0","588","active","ro","2L1Z5493EA","Bucsa bara stabilizatoare","bucsa-bara-stabilizatoare-2l1z5493ea","Bucsa bara stabilizatoare","Bucsa bara stabilizatoare","","<table border=""0"" cellpadding=""1"" cellspacing=""1"" style=""width:500px"">
	<tbody>
		<tr>
			<th scope=""row"">Parte montare</th>
			<td>&nbsp;Spate</td>
		</tr>
		<tr>
			<th scope=""row"">Pozitie montare</th>
			<td>&nbsp;Stanga/Dreapta</td>
		</tr>
		<tr>
			<th scope=""row"">Material</th>
			<td>&nbsp;Cauciuc</td>
		</tr>
	</tbody>
</table>

<p>Pozitia nr. 2 din schema.</p>
","","","","in_stock","18/5/2017 18:14:55","18/5/2017 18:15:50","kit",""
"3494172",,"0","588","active","ro","2L1Z5484DA","Bucsa bara stabilizatoare","bucsa-bara-stabilizatoare-2l1z5484da","Bucsa bara stabilizatoare","Bucsa bara stabilizatoare","","<table border=""0"" cellpadding=""1"" cellspacing=""1"" style=""width:500px"">
	<tbody>
		<tr>
			<th scope=""row"">Parte montare</th>
			<td>&nbsp;Fata</td>
		</tr>
		<tr>
			<th scope=""row"">Pozitie montare</th>
			<td>&nbsp;Stanga/Dreapta</td>
		</tr>
		<tr>
			<th scope=""row"">Material</th>
			<td>&nbsp;Cauciuc</td>
		</tr>
	</tbody>
</table>

<p>Pozitia nr. 2 din schema.</p>
","","","","in_stock","18/5/2017 16:40:43","18/5/2017 18:09:29","kit",""
"3494175",,"0","39","active","ro","scd1160","Placute frana","placute-frana-scd1160","","Placute frana, sistem de franare , frana , disc, frana de mana , cablu, racord , furtun","","<table border=""1"" cellpadding=""1"" cellspacing=""1"" style=""width:500px"">
	<tbody>
		<tr>
			<th scope=""row"">parte montare</th>
			<td>&nbsp;fata</td>
		</tr>
		<tr>
			<th scope=""row"">lungime[mm]</th>
			<td>118.9</td>
		</tr>
		<tr>
			<th scope=""row"">inaltime[mm]</th>
			<td>&nbsp;60</td>
		</tr>
	</tbody>
</table>

<p>&nbsp;</p>
","","yes","","in_stock","9/6/2017 18:18:08","9/6/2017 18:18:08","kit",""
"3494176",,"0","599","active","ro","12062077  R65097","Disc frana ","disc-frana-12062077-r65097","Disc frana ","Placute frana, sistem de franare , frana , disc frana, frana de mana , cablu, disc","","<table border=""1"" cellpadding=""1"" cellspacing=""1"" style=""width:500px"">
	<tbody>
		<tr>
			<th scope=""row"">parte montare</th>
			<td>&nbsp;fata</td>
		</tr>
		<tr>
			<th scope=""row"">diametru[mm]</th>
			<td>&nbsp; 276</td>
		</tr>
		<tr>
			<th scope=""row"">numar prezoane</th>
			<td>&nbsp;&nbsp;&nbsp; 5</td>
		</tr>
	</tbody>
</table>

<p>&nbsp;</p>
","","yes","","in_stock","9/6/2017 18:54:29","9/6/2017 18:54:29","kit",""
"3494177",,"0","599","active","ro","10214140","Placute frana ","placute-frana-10214140","Placute frana ","Placute frana, sistem de franare , frana , disc","","<table border=""1"" cellpadding=""1"" cellspacing=""1"" style=""width:500px"">
	<tbody>
		<tr>
			<th scope=""row"">Parte montare</th>
			<td>&nbsp; fata</td>
		</tr>
		<tr>
			<th scope=""row"">Lungime [mm]</th>
			<td>&nbsp;194.3</td>
		</tr>
		<tr>
			<th scope=""row"">Latime [mm]</th>
			<td>&nbsp; 69.4</td>
		</tr>
		<tr>
			<th scope=""row"">Grosime[mm]</th>
			<td>&nbsp; 18.1</td>
		</tr>
	</tbody>
</table>

<p>&nbsp;</p>
","","","","in_stock","12/6/2017 21:04:06","12/6/2017 21:04:06","kit",""
"3494179",,"0","579","active","ro","911032","Electrovalva gaze rezervor/ Solenoid","electrovalva-gaze-rezervor-solenoid-911032","Electrovalva gaze rezervor/ Solenoid","Electrovalva gaze rezervor/ Solenoid","","<p>Livrare 5-12 zile. Produs importat din SUA.</p>

<table border=""0"" cellpadding=""1"" cellspacing=""1"" style=""width:500px"">
	<tbody>
		<tr>
			<th scope=""row"">Tip terminal</th>
			<td>&nbsp;Pin</td>
		</tr>
		<tr>
			<th scope=""row"">Nr. pini</th>
			<td>&nbsp;2</td>
		</tr>
		<tr>
			<th scope=""row"">Material</th>
			<td>&nbsp;Plastic</td>
		</tr>
	</tbody>
</table>

<p>&nbsp;</p>
","","","","in_supplier_stock","12/6/2017 22:21:39","12/6/2017 22:21:39","kit",""
"3494180",,"0","577","active","ro","1711129","Placute frana","placute-frana-1711129","Placute frana","Placute frana","","<table border=""0"" cellpadding=""1"" cellspacing=""1"" style=""width:500px"">
	<tbody>
		<tr>
			<th scope=""row"">Parte montare</th>
			<td>&nbsp;Fata</td>
		</tr>
		<tr>
			<th scope=""row"">Lungime [mm]</th>
			<td>&nbsp;184.2&nbsp;</td>
		</tr>
		<tr>
			<th scope=""row"">Latime [mm]</th>
			<td>&nbsp;64/60</td>
		</tr>
		<tr>
			<th scope=""row"">Inaltime [mm]</th>
			<td>&nbsp;18.0</td>
		</tr>
	</tbody>
</table>

<p>Livrare 5-12 zile. Import SUA.</p>

<p>&nbsp;</p>
","","","","in_supplier_stock","13/6/2017 16:05:42","28/6/2017 20:05:04","kit",""
"3494181",,"0","599","active","ro","10517930","Placute frana","placute-frana-centric-10517930","Placute frana","Placute frana","","<table border=""0"" cellpadding=""1"" cellspacing=""1"" style=""width:500px"">
	<tbody>
		<tr>
			<th scope=""row"">Parte montare</th>
			<td>&nbsp;Spate</td>
		</tr>
		<tr>
			<th scope=""row"">Tip placute</th>
			<td>&nbsp;Posi Quiet Ceramic</td>
		</tr>
		<tr>
			<th scope=""row"">Dimensiune disc fata [mm]</th>
			<td>&nbsp;320</td>
		</tr>
		<tr>
			<th scope=""row"">Lungime [mm]</th>
			<td>&nbsp;126.8</td>
		</tr>
		<tr>
			<th scope=""row"">Latime [mm]</th>
			<td>&nbsp;47.5</td>
		</tr>
		<tr>
			<th scope=""row"">Grosime [mm]</th>
			<td>&nbsp;16.5</td>
		</tr>
	</tbody>
</table>

<p>&nbsp;</p>
","","","","in_stock","13/6/2017 16:13:38","28/9/2017 22:12:57","kit",""
"3494182",,"0","599","active","ro","10517910","Placute frana","placute-frana-10517910","Placute frana","Placute frana","","<table border=""0"" cellpadding=""1"" cellspacing=""1"" style=""width:500px"">
	<tbody>
		<tr>
			<th scope=""row"">Parte montare</th>
			<td>&nbsp;Fata</td>
		</tr>
		<tr>
			<th scope=""row"">Tip placute</th>
			<td>&nbsp;Posi Quiet Ceramic</td>
		</tr>
		<tr>
			<th scope=""row"">Dimensiune disc fata [mm]</th>
			<td>&nbsp;320</td>
		</tr>
		<tr>
			<th scope=""row"">Lungime [mm]</th>
			<td>&nbsp;185.8</td>
		</tr>
		<tr>
			<th scope=""row"">Latime [mm]</th>
			<td>&nbsp;58.7</td>
		</tr>
		<tr>
			<th scope=""row"">Grosime [mm]</th>
			<td>&nbsp;16.8</td>
		</tr>
	</tbody>
</table>

<p>Livrare in 5-12 zile.Import SUA</p>
","","","","in_stock","13/6/2017 16:22:51","10/1/2018 22:09:47","kit",""
"3494183",,"0","579","active","ro","928518","Bucsa bara stabilizatoare","bucsa-bara-stabilizatoare-928518","Bucsa bara stabilizatoare","Bucsa bara stabilizatoare","","<table border=""0"" cellpadding=""1"" cellspacing=""1"" style=""width:500px"">
	<tbody>
		<tr>
			<th scope=""row"">Material suport</th>
			<td>&nbsp;Otel</td>
		</tr>
		<tr>
			<th scope=""row"">Material bucsa</th>
			<td>&nbsp;Cauciuc</td>
		</tr>
		<tr>
			<th scope=""row"">Diametru bara [mm]</th>
			<td>&nbsp;21</td>
		</tr>
	</tbody>
</table>

<p>Livrare 5-12 zile. Import SUA</p>
","","","","in_supplier_stock","13/6/2017 16:32:28","28/6/2017 20:05:32","kit",""
"3494184",,"0","580","active","ro","PSH74","Furtun presiune directie","furtun-presiune-directie-psh74","Furtun presiune directie","Furtun presiune directie","","<table border=""0"" cellpadding=""1"" cellspacing=""1"" style=""width:500px"">
	<tbody>
		<tr>
			<th scope=""row"">Parte montare</th>
			<td>&nbsp;Sistem directie</td>
		</tr>
		<tr>
			<th scope=""row"">Cod OEM</th>
			<td>&nbsp;AL3Z3A719E</td>
		</tr>
	</tbody>
</table>

<p>Livrare in 5-12 zile. Import SUA</p>

<p>&nbsp;</p>
","","","","in_supplier_stock","13/6/2017 16:37:44","28/6/2017 20:05:43","kit",""
"3494185",,"0","577","active","ro","A3181C","Filtru aer","filtru-aer-a3181c","Filtru aer","Filtru aer","","<table border=""0"" cellpadding=""1"" cellspacing=""1"" style=""width:500px"">
	<tbody>
		<tr>
			<th scope=""row"">Tip filtru</th>
			<td>&nbsp;Panou</td>
		</tr>
		<tr>
			<th scope=""row"">Lungime [mm]</th>
			<td>&nbsp;310</td>
		</tr>
		<tr>
			<th scope=""row"">Latime [mm]</th>
			<td>&nbsp;246</td>
		</tr>
		<tr>
			<th scope=""row"">Inaltime [mm]</th>
			<td>&nbsp;61</td>
		</tr>
	</tbody>
</table>

<p>&nbsp;</p>
","","","","in_stock","13/6/2017 16:49:25","13/6/2017 16:49:25","kit",""
"3494186",,"0","580","active","ro","BR1083","Placute frana","placute-frana-br1083","Placute frana","Placute frana","","<table border=""0"" cellpadding=""1"" cellspacing=""1"" style=""width:500px"">
	<tbody>
		<tr>
			<th scope=""row"">Parte montare</th>
			<td>&nbsp;Fata</td>
		</tr>
		<tr>
			<th scope=""row"">Lungime [mm]</th>
			<td>&nbsp;176</td>
		</tr>
		<tr>
			<th scope=""row"">Latime [mm]</th>
			<td>&nbsp;58.8</td>
		</tr>
		<tr>
			<th scope=""row"">Inaltime [mm</th>
			<td>&nbsp;20</td>
		</tr>
	</tbody>
</table>

<p>&nbsp;</p>
","","","","in_stock","13/6/2017 17:01:51","13/6/2017 17:01:51","kit",""
"3494187",,"0","580","active","ro","MEOE28","Bieleta directie","bieleta-directie-meoe28","Bieleta directie","Bieleta directie","","<table border=""0"" cellpadding=""1"" cellspacing=""1"" style=""width:500px"">
	<tbody>
		<tr>
			<th scope=""row"">Parte montare</th>
			<td>&nbsp;Stanga/Dreapta</td>
		</tr>
		<tr>
			<th scope=""row"">Cod OEM</th>
			<td>&nbsp;6M6Z3280A</td>
		</tr>
	</tbody>
</table>

<p>&nbsp;</p>
","","","","in_stock","13/6/2017 17:09:35","13/6/2017 17:09:35","kit",""
"3494188",,"0","577","active","ro","14D974CH","Placute frana","placute-frana-14d974ch","Placute frana","Placute frana","","<table border=""0"" cellpadding=""1"" cellspacing=""1"" style=""width:500px"">
	<tbody>
		<tr>
			<th scope=""row"">Parte montare</th>
			<td>&nbsp;Spate</td>
		</tr>
		<tr>
			<th scope=""row"">Lungime [mm]</th>
			<td>&nbsp;172.7</td>
		</tr>
		<tr>
			<th scope=""row"">Latime [mm]</th>
			<td>&nbsp;60</td>
		</tr>
		<tr>
			<th scope=""row"">Inaltime [mm]</th>
			<td>&nbsp;20</td>
		</tr>
	</tbody>
</table>

<p>&nbsp;</p>
","","","","in_stock","13/6/2017 17:28:28","13/6/2017 17:28:28","kit",""
"3494189",,"0","599","active","ro","10211190","Placute frana","placute-frana-10211190","Placute frana","Placute frana","","<table border=""0"" cellpadding=""1"" cellspacing=""1"" style=""width:500px"">
	<tbody>
		<tr>
			<th scope=""row"">Parte montare</th>
			<td>&nbsp; Fata</td>
		</tr>
		<tr>
			<th scope=""row"">Lungime [mm]</th>
			<td>&nbsp;134.6</td>
		</tr>
		<tr>
			<th scope=""row"">Latime [mm]</th>
			<td>&nbsp;75.5</td>
		</tr>
		<tr>
			<th scope=""row"">Inaltime [mm]</th>
			<td>&nbsp;16.9</td>
		</tr>
	</tbody>
</table>

<p>&nbsp;</p>
","","","","in_supplier_stock","13/6/2017 17:53:53","16/12/2024 09:39:41","kit",""
"3494190",,"0","599","active","ro","10208830","Placute frana","placute-frana-10208830","Placute frana","placute frana","","<table border=""0"" cellpadding=""1"" cellspacing=""1"" style=""width:500px"">
	<tbody>
		<tr>
			<th scope=""row"">Parte montare</th>
			<td>&nbsp;Spate</td>
		</tr>
		<tr>
			<th scope=""row"">Lungime [mm]</th>
			<td>&nbsp;137.5</td>
		</tr>
		<tr>
			<th scope=""row"">Latime [mm]</th>
			<td>&nbsp;47.2</td>
		</tr>
		<tr>
			<th scope=""row"">Grosime [mm]</th>
			<td>&nbsp;17.4</td>
		</tr>
	</tbody>
</table>

<p>Livrare 5-12 zile. Import SUA.</p>
","","","","in_supplier_stock","13/6/2017 18:06:21","28/6/2017 20:21:35","kit",""
"3494191",,"0","577","active","ro","1771163","Disc frana","disc-frana-1771163","Disc frana","Disc frana","","<table border=""0"" cellpadding=""1"" cellspacing=""1"" style=""width:500px"">
	<tbody>
		<tr>
			<th scope=""row"">Parte montare</th>
			<td>&nbsp;Fata</td>
		</tr>
		<tr>
			<th scope=""row"">Diametru exterior [mm]</th>
			<td>&nbsp;330</td>
		</tr>
		<tr>
			<th scope=""row"">Nr. suruburi</th>
			<td>&nbsp;6</td>
		</tr>
		<tr>
			<th scope=""row"">Latime [mm]</th>
			<td>&nbsp;55.5</td>
		</tr>
		<tr>
			<th scope=""row"">Grosime [mm]</th>
			<td>&nbsp;30</td>
		</tr>
	</tbody>
</table>

<p>Livrare in 5-12 zile. Import SUA.</p>
","","","","in_supplier_stock","13/6/2017 18:15:50","28/6/2017 20:21:51","kit",""
"3494192",,"0","577","active","ro","12626076","Curea transmisie","curea-transmisie-12626076","Curea transmisie","Curea transmisie","","<table border=""0"" cellpadding=""1"" cellspacing=""1"" style=""width:500px"">
	<tbody>
		<tr>
			<th scope=""row"">Material</th>
			<td>&nbsp;Cauciuc</td>
		</tr>
		<tr>
			<th scope=""row"">Nr. caneluri</th>
			<td>&nbsp;6</td>
		</tr>
		<tr>
			<th scope=""row"">Lungime [mm]</th>
			<td>&nbsp;1814</td>
		</tr>
		<tr>
			<th scope=""row"">Latime [mm]</th>
			<td>&nbsp;21</td>
		</tr>
	</tbody>
</table>

<p>Livrare 5-12 zile. Import SUA.</p>
","","","","in_supplier_stock","13/6/2017 18:20:49","28/6/2017 20:22:06","kit",""
"3494193",,"0","577","active","ro","CF188","Filtru habitaclu","filtru-habitaclu-cf188","Filtru habitaclu","Filtru habitaclu","","<table border=""0"" cellpadding=""1"" cellspacing=""1"" style=""width:500px"">
	<tbody>
		<tr>
			<th scope=""row"">Tip filtru</th>
			<td>&nbsp;Panou</td>
		</tr>
		<tr>
			<th scope=""row"">Lungime [mm]</th>
			<td>&nbsp;248</td>
		</tr>
		<tr>
			<th scope=""row"">Latime [mm]</th>
			<td>&nbsp;233</td>
		</tr>
		<tr>
			<th scope=""row"">Inalttime [mm]</th>
			<td>&nbsp;30</td>
		</tr>
	</tbody>
</table>

<p>Livrare in 5-12 zile. Import SUA.</p>
","","","","in_supplier_stock","13/6/2017 18:29:20","28/6/2017 20:19:54","kit",""
"3494194",,"0","250","active","ro","VP8T","Senzor presiune","senzor-presiune-vp8t","Senzor presiune","Senzor presiune","","<table border=""0"" cellpadding=""1"" cellspacing=""1"" style=""width:500px"">
	<tbody>
		<tr>
			<th scope=""row"">Tip terminal</th>
			<td>&nbsp;Tata</td>
		</tr>
		<tr>
			<th scope=""row"">Tip conector</th>
			<td>&nbsp;Pini</td>
		</tr>
		<tr>
			<th scope=""row"">Nr. pini</th>
			<td>&nbsp;3</td>
		</tr>
	</tbody>
</table>

<p>Livrare in 5-12 zile. Import SUA</p>
","","","","in_supplier_stock","13/6/2017 18:41:31","28/6/2017 20:22:15","kit",""
"3494195",,"0","599","active","ro","10307320","Placute frana","placute-frana-10307320","Placute frana","Placute frana","","<table border=""0"" cellpadding=""1"" cellspacing=""1"" style=""width:500px"">
	<tbody>
		<tr>
			<th scope=""row"">Parte montare</th>
			<td>&nbsp;Spate</td>
		</tr>
		<tr>
			<th scope=""row"">Lungime [mm]</th>
			<td>&nbsp;121.4</td>
		</tr>
		<tr>
			<th scope=""row"">Latime [mm]</th>
			<td>&nbsp;37.1</td>
		</tr>
		<tr>
			<th scope=""row"">Inaltime [mm]</th>
			<td>&nbsp;16.3</td>
		</tr>
	</tbody>
</table>

<p>&nbsp;</p>
","","","","in_stock","13/6/2017 19:03:03","13/6/2017 19:03:03","kit",""
"3494196",,"0","577","active","ro","12658178","Kit curea AC","kit-curea-ac-12658178","Kit curea AC","Kit curea AC","","<p>Livrare in 5-12 zile.Import SUA</p>

<p>&nbsp;</p>

<p>&nbsp;</p>

<p>&nbsp;</p>
","","","","in_supplier_stock","13/6/2017 19:06:47","28/6/2017 20:22:36","kit",""
"3494197",,"0","598","active","ro","22845992","Filtru aer","filtru-aer-22845992","Filtru aer","Filtru aer","","<p>Poz. 2 din imagine.</p>

<p>&nbsp;</p>

<table border=""0"" cellpadding=""1"" cellspacing=""1"" style=""width:500px"">
	<tbody>
		<tr>
			<th scope=""row"">Tip filtru</th>
			<td>&nbsp;Panou</td>
		</tr>
		<tr>
			<th scope=""row"">Lungime [mm]</th>
			<td>&nbsp;310</td>
		</tr>
		<tr>
			<th scope=""row"">Latime [mm]</th>
			<td>&nbsp;246</td>
		</tr>
		<tr>
			<th scope=""row"">Inaltime [mm]</th>
			<td>&nbsp;61</td>
		</tr>
	</tbody>
</table>

<p>Livrare 6-18 zile. Import SUA</p>
","","","","in_supplier_stock","13/6/2017 19:59:39","28/6/2017 20:22:44","kit",""
"3494198",,"0","27","active","ro","26223","Furtun intercooler","furtun-intercooler-26223","Furtun intercooler","Furtun intercooler","","<table border=""0"" cellpadding=""1"" cellspacing=""1"" style=""width:500px"">
	<tbody>
		<tr>
			<th scope=""row"">Diametru interior [mm]</th>
			<td>&nbsp;76</td>
		</tr>
		<tr>
			<th scope=""row"">Interval de prindere [mm]</th>
			<td>&nbsp;79.5-87.4</td>
		</tr>
		<tr>
			<th scope=""row"">Latime cleme [mm]</th>
			<td>&nbsp;19.1</td>
		</tr>
	</tbody>
</table>

<p>Livrare 5-12 zile.Import SUA</p>
","","","","in_supplier_stock","13/6/2017 20:06:28","28/6/2017 20:23:27","kit",""
"3494199",,"0","579","active","ro","974043","Senzor presiune roata","senzor-presiune-roata-dorman-974043","Senzor presiune roata","Senzor presiune roata","Senzor presiune roata","<table border=""0"" cellpadding=""1"" cellspacing=""1"" style=""width:500px"">
	<tbody>
		<tr>
			<th scope=""row"">Mod activare</th>
			<td>&nbsp;Frecventa</td>
		</tr>
		<tr>
			<th scope=""row"">Frecventa</th>
			<td>&nbsp;433 Mhz Am</td>
		</tr>
		<tr>
			<th scope=""row"">Material carcasa</th>
			<td>&nbsp;Plastic</td>
		</tr>
	</tbody>
</table>

<p>Livrare in 5-12 zile. Produs importat din SUA.</p>
","","no","no","in_stock","13/6/2017 20:18:08","13/6/2017 20:34:28","newOEM",""
"3494200",,"0","599","active","ro","10207490","Placute frana","placute-frana-10207490","Placute frana","placute frana","","<table border=""0"" cellpadding=""1"" cellspacing=""1"" style=""width:500px"">
	<tbody>
		<tr>
			<th scope=""row"">Parte montare</th>
			<td>&nbsp;Fata</td>
		</tr>
		<tr>
			<th scope=""row"">Lungime [mm]</th>
			<td>&nbsp;183</td>
		</tr>
		<tr>
			<th scope=""row"">Latime [mm]</th>
			<td>&nbsp;61.6</td>
		</tr>
		<tr>
			<th scope=""row"">Grosime [mm]</th>
			<td>&nbsp;14.8</td>
		</tr>
	</tbody>
</table>

<p>Livrare 5-12 zile.Import SUA</p>
","","","","in_supplier_stock","13/6/2017 20:33:13","28/6/2017 20:24:52","kit",""
"3494201",,"0","599","active","ro","10207500","Placute frana","placute-frana-10207500","Placute frana","placute frana","","<table border=""0"" cellpadding=""1"" cellspacing=""1"" style=""width:500px"">
	<tbody>
		<tr>
			<th scope=""row"">Parte montare</th>
			<td>&nbsp;Spate</td>
		</tr>
		<tr>
			<th scope=""row"">Lungime [mm]</th>
			<td>&nbsp;121.4</td>
		</tr>
		<tr>
			<th scope=""row"">Latime [mm]</th>
			<td>&nbsp;44.2/54.4</td>
		</tr>
		<tr>
			<th scope=""row"">Grosime [mm]</th>
			<td>&nbsp;16.4</td>
		</tr>
	</tbody>
</table>

<p>Livrare in 5-12 zile. Import SUA</p>
","","","","in_supplier_stock","13/6/2017 20:38:01","28/6/2017 20:25:10","kit",""
"3494202",,"0","220","active","ro","6PK2185","Curea accesorii","curea-accesorii-6pk2185","Curea accesorii","Curea accesorii","","<table border=""0"" cellpadding=""1"" cellspacing=""1"" style=""width:500px"">
	<tbody>
		<tr>
			<th scope=""row"">Material</th>
			<td>&nbsp;Cauciuc</td>
		</tr>
		<tr>
			<th scope=""row"">Nr. caneluri</th>
			<td>&nbsp;6</td>
		</tr>
		<tr>
			<th scope=""row"">Lungime [mm]</th>
			<td>&nbsp;2185</td>
		</tr>
	</tbody>
</table>

<p>Livrare in 5-12 zile.Import SUA</p>
","","","","in_supplier_stock","13/6/2017 20:51:29","28/6/2017 20:25:22","kit",""
"3494203",,"0","580","active","ro","RG614","Garnitura termostat","garnitura-termostat-rg614","Garnitura termostat","Garnitura termostat","","<table border=""0"" cellpadding=""1"" cellspacing=""1"" style=""width:500px"">
	<tbody>
		<tr>
			<th scope=""row""><strong>Cod OEM: 1L2E8255AA, 1L2Z8255AA</strong></th>
		</tr>
	</tbody>
</table>

<p>Livrare in 5-12 zile. Import SUA</p>

<p>&nbsp;</p>

<p>&nbsp;</p>
","","","","in_supplier_stock","13/6/2017 20:59:21","28/6/2017 20:25:33","kit",""
"3494204",,"0","591","active","ro","58626","Pompa apa","pompa-apa-58626","pompa apa","pompa apa","","<table border=""0"" cellpadding=""1"" cellspacing=""1"" style=""width:500px"">
	<tbody>
		<tr>
			<th scope=""row"">Tip pompa</th>
			<td>&nbsp;Reman</td>
		</tr>
		<tr>
			<th scope=""row"">Garnituri incluse</th>
			<td>&nbsp;Da</td>
		</tr>
		<tr>
			<th scope=""row"">Cod OEM</th>
			<td>&nbsp;8124589350, 8890174390, 8890181660, 89017439, 89018166</td>
		</tr>
	</tbody>
</table>

<p>Livrare 5-12 zile.Import SUA</p>
","","","","in_supplier_stock","14/6/2017 16:07:27","28/6/2017 20:25:40","kit",""
"3494205",,"0","598","active","ro","AS4Z8213A","Emblema ovala","emblema-ovala-as4z8213a","Emblema ovala","Emblema ovala","","<table border=""0"" cellpadding=""1"" cellspacing=""1"" style=""width:500px"">
	<tbody>
		<tr>
			<th scope=""row"">Parte montare</th>
			<td>&nbsp;Grila radiator / Fata</td>
		</tr>
	</tbody>
</table>

<p>Pozitia nr. 2 din imagine.</p>

<p>Import SUA</p>
","","","","in_stock","14/6/2017 16:17:34","28/6/2017 20:25:46","kit",""
"3494206",,"0","27","active","ro","EMH182","Furtun epurator","furtun-epurator-emh182","Furtun epurator","Furtun epurator","","<table border=""0"" cellpadding=""1"" cellspacing=""1"" style=""width:500px"">
	<tbody>
		<tr>
			<th scope=""row"">Parte montare</th>
			<td>&nbsp;Sistem de emisie/admisie</td>
		</tr>
		<tr>
			<th scope=""row"">Diametru [mm]</th>
			<td>&nbsp;13</td>
		</tr>
		<tr>
			<th scope=""row"">Lungime [mm]</th>
			<td>&nbsp;181</td>
		</tr>
	</tbody>
</table>

<p>Import SUA</p>
","","","","in_stock","14/6/2017 16:29:22","28/6/2017 20:25:53","kit",""
"3494207",,"0","627","active","ro","IG3122","Garnitura galerie admisie","garnitura-galerie-admisie-ig3122","Garnitura galerie admisie","Garnitura galerie admisie","","<table border=""0"" cellpadding=""1"" cellspacing=""1"" style=""width:500px"">
	<tbody>
		<tr>
			<th scope=""row"">Parte montare</th>
			<td>&nbsp;Sistem admisie/ Galerie admisie</td>
		</tr>
		<tr>
			<th scope=""row"">&nbsp;</th>
			<td>&nbsp;</td>
		</tr>
		<tr>
			<th scope=""row"">&nbsp;</th>
			<td>&nbsp;</td>
		</tr>
	</tbody>
</table>

<p>Livrare 6-18 zile. Import SUA</p>
","","","","not_in_stock","14/6/2017 16:40:24","28/6/2017 20:35:24","kit",""
"3494208",,"0","599","active","ro","12161091","Disc frana","disc-frana-12161091","Disc frana","Disc frana","","<table border=""0"" cellpadding=""1"" cellspacing=""1"" style=""width:500px"">
	<tbody>
		<tr>
			<th scope=""row"">Parte montare</th>
			<td>&nbsp;Spate</td>
		</tr>
		<tr>
			<th scope=""row"">Diametru exterior [mm]</th>
			<td>&nbsp;302</td>
		</tr>
		<tr>
			<th scope=""row"">Inaltime [mm]</th>
			<td>&nbsp;56</td>
		</tr>
		<tr>
			<th scope=""row"">Grosime [mm]</th>
			<td>&nbsp;18</td>
		</tr>
		<tr>
			<th scope=""row"">Nr. suruburi</th>
			<td>&nbsp;6</td>
		</tr>
	</tbody>
</table>

<p>Livrare in 5-12 zile. Import SUA</p>
","","","","in_supplier_stock","14/6/2017 16:53:41","28/6/2017 20:35:35","kit",""
"3494209",,"0","599","active","ro","12161090","Disc frana","disc-frana-12161090","Disc frana","Disc frana","","<table border=""0"" cellpadding=""1"" cellspacing=""1"" style=""width:500px"">
	<tbody>
		<tr>
			<th scope=""row"">Parte montare</th>
			<td>&nbsp;Fata</td>
		</tr>
		<tr>
			<th scope=""row"">Diametru [mm]</th>
			<td>&nbsp;320</td>
		</tr>
		<tr>
			<th scope=""row"">Inaltime [mm]</th>
			<td>&nbsp;48.3</td>
		</tr>
		<tr>
			<th scope=""row"">Grosime [mm]</th>
			<td>&nbsp;28</td>
		</tr>
		<tr>
			<th scope=""row"">Nr. suruburi</th>
			<td>&nbsp;5</td>
		</tr>
	</tbody>
</table>

<p>Livrare in 5-12 zile. Import SUA</p>
","","","","in_supplier_stock","14/6/2017 17:02:28","28/6/2017 20:35:44","kit",""
"3494210",,"0","599","active","ro","10312580","Placute frana","placute-frana-10312580","Placute frana","Placute frana","","<table border=""0"" cellpadding=""1"" cellspacing=""1"" style=""width:500px"">
	<tbody>
		<tr>
			<th scope=""row"">Parte montare</th>
			<td>&nbsp;Fata</td>
		</tr>
		<tr>
			<th scope=""row"">Lungime [mm]</th>
			<td>&nbsp;139</td>
		</tr>
		<tr>
			<th scope=""row"">Latime [mm]</th>
			<td>&nbsp;60.2</td>
		</tr>
		<tr>
			<th scope=""row"">Grosime [mm]</th>
			<td>&nbsp;17.4</td>
		</tr>
	</tbody>
</table>

<p>Livrare in 5-12 zile. Import SUA</p>
","","","","in_supplier_stock","14/6/2017 17:09:48","28/6/2017 20:35:59","kit",""
"3494211",,"0","580","active","ro","MEF313","Bieleta directie","bieleta-directie-mef313"," Bieleta directie"," Bieleta directie","","<table border=""0"" cellpadding=""1"" cellspacing=""1"" style=""width:500px"">
	<tbody>
		<tr>
			<th scope=""row"">Parte montare</th>
			<td>&nbsp;Fata</td>
		</tr>
		<tr>
			<th scope=""row"">Pozitie montare</th>
			<td>&nbsp;Spre exterior</td>
		</tr>
		<tr>
			<th scope=""row"">&nbsp;</th>
			<td>&nbsp;</td>
		</tr>
	</tbody>
</table>

<p>Livrare 5-12 zile. Import SUA</p>
","","","","in_supplier_stock","14/6/2017 17:20:13","28/6/2017 20:36:05","kit",""
"3494212",,"0","27","active","ro","41122","Pompa apa","pompa-apa-41122","Pompa apa","Pompa apa","","<table border=""0"" cellpadding=""1"" cellspacing=""1"" style=""width:500px"">
	<tbody>
		<tr>
			<th scope=""row"">Material&nbsp;</th>
			<td>&nbsp;Aluminiu</td>
		</tr>
		<tr>
			<th scope=""row"">Garnitura inclusa</th>
			<td>&nbsp;Da</td>
		</tr>
		<tr>
			<th scope=""row"">Material garnitura</th>
			<td>&nbsp;Metal</td>
		</tr>
		<tr>
			<th scope=""row"">Cod OEM</th>
			<td>&nbsp;12582431, 12620226, 24576952, 511817, 555097, 8245769520</td>
		</tr>
	</tbody>
</table>

<p>Import SUA</p>
","","","","in_stock","14/6/2017 17:24:36","28/6/2017 20:36:11","kit",""
"3494213",,"0","621","active","ro","8437N","Generator/ Alternator","generator-alternator-8437n","Generator/ Alternator","Generator/ Alternator","","<table border=""0"" cellpadding=""1"" cellspacing=""1"" style=""width:500px"">
	<tbody>
		<tr>
			<th scope=""row"">Material</th>
			<td>&nbsp;Aluminiu</td>
		</tr>
		<tr>
			<th scope=""row"">Amperaj&nbsp;</th>
			<td>&nbsp;135A</td>
		</tr>
		<tr>
			<th scope=""row"">Coduri OEM</th>
			<td>&nbsp;4R3T10300AA, 4R3T10300AB, 4R3TAA, 4R3TAB, 4R3Z10346AA, 6R3Z10346A, 6R3Z10346AARM, 6R3Z10346ARM, 8437</td>
		</tr>
	</tbody>
</table>

<p>Livrare 5-12 zile. Import SUA</p>
","","","","in_supplier_stock","14/6/2017 17:39:02","28/6/2017 20:34:02","kit",""
"3494214",,"0","579","active","ro","611094","Piulita roata","piulita-roata-611094","Piulita roata","Piulita roata","","<table border=""0"" cellpadding=""1"" cellspacing=""1"" style=""width:500px"">
	<tbody>
		<tr>
			<th scope=""row"">Material</th>
			<td>&nbsp;Otel</td>
		</tr>
		<tr>
			<th scope=""row"">Tip piulita</th>
			<td>Dom</td>
		</tr>
		<tr>
			<th scope=""row"">Mod insurubare</th>
			<td>&nbsp;Spre dreapta</td>
		</tr>
		<tr>
			<th scope=""row"">Lungime [mm]</th>
			<td>&nbsp;&nbsp;41.1</td>
		</tr>
	</tbody>
</table>

<p>Import SUA</p>
","","","","in_stock","14/6/2017 18:50:54","28/6/2017 20:38:27","kit",""
"3494215",,"0","579","active","ro","611182","Piulita roata","piulita-roata-611182","Piulita roata","Piulita roata","","<table border=""0"" cellpadding=""1"" cellspacing=""1"" style=""width:500px"">
	<tbody>
		<tr>
			<th scope=""row"">Material</th>
			<td>&nbsp;Otel</td>
		</tr>
		<tr>
			<th scope=""row"">Tip piulita</th>
			<td>&nbsp;Acorn</td>
		</tr>
		<tr>
			<th scope=""row"">Mod insurubare</th>
			<td>&nbsp;Spre dreapta</td>
		</tr>
		<tr>
			<th scope=""row"">Dimensiune cheie [mm]</th>
			<td>&nbsp;21</td>
		</tr>
		<tr>
			<th scope=""row"">Lungime [mm]</th>
			<td>&nbsp;35.1</td>
		</tr>
	</tbody>
</table>

<p>Import SUA</p>

<p>&nbsp;</p>

<p>!! Reper potrivit si oricarui&nbsp;model FORD USA din 1983-2012 !!</p>
","","","","in_stock","14/6/2017 18:56:58","28/6/2017 20:38:32","kit",""
"3494216",,"0","577","active","ro","D598A","Bobina aprindere","bobina-aprindere-d598a","Bobina aprindere","Bobina aprindere","","<table border=""0"" cellpadding=""1"" cellspacing=""1"" style=""width:500px"">
	<tbody>
		<tr>
			<th scope=""row"">Parte montare</th>
			<td>&nbsp;Sistem pornire / Aprindere</td>
		</tr>
		<tr>
			<th scope=""row"">Cod OEM</th>
			<td>12597745</td>
		</tr>
		<tr>
			<th scope=""row"">&nbsp;</th>
			<td>&nbsp;</td>
		</tr>
	</tbody>
</table>

<p>Import SUA</p>
","","","","in_supplier_stock","14/6/2017 19:08:33","28/6/2017 20:38:37","kit",""
"3494217",,"0","598","active","ro","20813756","Amortizor pe gaz","amortizor-pe-gaz-20813756","Amortizor pe gaz","Amortizor pe gaz","","<table border=""0"" cellpadding=""1"" cellspacing=""1"" style=""width:500px"">
	<tbody>
		<tr>
			<th scope=""row"">Lungime comprimat [mm]</th>
			<td>&nbsp;398</td>
		</tr>
		<tr>
			<th scope=""row"">Lungime totala [mm]</th>
			<td>&nbsp;606</td>
		</tr>
		<tr>
			<th scope=""row"">Diametru [mm]</th>
			<td>&nbsp;49.9</td>
		</tr>
	</tbody>
</table>

<p>Pozitia nr. 14 din imagine.</p>

<p>Livrare 6-18 zile Import SUA</p>
","","","","in_supplier_stock","14/6/2017 19:20:55","28/6/2017 20:38:45","kit",""
"3494218",,"0","598","active","ro","BR3Z5K483B","Bieleta antiruliu","bieleta-antiruliu-br3z5k483b","Bieleta antiruliu","Bieleta antiruliu","","<table border=""0"" cellpadding=""1"" cellspacing=""1"" style=""width:500px"">
	<tbody>
		<tr>
			<th scope=""row"">Parte montare</th>
			<td>&nbsp;Fata</td>
		</tr>
		<tr>
			<th scope=""row"">Pozitie montare</th>
			<td>&nbsp;Stanga/Dreapta</td>
		</tr>
	</tbody>
</table>

<p>Pozitia nr. 6 din imagine.</p>

<p>Livrare 5-12 zile.Import SUA</p>
","","","","in_supplier_stock","14/6/2017 19:29:42","28/6/2017 20:38:50","kit",""
"3494291",,"0","579","active","ro","42667","Brat stergator","brat-stergator-42667","Brat stergator","Brat stergator","","<table border=""0"" cellpadding=""1"" cellspacing=""1"" style=""width:500px"">
	<tbody>
		<tr>
			<th scope=""row"">Parte montare</th>
			<td>&nbsp;Fata</td>
		</tr>
		<tr>
			<th scope=""row"">Pozitie montare</th>
			<td>&nbsp;Dreapta</td>
		</tr>
		<tr>
			<th scope=""row"">Lungime [mm]</th>
			<td>&nbsp;558.8</td>
		</tr>
		<tr>
			<th scope=""row"">Material</th>
			<td>&nbsp;Otel</td>
		</tr>
		<tr>
			<th scope=""row"">Culoare&nbsp;</th>
			<td>&nbsp;Negru</td>
		</tr>
	</tbody>
</table>

<p>Livrare 5-12 zile. Import SUA</p>
","","","","in_supplier_stock","28/6/2017 22:59:01","28/6/2017 22:59:01","kit",""
"3494221",,"0","577","active","ro","15196327","Conducta racire ulei","conducta-racire-ulei-15196327","Conducta racire ulei","Conducta racire ulei","","<table border=""0"" cellpadding=""1"" cellspacing=""1"" style=""width:500px"">
	<tbody>
		<tr>
			<th scope=""row"">Material</th>
			<td>&nbsp;Cauciuc/ Otel</td>
		</tr>
		<tr>
			<th scope=""row"">Lungime [mm]</th>
			<td>&nbsp;1557.6</td>
		</tr>
		<tr>
			<th scope=""row"">Diametru interior [mm]</th>
			<td>&nbsp;9.5</td>
		</tr>
		<tr>
			<th scope=""row"">Diametru exterior [mm]</th>
			<td>&nbsp;15.9</td>
		</tr>
		<tr>
			<th scope=""row"">Presiune maxima</th>
			<td>&nbsp;250</td>
		</tr>
	</tbody>
</table>

<p>Livrare in 5-12 zile. Import SUA</p>
","","","","in_supplier_stock","14/6/2017 19:51:46","28/6/2017 20:39:06","kit",""
"3494222",,"0","577","active","ro","20788329","Conducta racire ulei","conducta-racire-ulei-20788329","Conducta racire ulei","Conducta racire ulei","","<table border=""0"" cellpadding=""1"" cellspacing=""1"" style=""width:500px"">
	<tbody>
		<tr>
			<th scope=""row"">Material</th>
			<td>&nbsp;Cauciuc/ Otel</td>
		</tr>
		<tr>
			<th scope=""row"">Diametru interior [mm]</th>
			<td>&nbsp;9.52</td>
		</tr>
		<tr>
			<th scope=""row"">Diametru exterior [mm]</th>
			<td>&nbsp;16.50</td>
		</tr>
		<tr>
			<th scope=""row"">Presiune maxima</th>
			<td>&nbsp;250</td>
		</tr>
	</tbody>
</table>

<p>Livrare in 5-12 zile.Import SUA</p>
","","","","in_supplier_stock","14/6/2017 19:54:51","28/6/2017 20:39:14","kit",""
"3494223",,"0","579","active","ro","600803","Motoras cutie transfer","motoras-cutie-transfer-600803","Motoras cutie transfer","Motoras cutie transfer","","<table border=""0"" cellpadding=""1"" cellspacing=""1"" style=""width:500px"">
	<tbody>
		<tr>
			<th scope=""row"">Material carcasa</th>
			<td>&nbsp;Metal</td>
		</tr>
		<tr>
			<th scope=""row"">Tip terminal</th>
			<td>&nbsp;7 pini</td>
		</tr>
		<tr>
			<th scope=""row"">Cabluri incluse</th>
			<td>&nbsp;Da</td>
		</tr>
	</tbody>
</table>

<p>Livrare in 5-12 zile. Import SUA</p>
","","","","in_supplier_stock","14/6/2017 19:59:56","28/6/2017 20:39:19","kit",""
"3494224",,"0","599","active","ro","10205430","Placute frana","placute-frana-10205430","Placute frana","placute frana","","<table border=""0"" cellpadding=""1"" cellspacing=""1"" style=""width:500px"">
	<tbody>
		<tr>
			<th scope=""row"">Parte montare</th>
			<td>&nbsp;Fata/Spate</td>
		</tr>
		<tr>
			<th scope=""row"">Lungime [mm]</th>
			<td>&nbsp;182.9/206.3</td>
		</tr>
		<tr>
			<th scope=""row"">Latime [mm]</th>
			<td>&nbsp;65.5</td>
		</tr>
		<tr>
			<th scope=""row"">Grosime [mm]</th>
			<td>&nbsp;20.0/16.0</td>
		</tr>
	</tbody>
</table>

<p>Livrare in 5-12 zile. Import SUA</p>
","","","","in_supplier_stock","14/6/2017 20:22:08","28/6/2017 20:39:25","kit",""
"3494225",,"0","250","active","ro","CP552","Valva control sistem emisie","valva-control-sistem-emisie-cp552","Valva control sistem emisie","Valva control sistem emisie","","<table border=""0"" cellpadding=""1"" cellspacing=""1"" style=""width:500px"">
	<tbody>
		<tr>
			<th scope=""row"">Gen terminal</th>
			<td>&nbsp;Tata</td>
		</tr>
		<tr>
			<th scope=""row"">Nr. terminale&nbsp;</th>
			<td>&nbsp;2&nbsp;</td>
		</tr>
		<tr>
			<th scope=""row"">Tip terminal</th>
			<td>&nbsp;Lama</td>
		</tr>
	</tbody>
</table>

<p>Livrare in 5-12 zile. Import SUA</p>
","","","","in_supplier_stock","14/6/2017 20:28:27","28/6/2017 20:39:35","kit",""
"3494226",,"0","577","active","ro","PF2057","Filtru ulei","filtru-ulei-ac-delco-pf2057","Filtru ulei","Filtru ulei","Filtru ulei","<table border=""0"" cellpadding=""1"" cellspacing=""1"" style=""width:500px"">
	<tbody>
		<tr>
			<th scope=""row"">Tip filtru</th>
			<td>&nbsp;Insurubabil</td>
		</tr>
		<tr>
			<th scope=""row"">Inaltime [mm]</th>
			<td>&nbsp;86</td>
		</tr>
		<tr>
			<th scope=""row"">Diametru [mm]</th>
			<td>&nbsp;68</td>
		</tr>
		<tr>
			<th scope=""row"">Dimensiune filet</th>
			<td>&nbsp;20x1.5mm</td>
		</tr>
	</tbody>
</table>

<p>Livrare in 5-12 zile. Produs importat din SUA.</p>
","","no","no","in_supplier_stock","14/6/2017 20:40:07","14/6/2017 20:43:58","newOEM",""
"3494227",,"0","577","active","ro","A1267C","Filtru aer","filtru-aer-ac-delco-a1267c","Filtru aer","Filtru aer","Filtru aer","<table border=""0"" cellpadding=""1"" cellspacing=""1"" style=""width:500px"">
	<tbody>
		<tr>
			<th scope=""row"">Tip filtru</th>
			<td>&nbsp;Panou</td>
		</tr>
		<tr>
			<th scope=""row"">Lungime [mm]</th>
			<td>&nbsp;288</td>
		</tr>
		<tr>
			<th scope=""row"">Latime [mm]</th>
			<td>&nbsp;244&nbsp;</td>
		</tr>
		<tr>
			<th scope=""row"">Inaltime [mm]</th>
			<td>&nbsp;37</td>
		</tr>
	</tbody>
</table>

<p>Livrare in 5-12 zile. Produs importat din SUA.</p>
","","no","no","in_supplier_stock","14/6/2017 20:40:18","14/6/2017 20:45:27","newOEM",""
"3494228",,"0","577","active","ro","252544","Pompa apa","pompa-apa-252544","Pompa apa","Pompa apa","","<table border=""0"" cellpadding=""1"" cellspacing=""1"" style=""width:500px"">
	<tbody>
		<tr>
			<th scope=""row"">Inaltime butuc [mm]</th>
			<td>&nbsp;105.9</td>
		</tr>
		<tr>
			<th scope=""row"">Orificii fixare</th>
			<td>&nbsp;12</td>
		</tr>
	</tbody>
</table>

<p>Livrare in 5-12 zile.Import SUA</p>
","","","","in_supplier_stock","14/6/2017 20:51:57","28/6/2017 20:39:47","kit",""
"3494229",,"0","577","active","ro","KIT1296497","Kit curea distributie","kit-curea-distributie-kit1296497","Kit curea distributie","Kit curea distributie","","<table border=""0"" cellpadding=""1"" cellspacing=""1"" style=""width:500px"">
	<tbody>
		<tr>
			<th scope=""row"">ROLA GHIDAJ</th>
			<td>&nbsp;38001</td>
		</tr>
	</tbody>
</table>

<table border=""0"" cellpadding=""1"" cellspacing=""1"" style=""width:500px"">
	<tbody>
		<tr>
			<th scope=""row"">Material</th>
			<td>&nbsp;Otel</td>
		</tr>
		<tr>
			<th scope=""row"">Diametru orificiu [mm]</th>
			<td>&nbsp;17</td>
		</tr>
		<tr>
			<th scope=""row"">Latime [mm]</th>
			<td>&nbsp;30.5</td>
		</tr>
		<tr>
			<th scope=""row"">Diametru exterior[mm]</th>
			<td>&nbsp;90mm</td>
		</tr>
	</tbody>
</table>

<p>&nbsp;</p>

<table border=""0"" cellpadding=""1"" cellspacing=""1"" style=""width:500px"">
	<tbody>
		<tr>
			<th scope=""row""><strong>ROLA INTINDERE </strong></th>
			<td>&nbsp;<strong>38416</strong></td>
		</tr>
	</tbody>
</table>

<table border=""0"" cellpadding=""1"" cellspacing=""1"" style=""width:500px"">
	<tbody>
		<tr>
			<th scope=""row"">Material</th>
			<td>&nbsp;Termoplastic</td>
		</tr>
		<tr>
			<th scope=""row"">Latime [mm]</th>
			<td>&nbsp;25</td>
		</tr>
		<tr>
			<th scope=""row"">Diametru exterior [mm]</th>
			<td>&nbsp;70</td>
		</tr>
	</tbody>
</table>

<p>&nbsp;</p>

<table border=""0"" cellpadding=""1"" cellspacing=""1"" style=""width:500px"">
	<tbody>
		<tr>
			<th scope=""row""><strong>CUREA DISTRIBUTIE </strong></th>
			<td>&nbsp;<strong>6K875</strong></td>
		</tr>
	</tbody>
</table>

<table border=""0"" cellpadding=""1"" cellspacing=""1"" style=""width:500px"">
	<tbody>
		<tr>
			<th scope=""row"">Material</th>
			<td>&nbsp;Cauciuc</td>
		</tr>
		<tr>
			<th scope=""row"">Nr. caneluri</th>
			<td>&nbsp;6&nbsp;</td>
		</tr>
		<tr>
			<th scope=""row"">Latime [mm]</th>
			<td>&nbsp;20</td>
		</tr>
		<tr>
			<th scope=""row"">Lungime [mm]</th>
			<td>&nbsp;2238</td>
		</tr>
	</tbody>
</table>

<p>&nbsp;</p>

<p>Livrare in 5-12 zile. Import SUA</p>

<p>&nbsp;</p>
","","","","in_supplier_stock","14/6/2017 21:11:18","28/6/2017 20:39:59","kit",""
"3494230",,"0","579","active","ro","521024","Brat suspensie (Bascula)","brat-suspensie-bascula-521024","Brat suspensie (Bascula)","Brat suspensie (Bascula)","","<table border=""0"" cellpadding=""1"" cellspacing=""1"" style=""width:500px"">
	<tbody>
		<tr>
			<th scope=""row"">Parte montare</th>
			<td>&nbsp;Fata</td>
		</tr>
		<tr>
			<th scope=""row"">Pozitie montare</th>
			<td>&nbsp;Dreapta</td>
		</tr>
		<tr>
			<th scope=""row"">Pozitie montare</th>
			<td>&nbsp;Superior</td>
		</tr>
	</tbody>
</table>

<p>Livrare in 5-12 zile. Import SUA</p>
","","","","in_supplier_stock","14/6/2017 21:23:52","28/6/2017 20:40:06","kit",""
"3494298",,"0","40","active","ro","13757","Simering planetara","simering-planetara-13757","Simering planetara","Simering planetara","","<table border=""0"" cellpadding=""1"" cellspacing=""1"" style=""width:500px"">
	<tbody>
		<tr>
			<th scope=""row"">Latime [mm]</th>
			<td>&nbsp;8.99</td>
		</tr>
		<tr>
			<th scope=""row"">Diametru exterior [mm]</th>
			<td>&nbsp;58.08</td>
		</tr>
	</tbody>
</table>

<p>Import SUA</p>
","","","","in_stock","3/7/2017 16:42:25","3/7/2017 16:42:25","kit",""
"3494299",,"0","580","active","ro","FA1773","Filtru aer ","filtru-aer-fa1773","Filtru aer ","filtre, admisie aer, aer, sistem filtrare, filtru aer, filtru ","","<table border=""1"" cellpadding=""1"" cellspacing=""1"" style=""width:500px"">
	<tbody>
		<tr>
			<th scope=""row"">Lungime[mm]</th>
			<td>&nbsp;&nbsp; 254</td>
		</tr>
		<tr>
			<th scope=""row"">Latime [mm]</th>
			<td>&nbsp;&nbsp; 234.9</td>
		</tr>
		<tr>
			<th scope=""row"">Inaltime[mm]</th>
			<td>&nbsp;&nbsp;&nbsp; 44.9</td>
		</tr>
	</tbody>
</table>

<p>Echivalenta OE 4R3U9601AB, 4R3Z9601AA</p>
","Filtru aer ","","","in_stock","3/7/2017 16:51:30","3/7/2017 16:51:30","kit",""
"3494232",,"0","577","active","ro","2134233","Senzor temperatura","senzor-temperatura-2134233","Senzor temperatura","Senzor temperatura","","<table border=""0"" cellpadding=""1"" cellspacing=""1"" style=""width:500px"">
	<tbody>
		<tr>
			<th scope=""row"">Tip terminal</th>
			<td>&nbsp;Mama</td>
		</tr>
		<tr>
			<th scope=""row"">Tip terminal</th>
			<td>&nbsp;Lama cu pini</td>
		</tr>
		<tr>
			<th scope=""row"">Nr. conectori</th>
			<td>&nbsp;2</td>
		</tr>
	</tbody>
</table>

<p>&nbsp;</p>
","","","","in_stock","14/6/2017 22:23:37","14/6/2017 22:23:37","kit",""
"3494233",,"0","577","active","ro","46G20749A","Bieleta antiruliu","bieleta-antiruliu-46g20749a","Bieleta antiruliu","Bieleta antiruliu","","<table border=""0"" cellpadding=""1"" cellspacing=""1"" style=""width:500px"">
	<tbody>
		<tr>
			<th scope=""row"">Parte montare</th>
			<td>&nbsp;Fata</td>
		</tr>
	</tbody>
</table>

<p>Import SUA</p>
","","","","in_stock","14/6/2017 22:32:44","28/6/2017 20:42:30","kit",""
"3494234",,"0","97","active","ro","ES800558","Tirant directie superior ","tirant-directie-superior-es800558","Brat directie ","Caseta directie, directie , pompa servo , servodirectie .elemente directie , suspensie directie  roti, articulatii directie","","<table border=""0"" cellpadding=""1"" cellspacing=""1"" style=""width:500px"">
	<tbody>
		<tr>
			<th scope=""row"">Parte montare</th>
			<td>Sistem directie</td>
		</tr>
		<tr>
			<th scope=""row"">Parte montare</th>
			<td>Superior</td>
		</tr>
	</tbody>
</table>

<p>&nbsp;</p>
","","yes","","in_stock","15/6/2017 17:39:39","28/6/2017 20:43:03","kit",""
"3494235",,"0","598","active","ro","23360288","Lamela stergator parbriz","lamela-stergator-parbriz-23360288","Lamela stergator parbriz","Lamela stergator parbriz","","<p>Pozitia nr. 4 din imagine.</p>

<p>&nbsp;</p>

<table border=""0"" cellpadding=""1"" cellspacing=""1"" style=""width:500px"">
	<tbody>
		<tr>
			<th scope=""row"">Parte montare</th>
			<td>&nbsp;Fata</td>
		</tr>
		<tr>
			<th scope=""row"">Parte montare</th>
			<td>&nbsp;Stanga/Dreapta</td>
		</tr>
		<tr>
			<th scope=""row"">Material</th>
			<td>&nbsp;Cauciuc</td>
		</tr>
	</tbody>
</table>

<p>Livrare 6-18 zile. Import SUA</p>
","","","","in_supplier_stock","19/6/2017 20:08:00","28/6/2017 20:43:09","kit",""
"3494236",,"0","598","active","ro","23256564","Bare transversale","bare-transversale-23256564","Bare transversale","Bare transversale","","<table border=""0"" cellpadding=""1"" cellspacing=""1"" style=""width:500px"">
	<tbody>
		<tr>
			<th scope=""row"">Culoare</th>
			<td>&nbsp;Negru</td>
		</tr>
	</tbody>
</table>

<p>Livrare in 6-18 zile. Import SUA</p>
","","","","in_supplier_stock","20/6/2017 15:30:17","28/6/2017 20:43:15","kit",""
"3494237",,"0","598","active","ro","AL3Z2C150A","Kit reparatie etrier","kit-reparatie-etrier-al3z2c150a","Kit reparatie etrier","Kit reparatie etrier","","<table border=""0"" cellpadding=""1"" cellspacing=""1"" style=""width:500px"">
	<tbody>
		<tr>
			<th scope=""row"">Parte montare</th>
			<td>&nbsp;Etrier</td>
		</tr>
		<tr>
			<th scope=""row"">Pozitie montare</th>
			<td>&nbsp;Stanga/Dreapta</td>
		</tr>
		<tr>
			<th scope=""row"">Tip tractiune autoturism</th>
			<td>&nbsp;4x4</td>
		</tr>
	</tbody>
</table>

<p>Livrare in 6-18 zile.Import SUA</p>
","","","","in_supplier_stock","20/6/2017 15:40:25","28/6/2017 20:43:22","kit",""
"3494240",,"0","591","active","ro","664250","Planetara","planetara-664250","Planetara","Planetara","","<table border=""0"" cellpadding=""1"" cellspacing=""1"" style=""width:500px"">
	<tbody>
		<tr>
			<th scope=""row"">Material burduf</th>
			<td>&nbsp;Neopren</td>
		</tr>
		<tr>
			<th scope=""row"">&nbsp;</th>
			<td>&nbsp;</td>
		</tr>
		<tr>
			<th scope=""row"">&nbsp;</th>
			<td>&nbsp;</td>
		</tr>
	</tbody>
</table>

<p>Livrare in 5-12 zile.Import SUA</p>
","","","","in_supplier_stock","20/6/2017 16:34:39","28/6/2017 20:43:28","kit",""
"3494241",,"0","579","active","ro","955736","Oglinda laterala","oglinda-laterala-955736","Oglinda laterala","Oglinda laterala","","<p>Livrare in 5-12 zile. Import SUA</p>

<table border=""0"" cellpadding=""1"" cellspacing=""1"" style=""width:500px"">
	<tbody>
		<tr>
			<th scope=""row"">Culoare</th>
			<td>&nbsp;Negru</td>
		</tr>
		<tr>
			<th scope=""row"">Pliabila</th>
			<td>&nbsp;Da</td>
		</tr>
		<tr>
			<th scope=""row"">Incalzita</th>
			<td>&nbsp;Nu</td>
		</tr>
		<tr>
			<th scope=""row"">Material carcasa</th>
			<td>&nbsp;Plastic</td>
		</tr>
		<tr>
			<th scope=""row"">Actionare electrica</th>
			<td>&nbsp;Da</td>
		</tr>
		<tr>
			<th scope=""row"">Semnalizare</th>
			<td>&nbsp;Nu</td>
		</tr>
	</tbody>
</table>

<p>&nbsp;</p>
","","","","in_supplier_stock","20/6/2017 16:46:29","28/6/2017 20:43:37","kit",""
"3494242",,"0","577","active","ro","45D2471","Brat suspensie (Bascula)","brat-suspensie-bascula-45d2471","Brat suspensie (Bascula)","Brat suspensie (Bascula)","","<table border=""0"" cellpadding=""1"" cellspacing=""1"" style=""width:500px"">
	<tbody>
		<tr>
			<th scope=""row"">Material bucse</th>
			<td>&nbsp;Cauciuc</td>
		</tr>
		<tr>
			<th scope=""row"">Parte montare</th>
			<td>&nbsp;Fata, Stanga</td>
		</tr>
		<tr>
			<th scope=""row"">Pozitie montare&nbsp;</th>
			<td>&nbsp;Inferior</td>
		</tr>
	</tbody>
</table>

<p>Livrare 5-12 zile.Import SUA</p>
","","","","in_supplier_stock","20/6/2017 17:20:26","28/6/2017 20:43:45","kit",""
"3494243",,"0","599","active","ro","12166057","Disc frana","disc-frana-12166057","Disc frana","Disc frana","","<table border=""0"" cellpadding=""1"" cellspacing=""1"" style=""width:500px"">
	<tbody>
		<tr>
			<th scope=""row"">Parte montare</th>
			<td>&nbsp;Fata</td>
		</tr>
		<tr>
			<th scope=""row"">Diametru exterior [mm]</th>
			<td>&nbsp;330</td>
		</tr>
		<tr>
			<th scope=""row"">Nr. suruburi</th>
			<td>&nbsp;6</td>
		</tr>
		<tr>
			<th scope=""row"">Inaltime [mm]</th>
			<td>&nbsp;55</td>
		</tr>
		<tr>
			<th scope=""row"">Grosime [mm]</th>
			<td>&nbsp;30</td>
		</tr>
		<tr>
			<th scope=""row"">&nbsp;</th>
			<td>&nbsp;</td>
		</tr>
	</tbody>
</table>

<p>Livrare in 5-12 zile. Import SUA</p>
","","","","in_supplier_stock","20/6/2017 17:37:51","28/6/2017 20:43:50","kit",""
"3494244",,"0","579","active","ro","590203","Senzor impact","senzor-impact-590203","Senzor impact","Senzor impact","","<table border=""0"" cellpadding=""1"" cellspacing=""1"" style=""width:500px"">
	<tbody>
		<tr>
			<th scope=""row"">Tip conector</th>
			<td>&nbsp;Mama</td>
		</tr>
		<tr>
			<th scope=""row"">Tip terminal</th>
			<td>&nbsp;Pini</td>
		</tr>
		<tr>
			<th scope=""row"">Nr. pini</th>
			<td>&nbsp;2</td>
		</tr>
		<tr>
			<th scope=""row"">Parte montare</th>
			<td>&nbsp;Fata</td>
		</tr>
		<tr>
			<th scope=""row"">Pozitie montare</th>
			<td>&nbsp;Stanga/Dreapta</td>
		</tr>
	</tbody>
</table>

<p>Livrare 5-12 zile.Import SUA</p>
","","","","in_supplier_stock","20/6/2017 18:22:28","28/6/2017 20:43:57","kit",""
"3494245",,"0","579","active","ro","521023","Brat suspensie (Bascula)","brat-suspensie-bascula-521023","Brat suspensie (Bascula)","Brat suspensie (Bascula)","","<table border=""0"" cellpadding=""1"" cellspacing=""1"" style=""width:500px"">
	<tbody>
		<tr>
			<th scope=""row"">Material bucse</th>
			<td>&nbsp;cauciuc</td>
		</tr>
		<tr>
			<th scope=""row"">Parte montare</th>
			<td>&nbsp;Fata, stanga</td>
		</tr>
		<tr>
			<th scope=""row"">Pozitie montare</th>
			<td>&nbsp;Superior</td>
		</tr>
	</tbody>
</table>

<p>Livrare 5-12 zile.Import SUA</p>
","","","","in_supplier_stock","20/6/2017 19:26:34","28/6/2017 20:44:03","kit",""
"3494246",,"0","590","active","ro"," CH2519129","Carcasa far","carcasa-far-ch2519129","Carcasa far","Carcasa far","","<table border=""0"" cellpadding=""1"" cellspacing=""1"" style=""width:500px"">
	<tbody>
		<tr>
			<th scope=""row"">Parte montare</th>
			<td>&nbsp;Fata</td>
		</tr>
		<tr>
			<th scope=""row"">Parte montare</th>
			<td>&nbsp;Dreapta</td>
		</tr>
		<tr>
			<th scope=""row"">&nbsp;</th>
			<td>&nbsp;</td>
		</tr>
	</tbody>
</table>

<p>Livrare in 5-12 zile.Import SUA</p>
","","","","in_supplier_stock","20/6/2017 19:35:41","28/6/2017 20:44:17","kit",""
"3494247",,"0","577","active","ro","1711136","Placute frana","placute-frana-1711136","Placute frana","placute frana","","<table border=""0"" cellpadding=""1"" cellspacing=""1"" style=""width:500px"">
	<tbody>
		<tr>
			<th scope=""row"">Parte montare</th>
			<td>&nbsp;Spate</td>
		</tr>
		<tr>
			<th scope=""row"">Lungime [mm]</th>
			<td>&nbsp;142.7</td>
		</tr>
		<tr>
			<th scope=""row"">Latime [mm]</th>
			<td>&nbsp;45.5</td>
		</tr>
		<tr>
			<th scope=""row"">Grosime [mm]</th>
			<td>&nbsp;17</td>
		</tr>
	</tbody>
</table>

<p>Livrare 5-12 zile. Import SUA</p>
","","","","in_supplier_stock","20/6/2017 19:49:57","28/6/2017 20:44:27","kit",""
"3494248",,"0","591","active","ro","961001","Pompa servodirectie","pompa-servodirectie-961001","Pompa servodirectie","Pompa servodirectie","","<table border=""0"" cellpadding=""1"" cellspacing=""1"" style=""width:500px"">
	<tbody>
		<tr>
			<th scope=""row"">Rezervor</th>
			<td>&nbsp;Nu</td>
		</tr>
		<tr>
			<th scope=""row"">Material carcasa</th>
			<td>&nbsp;Aluminiu</td>
		</tr>
		<tr>
			<th scope=""row"">Tip inlet</th>
			<td>&nbsp;Teava</td>
		</tr>
		<tr>
			<th scope=""row"">Tip outlet</th>
			<td>&nbsp;Fitting</td>
		</tr>
	</tbody>
</table>

<p>Livrare in 5-12 zile. Import SUA</p>
","","","","in_supplier_stock","20/6/2017 19:56:33","28/6/2017 20:44:38","kit",""
"3494249",,"0","586","active","ro","WA515096","Rulment roata","rulment-roata-wa515096","Rulment roata","Rulment roata","","<table border=""0"" cellpadding=""1"" cellspacing=""1"" style=""width:500px"">
	<tbody>
		<tr>
			<th scope=""row"">Parte montare</th>
			<td>&nbsp;Fata</td>
		</tr>
		<tr>
			<th scope=""row"">Tractiune autoturism</th>
			<td>&nbsp;4WD</td>
		</tr>
		<tr>
			<th scope=""row"">&nbsp;</th>
			<td>&nbsp;</td>
		</tr>
	</tbody>
</table>

<p>Livrare 5-12 zile. Import SUA</p>
","","","","in_supplier_stock","20/6/2017 20:06:59","28/6/2017 20:44:39","kit",""
"3494250",,"0","597","active","ro","15158","Termostat","termostat-15158","Termostat","termostat","","<table border=""0"" cellpadding=""1"" cellspacing=""1"" style=""width:500px"">
	<tbody>
		<tr>
			<th scope=""row"">Diametru flansa [mm]</th>
			<td>&nbsp;56</td>
		</tr>
		<tr>
			<th scope=""row"">Inaltime de la flansa [mm]</th>
			<td>&nbsp;15.88</td>
		</tr>
		<tr>
			<th scope=""row"">Diametru flansa by-pass [mm]</th>
			<td>&nbsp;40.64</td>
		</tr>
		<tr>
			<th scope=""row"">Adancime de la flansa [mm]</th>
			<td>&nbsp;56.64</td>
		</tr>
		<tr>
			<th scope=""row"">Nr. simeringuri</th>
			<td>&nbsp;1</td>
		</tr>
		<tr>
			<th scope=""row"">Temperatura [F/C]</th>
			<td>&nbsp;180/82.22</td>
		</tr>
	</tbody>
</table>

<p>Livrare in 5-12 zile.Import SUA</p>

<p>&nbsp;</p>
","","","","in_stock","20/6/2017 20:16:08","28/6/2017 20:46:52","kit",""
"3494251",,"0","577","active","ro","36157","Rola ghidare","rola-ghidare-36157","Rola ghidare","Rola ghidare","","<table border=""0"" cellpadding=""1"" cellspacing=""1"" style=""width:500px"">
	<tbody>
		<tr>
			<th scope=""row"">Material</th>
			<td>&nbsp;Otel</td>
		</tr>
		<tr>
			<th scope=""row"">Diametru exterior [mm]</th>
			<td>&nbsp;87</td>
		</tr>
		<tr>
			<th scope=""row"">Diametru orificiu [mm]</th>
			<td>&nbsp;17</td>
		</tr>
		<tr>
			<th scope=""row"">Latime [mm]</th>
			<td>&nbsp;31</td>
		</tr>
		<tr>
			<th scope=""row"">Nr. caneluri</th>
			<td>&nbsp;6</td>
		</tr>
		<tr>
			<th scope=""row"">Culoare</th>
			<td>&nbsp;Negru</td>
		</tr>
	</tbody>
</table>

<p>Livrare 5-12 zile. Import SUA</p>
","","","","in_supplier_stock","21/6/2017 17:05:49","28/6/2017 20:46:58","kit",""
"3494252",,"0","580","active","ro","YS253","Rola ghidare","rola-ghidare-ys253","Rola ghidare","Rola ghidare","","<p>Livrare 5-12 zile. Import SUA</p>

<table border=""0"" cellpadding=""1"" cellspacing=""1"" style=""width:500px"">
	<tbody>
		<tr>
			<th scope=""row"">Diametru rulment interior [mm]</th>
			<td>&nbsp;17</td>
		</tr>
		<tr>
			<th scope=""row"">Latime [mm]</th>
			<td>&nbsp;31</td>
		</tr>
		<tr>
			<th scope=""row"">Diametru exterior rola [mm]</th>
			<td>&nbsp;90</td>
		</tr>
	</tbody>
</table>

<p>&nbsp;</p>
","","","","in_supplier_stock","21/6/2017 17:23:50","28/6/2017 20:47:03","kit",""
"3494253",,"0","580","active","ro","JK61037A","Curea distributie","curea-distributie-jk61037a","Curea distributie","Curea distributie","","<table border=""0"" cellpadding=""1"" cellspacing=""1"" style=""width:500px"">
	<tbody>
		<tr>
			<th scope=""row"">Tip curea&nbsp;</th>
			<td>&nbsp;Curea cu caneluri</td>
		</tr>
		<tr>
			<th scope=""row"">Nr. caneluri</th>
			<td>&nbsp;6</td>
		</tr>
		<tr>
			<th scope=""row"">&nbsp;</th>
			<td>&nbsp;</td>
		</tr>
	</tbody>
</table>

<p>Livrare in 5-12 zile. Import SUA</p>
","","","","in_supplier_stock","21/6/2017 17:34:44","28/6/2017 20:47:09","kit",""
"3494254",,"0","580","active","ro","BT61","Intinzator curea transmisie","intinzator-curea-transmisie-bt61","Intinzator curea transmisie","Intinzator curea transmisie","","<table border=""0"" cellpadding=""1"" cellspacing=""1"" style=""width:500px"">
	<tbody>
		<tr>
			<th scope=""row"">Cod OEM</th>
			<td>1L2Z6B209AA</td>
		</tr>
	</tbody>
</table>

<p>Livrare in 5-12 zile. Import SUA</p>
","","","","in_supplier_stock","21/6/2017 17:57:45","28/6/2017 20:47:14","kit",""
"3494255",,"0","580","active","ro","DG521","Bobina aprindere","bobina-aprindere-dg521","Bobina aprindere","Bobina aprindere","","<table border=""0"" cellpadding=""1"" cellspacing=""1"" style=""width:500px"">
	<tbody>
		<tr>
			<th scope=""row"">Parte montare</th>
			<td>&nbsp;Sistem pornire</td>
		</tr>
		<tr>
			<th scope=""row"">Cod OEM</th>
			<td>&nbsp;&nbsp;8L3Z12029A</td>
		</tr>
		<tr>
			<th scope=""row"">&nbsp;</th>
			<td>&nbsp;</td>
		</tr>
	</tbody>
</table>

<p>Livrare in 5-12 zile.Import SUA</p>
","","","","in_supplier_stock","21/6/2017 18:11:27","28/6/2017 20:47:22","kit",""
"3494256",,"0","26","active","ro","SG304081","Amortizor haion","amortizor-haion-sg304081","Amortizor haion","Amortizor haion","","<p>Livrare in 5-12 zile. Import SUA</p>
","","","","in_supplier_stock","21/6/2017 18:19:48","28/6/2017 20:47:28","kit",""
"3494257",,"0","97","active","ro","K3124","Bieleta antiruliu","bieleta-antiruliu-k3124","Bieleta antiruliu","Bieleta antiruliu","","<table border=""0"" cellpadding=""1"" cellspacing=""1"" style=""width:500px"">
	<tbody>
		<tr>
			<th scope=""row"">Parte montare</th>
			<td>&nbsp;Spate</td>
		</tr>
		<tr>
			<th scope=""row"">Material bucse</th>
			<td>&nbsp;Thermoplastic</td>
		</tr>
		<tr>
			<th scope=""row"">Cod OEM</th>
			<td>&nbsp; &nbsp;E6DZ5A486A</td>
		</tr>
	</tbody>
</table>

<p>Livrare in 5-12 zile. Import SUA</p>
","","","","in_supplier_stock","21/6/2017 18:29:35","28/6/2017 20:47:33","kit",""
"3494258",,"0","97","active","ro","K8702","Bieleta antiruliu","bieleta-antiruliu-k8702","Bieleta antiruliu","Bieleta antiruliu","","<table border=""0"" cellpadding=""1"" cellspacing=""1"" style=""width:500px"">
	<tbody>
		<tr>
			<th scope=""row"">Parte montare</th>
			<td>&nbsp;Fata</td>
		</tr>
	</tbody>
</table>

<p>Livrare in 5-12 zile. Import SUA</p>
","","","","in_supplier_stock","21/6/2017 18:42:43","28/6/2017 20:47:38","kit",""
"3494259",,"0","250","active","ro","TX6T","Senzor temperatura","senzor-temperatura-tx6t","Senzor temperatura","Senzor temperatura","","<table border=""0"" cellpadding=""1"" cellspacing=""1"" style=""width:500px"">
	<tbody>
		<tr>
			<th scope=""row"">Tip terminal</th>
			<td>&nbsp;Tata</td>
		</tr>
		<tr>
			<th scope=""row"">Tip conectori</th>
			<td>&nbsp;Pin rotunjit</td>
		</tr>
		<tr>
			<th scope=""row"">Tip conectori</th>
			<td>&nbsp;Mama</td>
		</tr>
	</tbody>
</table>

<p>Livrare 5-12 zile. Import SUA</p>
","","","","in_supplier_stock","21/6/2017 19:07:20","28/6/2017 20:47:57","kit",""
"3494260",,"0","97","active","ro","K8649","Bucsa tirant","bucsa-tirant-k8649","Bucsa tirant","Bucsa tirant","","<p>Livrare in 5-12 zile.Import SUA</p>
","","","","in_supplier_stock","21/6/2017 19:43:06","28/6/2017 20:48:06","kit",""
"3494261",,"0","580","active","ro","BRF1279A","Placute frana","placute-frana-brf1279a","Placute frana","Placute frana","","<table border=""0"" cellpadding=""1"" cellspacing=""1"" style=""width:500px"">
	<tbody>
		<tr>
			<th scope=""row"">Parte montare</th>
			<td>&nbsp;Spate</td>
		</tr>
		<tr>
			<th scope=""row"">Lungime [mm]</th>
			<td>&nbsp;166</td>
		</tr>
		<tr>
			<th scope=""row"">Latime [mm]</th>
			<td>&nbsp;60/53.3</td>
		</tr>
		<tr>
			<th scope=""row"">Grosime [mm]</th>
			<td>&nbsp;21/19.9</td>
		</tr>
	</tbody>
</table>

<p>Livrare in 5-12 zile.Import SUA</p>
","","","","in_supplier_stock","21/6/2017 19:49:26","28/6/2017 20:48:15","kit",""
"3494262",,"0","580","active","ro","BRRF198","Disc frana","disc-frana-brrf198","Disc frana","","","<table border=""0"" cellpadding=""1"" cellspacing=""1"" style=""width:500px"">
	<tbody>
		<tr>
			<th scope=""row"">Parte montare</th>
			<td>&nbsp;Spate</td>
		</tr>
		<tr>
			<th scope=""row"">Nr. nituri</th>
			<td>&nbsp;5</td>
		</tr>
	</tbody>
</table>

<p>Livrare in 5-12 zile. Import SUA</p>
","","","","in_supplier_stock","21/6/2017 19:54:42","28/6/2017 20:48:16","kit",""
"3494263",,"0","205","active","ro","SL260013","Simering diferential","simering-diferential-sl260013","Simering diferential","Simering diferential","","<table border=""0"" cellpadding=""1"" cellspacing=""1"" style=""width:500px"">
	<tbody>
		<tr>
			<th scope=""row"">Diametru exterior [mm]</th>
			<td>&nbsp;72.89</td>
		</tr>
		<tr>
			<th scope=""row"">Latime [mm]</th>
			<td>&nbsp;10.49</td>
		</tr>
		<tr>
			<th scope=""row"">Dimensiune ax [mm]</th>
			<td>&nbsp;44.45</td>
		</tr>
	</tbody>
</table>

<p>Livrare in 5-12 zile.Import SUA</p>
","","","","in_supplier_stock","21/6/2017 20:00:30","28/6/2017 20:48:25","kit",""
"3494264",,"0","579","active","ro","419602","Rola ghidare","rola-ghidare-419602","Rola ghidare","Rola ghidare","","<table border=""0"" cellpadding=""1"" cellspacing=""1"" style=""width:500px"">
	<tbody>
		<tr>
			<th scope=""row"">Latime maxima curea [mm]</th>
			<td>&nbsp;20</td>
		</tr>
		<tr>
			<th scope=""row"">Diametru rulment interior [mm]</th>
			<td>&nbsp;17</td>
		</tr>
		<tr>
			<th scope=""row"">Latime rulment [mm]</th>
			<td>&nbsp;12</td>
		</tr>
		<tr>
			<th scope=""row"">Diametru rola [mm]</th>
			<td>&nbsp;90</td>
		</tr>
		<tr>
			<th scope=""row"">Latime rola [mm]</th>
			<td>&nbsp;30</td>
		</tr>
		<tr>
			<th scope=""row"">Material</th>
			<td>&nbsp;Otel</td>
		</tr>
	</tbody>
</table>

<p>Livrare in 5-12 zile. Import SUA</p>
","","","","in_supplier_stock","21/6/2017 20:22:16","28/6/2017 20:48:34","kit",""
"3494265",,"0","630","active","ro","40204","Geam oglinda laterala","geam-oglinda-laterala-40204","Geam oglinda laterala","Geam oglinda laterala","","<p>Livrare in 5-12 zile. Import SUA</p>

<table border=""0"" cellpadding=""1"" cellspacing=""1"" style=""width:500px"">
	<tbody>
		<tr>
			<th scope=""row"">Parte montare</th>
			<td>&nbsp;Dreapta</td>
		</tr>
		<tr>
			<th scope=""row"">Incalzita</th>
			<td>&nbsp;Da</td>
		</tr>
		<tr>
			<th scope=""row"">Semnalizare</th>
			<td>&nbsp;Da</td>
		</tr>
		<tr>
			<th scope=""row"">Tip oglinda&nbsp;</th>
			<td>&nbsp;Convexa</td>
		</tr>
	</tbody>
</table>

<p>&nbsp;</p>
","","","","in_supplier_stock","22/6/2017 16:49:37","28/6/2017 20:51:54","kit",""
"3494266",,"0","580","active","ro","BRRF202","Disc frana","disc-frana-brrf202","Disc frana","Disc frana","","<p>Livrare in 5-12 zile.Import SUA</p>

<table border=""0"" cellpadding=""1"" cellspacing=""1"" style=""width:500px"">
	<tbody>
		<tr>
			<th scope=""row"">Parte montare</th>
			<td>&nbsp;Fata, Stanga/Dreapta</td>
		</tr>
		<tr>
			<th scope=""row"">Nr. suruburi</th>
			<td>&nbsp;5</td>
		</tr>
	</tbody>
</table>

<p>&nbsp;</p>
","","","","in_supplier_stock","22/6/2017 17:09:40","28/6/2017 20:52:00","kit",""
"3494267",,"0","54","active","ro","G63965","Amortizor pe gaz","amortizor-pe-gaz-g63965","Amortizor pe gaz","Amortizor pe gaz","","<table border=""0"" cellpadding=""1"" cellspacing=""1"" style=""width:500px"">
	<tbody>
		<tr>
			<th scope=""row"">Parte montare</th>
			<td>&nbsp;</td>
		</tr>
		<tr>
			<th scope=""row"">Lungime extins [mm]</th>
			<td>&nbsp;613.15</td>
		</tr>
		<tr>
			<th scope=""row"">Lungime inchis [mm]</th>
			<td>&nbsp;386.08</td>
		</tr>
		<tr>
			<th scope=""row"">Extindere [mm]</th>
			<td>&nbsp;227.07</td>
		</tr>
	</tbody>
</table>

<p>Livrare in 5-12 zile. Import SUA</p>
","","","","in_supplier_stock","22/6/2017 17:36:12","28/6/2017 20:52:05","kit",""
"3494268",,"0","205","active","ro","SET5","Rulment","rulment-set5","Rulment","Rulment","","<p>Livrare in 5-12 zile.Import SUA</p>

<p><strong>Cod OEM:&nbsp;0009816405, 0019802902, 008311123, 0S08333047, 11101</strong></p>
","","","","in_supplier_stock","22/6/2017 18:28:34","28/6/2017 20:52:15","kit",""
"3494269",,"0","205","active","ro","6408","Rulment roata","rulment-roata-6408","Rulment roata","Rulment roata","","<table border=""0"" cellpadding=""1"" cellspacing=""1"" style=""width:500px"">
	<tbody>
		<tr>
			<th scope=""row"">Diametru exterior [mm]</th>
			<td>&nbsp;64.28</td>
		</tr>
		<tr>
			<th scope=""row"">Latime [mm]</th>
			<td>&nbsp;20.90</td>
		</tr>
	</tbody>
</table>

<p>Livrare in 5-12 zile.Import SUA</p>
","","","","in_supplier_stock","26/6/2017 16:10:46","28/6/2017 20:52:23","kit",""
"3494270",,"0","589","active","ro","20756788","Oglinda laterala","oglinda-laterala-20756788","Oglinda laterala","Oglinda laterala","","<p>Pozitia nr. 1 din schema - intregul ansamblu.</p>

<table border=""0"" cellpadding=""1"" cellspacing=""1"" style=""width:500px"">
	<tbody>
		<tr>
			<th scope=""row"">Parte montare</th>
			<td>&nbsp;Dreapta</td>
		</tr>
		<tr>
			<th scope=""row"">Operare electrica</th>
			<td>&nbsp;Da</td>
		</tr>
		<tr>
			<th scope=""row"">Cu semnalizare</th>
			<td>&nbsp;Da</td>
		</tr>
	</tbody>
</table>

<p>Livrare in 6-18 zile.Import SUA</p>
","","","","in_supplier_stock","26/6/2017 16:23:12","28/6/2017 20:52:29","kit",""
"3494271",,"0","598","active","ro","4R3Z5493AA","Bucsa bara stabilizatoare","bucsa-bara-stabilizatoare-4r3z5493aa","Bucsa bara stabilizatoare","Bucsa bara stabilizatoare","","<p>Pozitia nr. 2 din schema.</p>

<table border=""0"" cellpadding=""1"" cellspacing=""1"" style=""width:500px"">
	<tbody>
		<tr>
			<th scope=""row"">Parte montare</th>
			<td>&nbsp;Stanga/Dreapta</td>
		</tr>
		<tr>
			<th scope=""row"">Material</th>
			<td>&nbsp;Cauciuc</td>
		</tr>
	</tbody>
</table>

<p>Livrare in 6-18 zile.Import SUA</p>
","","","","in_supplier_stock","26/6/2017 16:37:02","28/6/2017 20:52:34","kit",""
"3494272",,"0","631","active","ro","B230","Filtru transmisie","filtru-transmisie-b230","Filtru transmisie","Filtru transmisie","","<table border=""0"" cellpadding=""1"" cellspacing=""1"" style=""width:500px"">
	<tbody>
		<tr>
			<th scope=""row"">Cod OEM</th>
			<td>&nbsp;24225323</td>
		</tr>
	</tbody>
</table>

<p>Livrare in 5-12 zile.Import SUA</p>
","","no","no","in_supplier_stock","26/6/2017 16:47:08","28/6/2017 20:52:40","kit",""
"3494273",,"0","250","active","ro","3164","Fise bujii","fise-bujii-3164","Fise bujii","Fise bujii","","<table border=""0"" cellpadding=""1"" cellspacing=""1"" style=""width:500px"">
	<tbody>
		<tr>
			<th scope=""row"">Tip fise</th>
			<td>&nbsp;Universale</td>
		</tr>
		<tr>
			<th scope=""row"">Conductoare</th>
			<td>&nbsp;Da</td>
		</tr>
		<tr>
			<th scope=""row"">Terminale flexibile</th>
			<td>&nbsp;Da</td>
		</tr>
	</tbody>
</table>

<p>Livrare in 5-12 zile. Import SUA</p>
","","","","in_supplier_stock","26/6/2017 16:57:17","28/6/2017 20:52:45","kit",""
"3494274",,"0","580","active","ro","DY967","Senzor clapeta","senzor-clapeta-dy967","Senzor clapeta","Senzor clapeta","","<table border=""0"" cellpadding=""1"" cellspacing=""1"" style=""width:500px"">
	<tbody>
		<tr>
			<th scope=""row"">Tip conectori</th>
			<td>&nbsp;Pini</td>
		</tr>
		<tr>
			<th scope=""row"">Nr. pini&nbsp;</th>
			<td>&nbsp;3</td>
		</tr>
		<tr>
			<th scope=""row"">Tip terminal</th>
			<td>&nbsp;Tata</td>
		</tr>
	</tbody>
</table>

<p>Livrare in 5-12 zile. Import SUA</p>
","","","","in_supplier_stock","26/6/2017 19:42:51","28/6/2017 20:52:51","kit",""
"3494275",,"0","598","active","ro","7L1Z5493C","Bucsa bara stabilizatoare","bucsa-bara-stabilizatoare-7l1z5493c","Bucsa bara stabilizatoare","Bucsa bara stabilizatoare","","<p>Poz. nr. 2 din schema.&nbsp;</p>

<table border=""0"" cellpadding=""1"" cellspacing=""1"" style=""width:500px"">
	<tbody>
		<tr>
			<th scope=""row"">Parte montare</th>
			<td>&nbsp;Stanga/Dreapta</td>
		</tr>
		<tr>
			<th scope=""row"">Material</th>
			<td>&nbsp;Cauciuc</td>
		</tr>
	</tbody>
</table>

<p>Livrare in 6-18 zile. Import SUA</p>
","","","","in_stock","26/6/2017 19:54:17","28/6/2017 20:52:58","kit",""
"3494276",,"0","579","active","ro","594134","Fulie motor","fulie-motor-594134","Fulie motor","Fulie motor","","<table border=""0"" cellpadding=""1"" cellspacing=""1"" style=""width:500px"">
	<tbody>
		<tr>
			<th scope=""row"">Diametru [mm]</th>
			<td>&nbsp;146.05</td>
		</tr>
		<tr>
			<th scope=""row"">&nbsp;Latime [mm]</th>
			<td>&nbsp;46.83</td>
		</tr>
		<tr>
			<th scope=""row"">&nbsp;Greutate [kg]</th>
			<td>&nbsp;2.13</td>
		</tr>
	</tbody>
</table>

<p>Livrare in 5-12 zile.Import SUA</p>
","","","","in_supplier_stock","27/6/2017 18:18:26","28/6/2017 20:53:36","kit",""
"3494277",,"0","577","active","ro","52027","Amortizor pe gaz","amortizor-pe-gaz-52027","Amortizor pe gaz","Amortizor pe gaz","","<table border=""0"" cellpadding=""1"" cellspacing=""1"" style=""width:500px"">
	<tbody>
		<tr>
			<th scope=""row"">Parte montare</th>
			<td>&nbsp;Spate</td>
		</tr>
		<tr>
			<th scope=""row"">Lungime amortizor presat [mm]</th>
			<td>&nbsp;367.03</td>
		</tr>
		<tr>
			<th scope=""row"">Lungime amortizor extins [mm]</th>
			<td>&nbsp;609.09</td>
		</tr>
		<tr>
			<th scope=""row"">Deschidere amortizor [mm]</th>
			<td>&nbsp;242.06</td>
		</tr>
		<tr>
			<th scope=""row"">Incarcat cu gaz</th>
			<td>&nbsp;Da</td>
		</tr>
	</tbody>
</table>

<p>Livrare in 5-12 zile.Import SUA</p>
","","","","in_supplier_stock","27/6/2017 18:35:41","28/6/2017 20:53:36","kit",""
"3494278",,"0","577","active","ro","52030","Amortizor pe gaz","amortizor-pe-gaz-52030","Amortizor pe gaz","Amortizor pe gaz","","<table border=""0"" cellpadding=""1"" cellspacing=""1"" style=""width:500px"">
	<tbody>
		<tr>
			<th scope=""row"">Parte montare</th>
			<td>&nbsp;Fata</td>
		</tr>
		<tr>
			<th scope=""row"">Lungime amortizor presat [mm]</th>
			<td>&nbsp;271.78</td>
		</tr>
		<tr>
			<th scope=""row"">Lungime amortizor extins [mm]</th>
			<td>&nbsp;424.94</td>
		</tr>
		<tr>
			<th scope=""row"">Deschidere amortizor [mm]</th>
			<td>&nbsp;153.16</td>
		</tr>
		<tr>
			<th scope=""row"">Incarcat cu gaz</th>
			<td>&nbsp;Da</td>
		</tr>
	</tbody>
</table>

<p>Livrare in 5 -12 zile. Import SUA</p>
","","","","in_supplier_stock","27/6/2017 19:07:46","28/6/2017 20:53:40","kit",""
"3494279",,"0","599","active","ro","14666010","Pistonas etrier","pistonas-etrier-14666010","Pistonas etrier","Pistonas etrier","","<table border=""0"" cellpadding=""1"" cellspacing=""1"" style=""width:500px"">
	<tbody>
		<tr>
			<th scope=""row"">Parte montare</th>
			<td>&nbsp;Sistem de franare</td>
		</tr>
		<tr>
			<th scope=""row"">Parte montare</th>
			<td>&nbsp;Fata</td>
		</tr>
	</tbody>
</table>

<p>Livrare in 5-12 zile. Import&nbsp;SUA</p>
","","","","in_supplier_stock","27/6/2017 19:15:35","28/6/2017 20:53:45","kit",""
"3494280",,"0","599","active","ro","14640034","Pistonas etrier","pistonas-etrier-14640034","Pistonas etrier","Pistonas etrier","","<table border=""0"" cellpadding=""1"" cellspacing=""1"" style=""width:500px"">
	<tbody>
		<tr>
			<th scope=""row"">Parte montare</th>
			<td>&nbsp;Sistem de franare</td>
		</tr>
		<tr>
			<th scope=""row"">Parte montare</th>
			<td>&nbsp;Spate</td>
		</tr>
	</tbody>
</table>

<p>Livrare in 5 -12 zile. Import SUA</p>
","","","","not_in_stock","27/6/2017 19:20:47","3/6/2019 09:18:15","kit",""
"3494281",,"0","599","active","ro","14365025","Kit reparatie etrier","kit-reparatie-etrier-14365025","Kit reparatie etrier","Kit reparatie etrier","","<table border=""0"" cellpadding=""1"" cellspacing=""1"" style=""width:500px"">
	<tbody>
		<tr>
			<th scope=""row"">Parte montare&nbsp;</th>
			<td>&nbsp;Sistem de franare</td>
		</tr>
		<tr>
			<th scope=""row"">Parte montare</th>
			<td>&nbsp;Fata</td>
		</tr>
	</tbody>
</table>

<p>Livrare in 5-12 zile. Import SUA</p>
","","","","in_supplier_stock","27/6/2017 19:33:59","28/6/2017 20:56:06","kit",""
"3494282",,"0","599","active","ro","14334018","Kit reparatie etrier","kit-reparatie-etrier-14334018","Kit reparatie etrier","Kit reparatie etrier","","<table border=""0"" cellpadding=""1"" cellspacing=""1"" style=""width:500px"">
	<tbody>
		<tr>
			<th scope=""row"">Parte montare</th>
			<td>&nbsp;Sistem de franare</td>
		</tr>
		<tr>
			<th scope=""row"">Parte montare</th>
			<td>&nbsp;Spate</td>
		</tr>
	</tbody>
</table>

<p>Livrare in 5-12 zile. Import SUA</p>
","","","","in_supplier_stock","27/6/2017 19:54:34","28/6/2017 20:56:12","kit",""
"3494283",,"0","577","active","ro","45U0110","Cruce cardanica","cruce-cardanica-45u0110","Cruce cardanica","Cruce cardanica","","<table border=""0"" cellpadding=""1"" cellspacing=""1"" style=""width:500px"">
	<tbody>
		<tr>
			<th scope=""row"">Lungime axa1/axa2 [mm]</th>
			<td>&nbsp;64.90</td>
		</tr>
		<tr>
			<th scope=""row"">Diametru capac axa1/axa2 [mm]</th>
			<td>&nbsp;28.60</td>
		</tr>
		<tr>
			<th scope=""row"">Material</th>
			<td>&nbsp;Otel</td>
		</tr>
	</tbody>
</table>

<p>Livrare in 5-12 zile. Import SUA</p>
","","","","in_stock","27/6/2017 21:30:25","28/6/2017 20:56:17","kit",""
"3494284",,"0","577","active","ro","45U0136","Cruce cardanica","cruce-cardanica-45u0136","Cruce cardanica","Cruce cardanica","","<table border=""0"" cellpadding=""1"" cellspacing=""1"" style=""width:500px"">
	<tbody>
		<tr>
			<th scope=""row"">Lungime axa1/axa2 [mm]</th>
			<td>&nbsp;64.90</td>
		</tr>
		<tr>
			<th scope=""row"">Diametru capac axa1/axa2 [mm]</th>
			<td>&nbsp;28.60</td>
		</tr>
		<tr>
			<th scope=""row"">Material</th>
			<td>&nbsp;Otel</td>
		</tr>
	</tbody>
</table>

<p>Livrare in 5-12 zile. Import SUA</p>
","","","","in_stock","27/6/2017 21:34:48","28/6/2017 20:56:23","kit",""
"3494285",,"0","588","active","ro","AGSF32YR","Bujie aprindere","bujie-aprindere-agsf32yr","Bujie aprindere","Bujie aprindere","","<p>Livrare in 6-18 zile.Import SUA</p>
","","","","in_stock","28/6/2017 14:51:15","28/6/2017 20:56:29","kit",""
"3494286",,"0","589","active","ro","15286593","Simering planetara","simering-planetara-15286593","Simering planetara","Simering planetara","","<table border=""0"" cellpadding=""1"" cellspacing=""1"" style=""width:500px"">
	<tbody>
		<tr>
			<th scope=""row"">Parte montare</th>
			<td>&nbsp;Fata</td>
		</tr>
		<tr>
			<th scope=""row"">Pozitie montare</th>
			<td>&nbsp;Stanga/Dreapta</td>
		</tr>
	</tbody>
</table>

<p>Livrare in 6-18 zile.Import SUA</p>
","","","","in_stock","28/6/2017 15:01:56","28/6/2017 20:56:35","kit",""
"3494287",,"0","591","active","ro","527374","Pompa servofrana","pompa-servofrana-527374","Pompa servofrana","Pompa servofrana","","<p>Livrare in 5-12 zile. Import SUA</p>

<table border=""0"">
	<tbody>
		<tr>
			<th scope=""row"">Culoare</th>
			<td>&nbsp;Negru</td>
		</tr>
		<tr>
			<th scope=""row"">Dimensiune filet principal</th>
			<td>&nbsp;3/8 x 16</td>
		</tr>
		<tr>
			<th scope=""row"">Material</th>
			<td>&nbsp;Fonta</td>
		</tr>
		<tr>
			<th scope=""row"">Tip produs</th>
			<td>&nbsp;Reman</td>
		</tr>
	</tbody>
</table>
","","","","in_supplier_stock","28/6/2017 15:10:21","28/6/2017 20:56:43","kit",""
"3494288",,"0","599","active","ro","10209741","Placute frana","placute-frana-10209741","Placute frana","placute frana","","<table border=""0"" cellpadding=""1"" cellspacing=""1"" style=""width:500px"">
	<tbody>
		<tr>
			<th scope=""row"">Parte montare</th>
			<td>&nbsp;Spate</td>
		</tr>
		<tr>
			<th scope=""row"">Lungime [mm]</th>
			<td>&nbsp;172.7</td>
		</tr>
		<tr>
			<th scope=""row"">Latime [mm]</th>
			<td>&nbsp;60.0</td>
		</tr>
		<tr>
			<th scope=""row"">Grosime [mm]</th>
			<td>&nbsp;17.0</td>
		</tr>
		<tr>
			<th scope=""row"">Tip tractiune</th>
			<td>&nbsp;RWD (spate)</td>
		</tr>
	</tbody>
</table>

<p>Livrare in 5-12 zile.Import SUA</p>
","","","","in_stock","28/6/2017 15:21:22","28/6/2017 20:56:49","kit",""
"3494289",,"0","577","active","ro","46D2272A","Pivot inferior","pivot-inferior-46d2272a","Pivot inferior","Pivot inferior","","<table border=""0"" cellpadding=""1"" cellspacing=""1"" style=""width:500px"">
	<tbody>
		<tr>
			<th scope=""row"">Parte montare</th>
			<td>&nbsp;Fata</td>
		</tr>
		<tr>
			<th scope=""row"">Pozitie montare</th>
			<td>&nbsp;Inferior</td>
		</tr>
		<tr>
			<th scope=""row"">Material&nbsp;</th>
			<td>&nbsp;Otel</td>
		</tr>
	</tbody>
</table>

<p>Livrare in 5-12 zile. Import SUA</p>
","","","","in_supplier_stock","28/6/2017 19:27:30","28/6/2017 20:56:55","kit",""
"3494290",,"0","599","active","ro","10207020","Placute frana","placute-frana-10207020","Placute frana","Placute frana","","<table border=""0"" cellpadding=""1"" cellspacing=""1"" style=""width:500px"">
	<tbody>
		<tr>
			<th scope=""row"">Parte montare</th>
			<td>&nbsp;Fata</td>
		</tr>
		<tr>
			<th scope=""row"">Lungime [mm]</th>
			<td>&nbsp;188.7</td>
		</tr>
		<tr>
			<th scope=""row"">Latime [mm]</th>
			<td>&nbsp;55.1</td>
		</tr>
		<tr>
			<th scope=""row"">Grosime [mm]</th>
			<td>&nbsp;16.5</td>
		</tr>
	</tbody>
</table>

<p>Import SUA</p>
","","","","in_stock","28/6/2017 19:57:20","28/6/2017 20:57:29","kit",""
"3494292",,"0","18","active","ro","900227B","Stergator parbriz","stergator-parbriz-900227b","Stergator parbriz","Stergator parbriz","","<table border=""0"" cellpadding=""1"" cellspacing=""1"" style=""width:500px"">
	<tbody>
		<tr>
			<th scope=""row"">Parte montare</th>
			<td>&nbsp;Fata</td>
		</tr>
	</tbody>
</table>

<p>Livrare 5-12 zile. Import SUA</p>
","","","","in_supplier_stock","28/6/2017 23:03:28","28/6/2017 23:03:28","kit",""
"3494293",,"0","31","active","ro","72526","Amortizor pe gaz","amortizor-pe-gaz-72526","Amortizor pe gaz","Amortizor pe gaz","","<table border=""0"" cellpadding=""1"" cellspacing=""1"" style=""width:500px"">
	<tbody>
		<tr>
			<th scope=""row"">Parte montare</th>
			<td>&nbsp; Fata, dreapta</td>
		</tr>
		<tr>
			<th scope=""row"">Lungime amortizor presat [mm]</th>
			<td>&nbsp;343.40</td>
		</tr>
		<tr>
			<th scope=""row"">Lungime amortizor extins [mm]</th>
			<td>&nbsp;534.16</td>
		</tr>
		<tr>
			<th scope=""row"">Deschidere amortizor [mm]</th>
			<td>&nbsp;190.76</td>
		</tr>
	</tbody>
</table>

<p>Livrare 5-12 zile. Import SUA</p>
","","","","in_supplier_stock","28/6/2017 23:12:09","28/6/2017 23:12:09","kit",""
"3494294",,"0","31","active","ro","72527","Amortizor pe gaz","amortizor-pe-gaz-72527","Amortizor pe gaz","Amortizor pe gaz","","<table border=""0"" cellpadding=""1"" cellspacing=""1"" style=""width:500px"">
	<tbody>
		<tr>
			<th scope=""row"">Parte montare</th>
			<td>&nbsp;Fata, stanga</td>
		</tr>
		<tr>
			<th scope=""row"">Lungime amortizor presat [mm]</th>
			<td>&nbsp;343.40</td>
		</tr>
		<tr>
			<th scope=""row"">Lungime amortizor extins [mm]</th>
			<td>&nbsp;534.16</td>
		</tr>
		<tr>
			<th scope=""row"">Deschidere amortizor [mm]</th>
			<td>&nbsp;190.76</td>
		</tr>
	</tbody>
</table>

<p>Livrare 5-12 zile. Import SUA.</p>
","","","","in_supplier_stock","28/6/2017 23:17:46","28/6/2017 23:17:46","kit",""
"3494295",,"0","599","active","ro","10307110","Placute frana","placute-frana-10307110","Placute frana","placute frana","","<table border=""0"" cellpadding=""1"" cellspacing=""1"" style=""width:500px"">
	<tbody>
		<tr>
			<th scope=""row"">Parte montare</th>
			<td>&nbsp;Spate</td>
		</tr>
		<tr>
			<th scope=""row"">Lungime [mm]</th>
			<td>&nbsp;142.5</td>
		</tr>
		<tr>
			<th scope=""row"">Latime [mm]</th>
			<td>&nbsp;48.3</td>
		</tr>
		<tr>
			<th scope=""row"">Grosime [mm]</th>
			<td>&nbsp;16.0</td>
		</tr>
	</tbody>
</table>

<p>Import SUA</p>
","","","","in_stock","29/6/2017 18:37:13","29/6/2017 18:37:13","kit",""
"3494296",,"0","632","active","ro","MRK12100f","Kit reparatie cutie viteze","kit-reparatie-cutie-viteze-mrk12100f","Kit reparatie cutie viteze","Kit reparatie cutie viteze","","<p>Import SUA</p>

<p>&nbsp;</p>
","","","","in_stock","30/6/2017 15:54:57","30/6/2017 15:54:57","kit",""
"3494297",,"0","579","active","ro","912093","Cablu deschidere capota","cablu-deschidere-capota-912093","Cablu deschidere capota","Cablu deschidere capota","","<table border=""0"" cellpadding=""1"" cellspacing=""1"" style=""width:500px"">
	<tbody>
		<tr>
			<th scope=""row"">Lungime cablu [mm]</th>
			<td>&nbsp;1955.8</td>
		</tr>
		<tr>
			<th scope=""row"">Imbracaminte cablu</th>
			<td>&nbsp;Plastic</td>
		</tr>
		<tr>
			<th scope=""row"">Material cablu</th>
			<td>&nbsp;Otel</td>
		</tr>
		<tr>
			<th scope=""row"">Maner inclus</th>
			<td>&nbsp;Da</td>
		</tr>
	</tbody>
</table>

<p>Import SUA</p>
","","","","in_stock","30/6/2017 16:03:21","30/6/2017 16:03:21","kit",""
"3494300",,"0","577","active","ro","580435","Amortizor","amortizor-580435","Amortizor pe gaz","Amortizor pe gaz","","<table border=""0"" cellpadding=""1"" cellspacing=""1"" style=""width:500px"">
	<tbody>
		<tr>
			<th scope=""row"">Parte montare</th>
			<td>&nbsp;Fata</td>
		</tr>
		<tr>
			<th scope=""row"">Pozitie montare</th>
			<td>&nbsp;Stanga/Dreapta</td>
		</tr>
		<tr>
			<th scope=""row"">Incarcat cu gaz&nbsp;</th>
			<td>&nbsp;Da</td>
		</tr>
		<tr>
			<th scope=""row"">Scut impotriva prafului</th>
			<td>&nbsp;Da</td>
		</tr>
		<tr>
			<th scope=""row"">Ajustabil</th>
			<td>&nbsp;Nu</td>
		</tr>
	</tbody>
</table>

<p>Livrare in 5-12 zile. Import SUA</p>
","","","","in_supplier_stock","3/7/2017 16:56:55","3/7/2017 16:56:55","kit",""
"3494301",,"0","580","active","ro","MEF356","Bara directie","bara-directie-mef356","Bara directie","Bara directie","","<table border=""0"" cellpadding=""1"" cellspacing=""1"" style=""width:500px"">
	<tbody>
		<tr>
			<th scope=""row"">Cod OEM</th>
			<td>&nbsp;MEOE120</td>
		</tr>
	</tbody>
</table>

<p>Livrare in 5-12 zile. Import SUA</p>
","","","","in_supplier_stock","3/7/2017 17:15:58","3/7/2017 17:15:58","kit",""
"3494302",,"0","598","active","ro","7C3Z-5484-D","Bucsa bara stabilizatoare","bucsa-bara-stabilizatoare-7c3z-5484-d","Bucsa bara stabilizatoare","Bucsa bara stabilizatoare","","<table border=""0"" cellpadding=""1"" cellspacing=""1"" style=""width:500px"">
	<tbody>
		<tr>
			<th scope=""row"">Parte montare</th>
			<td>&nbsp;Stanga/Dreapta</td>
		</tr>
		<tr>
			<th scope=""row"">Echipare autoturism</th>
			<td>&nbsp;4WD (4x4)</td>
		</tr>
		<tr>
			<th scope=""row"">&nbsp;</th>
			<td>&nbsp;</td>
		</tr>
	</tbody>
</table>

<p>Pozitia nr. 2 din imagine.</p>

<p>Livrare 6-18 zile. Import SUA</p>
","","","","in_supplier_stock","3/7/2017 18:48:56","3/7/2017 19:23:34","kit",""
"3494303",,"0","598","active","ro","8C3Z3E651D","Amortizor directie","amortizor-directie-8c3z3e651d","Amortizor directie","Amortizor directie","","<table border=""0"" cellpadding=""1"" cellspacing=""1"" style=""width:500px"">
	<tbody>
		<tr>
			<th scope=""row"">Parte montare</th>
			<td>&nbsp;Fata</td>
		</tr>
		<tr>
			<th scope=""row"">Echipare autoturism</th>
			<td>&nbsp;4WD (4x4)</td>
		</tr>
	</tbody>
</table>

<p>Pozitia nr. 10 din imagine.</p>

<p>Livrare 6-18 zile. Import SUA</p>
","","","","in_supplier_stock","3/7/2017 19:37:35","3/7/2017 19:37:35","kit",""
"3494304",,"0","598","active","ro","AC3Z3304C","Bara directie","bara-directie-ac3z3304c","Bara directie","Bara directie","","<table border=""0"" cellpadding=""1"" cellspacing=""1"" style=""width:500px"">
	<tbody>
		<tr>
			<th scope=""row"">Parte montare</th>
			<td>&nbsp;Fata, Dreapta</td>
		</tr>
		<tr>
			<th scope=""row"">Pozitie montare</th>
			<td>&nbsp;Interior</td>
		</tr>
		<tr>
			<th scope=""row"">Echipare autoturism</th>
			<td>&nbsp;4WD (4x4)</td>
		</tr>
	</tbody>
</table>

<p>Pozitia nr. 7 din imagine. Livrare 6-18 zile. Import SUA</p>
","","","","in_supplier_stock","3/7/2017 19:46:13","3/7/2017 19:46:13","kit",""
"3494305",,"0","633","active","ro","AS7055","Perna de aer","perna-de-aer-as7055","Perna de aer","Perna de aer","","<table border=""0"" cellpadding=""1"" cellspacing=""1"" style=""width:500px"">
	<tbody>
		<tr>
			<th scope=""row"">Parte montare</th>
			<td>&nbsp;Sistem suspensie</td>
		</tr>
		<tr>
			<th scope=""row"">Tip suspensie</th>
			<td>&nbsp;Suspensie Pneumatica</td>
		</tr>
	</tbody>
</table>

<p>Livrare in 5-12 zile. Import SUA</p>
","","","","in_supplier_stock","3/7/2017 20:13:50","3/7/2017 20:13:50","kit",""
"3494306",,"0","634","active","ro","1032968","Burduf planetara","burduf-planetara-1032968","Burduf planetara","Burduf planetara","","<table border=""0"" cellpadding=""1"" cellspacing=""1"" style=""width:500px"">
	<tbody>
		<tr>
			<th scope=""row"">Material</th>
			<td>&nbsp;Neopren</td>
		</tr>
	</tbody>
</table>

<p>Livrare in 5-12 zile. Import SUA</p>
","","","","in_supplier_stock","3/7/2017 20:21:21","3/7/2017 20:21:21","kit",""
"3494307",,"0","577","active","ro","46A2181A","Cap de bara","cap-de-bara-46a2181a","Cap de bara","Cap de bara","","<table border=""0"" cellpadding=""1"" cellspacing=""1"" style=""width:500px"">
	<tbody>
		<tr>
			<th scope=""row"">Parte montare</th>
			<td>&nbsp;Stanga</td>
		</tr>
		<tr>
			<th scope=""row"">Pozitie montare</th>
			<td>&nbsp;Spre exterior</td>
		</tr>
	</tbody>
</table>

<p>Livrare in 5-12 zile. Import SUA</p>
","","","","in_supplier_stock","3/7/2017 20:29:45","3/7/2017 20:33:08","kit",""
"3494308",,"0","577","active","ro","46A2182A","Cap de bara","cap-de-bara-46a2182a","Cap de bara","Cap de bara","","<table border=""0"" cellpadding=""1"" cellspacing=""1"" style=""width:500px"">
	<tbody>
		<tr>
			<th scope=""row"">Parte montare</th>
			<td>&nbsp;Dreapta</td>
		</tr>
		<tr>
			<th scope=""row"">Pozitie montare</th>
			<td>&nbsp;Spre exterior</td>
		</tr>
	</tbody>
</table>

<p>Livrare in 5-12 zile. Import SUA.</p>
","","","","in_supplier_stock","3/7/2017 20:35:26","3/7/2017 20:35:26","kit",""
"3494309",,"0","577","active","ro","36P1608","Pompa servodirectie","pompa-servodirectie-36p1608","Pompa servodirectie","Pompa servodirectie","","<table border=""0"" cellpadding=""1"" cellspacing=""1"" style=""width:500px"">
	<tbody>
		<tr>
			<th scope=""row"">Tip pompa</th>
			<td>&nbsp;Reman</td>
		</tr>
		<tr>
			<th scope=""row"">Diametru filet [mm]</th>
			<td>&nbsp;16</td>
		</tr>
		<tr>
			<th scope=""row"">Diametru evacuare [mm]</th>
			<td>&nbsp;16</td>
		</tr>
	</tbody>
</table>

<p>Livrare in 5-12 zile. Import SUA</p>
","","","","in_supplier_stock","3/7/2017 20:46:54","3/7/2017 20:47:34","kit",""
"3494310",,"0","97","active","ro","K750138","Bieleta antiruliu","bieleta-antiruliu-k750138","Bieleta antiruliu","Bieleta antiruliu","","<table border=""0"" cellpadding=""1"" cellspacing=""1"" style=""width:500px"">
	<tbody>
		<tr>
			<th scope=""row"">Parte montare</th>
			<td>&nbsp;Fata</td>
		</tr>
		<tr>
			<th scope=""row"">Parte montare</th>
			<td>&nbsp;Stanga/Dreapta</td>
		</tr>
	</tbody>
</table>

<p>Livrare in 5-12 zile. Import SUA</p>
","","","","in_supplier_stock","3/7/2017 20:55:12","3/7/2017 20:55:12","kit",""
"3494311",,"0","580","active","ro","ASH23368","Amortizor pe gaz","amortizor-pe-gaz-ash23368","Amortizor pe gaz","Amortizor pe gaz","","<p>Livrare in 5-12 zile. Import SUA</p>

<table border=""0"" cellpadding=""1"" cellspacing=""1"" style=""width:500px"">
	<tbody>
		<tr>
			<th scope=""row"">Parte montare</th>
			<td>&nbsp;Spate</td>
		</tr>
		<tr>
			<th scope=""row"">Incarcat cu gaz</th>
			<td>&nbsp;Da</td>
		</tr>
		<tr>
			<th scope=""row"">Echipare autoturism&nbsp;</th>
			<td>&nbsp;4WD (4x4)</td>
		</tr>
	</tbody>
</table>

<p>&nbsp;</p>
","","","","in_supplier_stock","3/7/2017 21:06:00","3/7/2017 21:06:00","kit",""
"3494312",,"0","580","active","ro","ASH339","Amortizor pe gaz","amortizor-pe-gaz-ash339","Amortizor pe gaz","Amortizor pe gaz","","<table border=""0"" cellpadding=""1"" cellspacing=""1"" style=""width:500px"">
	<tbody>
		<tr>
			<th scope=""row"">Parte montare</th>
			<td>&nbsp;Fata</td>
		</tr>
		<tr>
			<th scope=""row"">Incarcat cu gaz</th>
			<td>&nbsp;Da</td>
		</tr>
		<tr>
			<th scope=""row"">Echipare autoturism</th>
			<td>&nbsp;4WD (4x4)</td>
		</tr>
	</tbody>
</table>

<p>Livrare in 5-12 zile. Import SUA</p>
","","","","in_supplier_stock","3/7/2017 21:08:32","3/7/2017 21:08:32","kit",""
"3494313",,"0","580","active","ro","BRS180","Simering roata","simering-roata-brs180","Simering roata","Simering roata","","<table border=""0"" cellpadding=""1"" cellspacing=""1"" style=""width:500px"">
	<tbody>
		<tr>
			<th scope=""row"">Parte montare</th>
			<td>&nbsp;Spate</td>
		</tr>
		<tr>
			<th scope=""row"">Pozitie montare</th>
			<td>&nbsp;Spre interior</td>
		</tr>
	</tbody>
</table>

<p>Livrare in 5-12 zile. Import SUA</p>
","","","","in_supplier_stock","3/7/2017 21:12:28","3/7/2017 21:12:28","kit",""
"3494314",,"0","580","active","ro","MEF368","Cap de bara","cap-de-bara-mef368","Cap de bara","Cap de bara","","<table border=""0"" cellpadding=""1"" cellspacing=""1"" style=""width:500px"">
	<tbody>
		<tr>
			<th scope=""row"">Parte montare</th>
			<td>&nbsp;Dreapta</td>
		</tr>
		<tr>
			<th scope=""row"">Pozitie montare</th>
			<td>&nbsp;Spre exterior</td>
		</tr>
		<tr>
			<th scope=""row"">Echipare autoturism</th>
			<td>&nbsp;4WD (4x4)</td>
		</tr>
	</tbody>
</table>

<p>&nbsp;</p>
","","","","in_stock","3/7/2017 21:15:27","20/7/2017 16:01:59","kit",""
"3494315",,"0","635","active","ro","USA21498","Planetara","planetara-usa21498","Planetara","Planetara","","<table border=""0"" cellpadding=""1"" cellspacing=""1"" style=""width:500px"">
	<tbody>
		<tr>
			<th scope=""row"">Material</th>
			<td>&nbsp;Aliaj</td>
		</tr>
		<tr>
			<th scope=""row"">Lungime tija [mm]</th>
			<td>&nbsp;809.49</td>
		</tr>
		<tr>
			<th scope=""row"">Nituri</th>
			<td>&nbsp;5</td>
		</tr>
		<tr>
			<th scope=""row"">Diametru rulment [mm]</th>
			<td>&nbsp;41.14</td>
		</tr>
		<tr>
			<th scope=""row"">Nr. spline</th>
			<td>&nbsp;28</td>
		</tr>
	</tbody>
</table>

<p>Livrre 5-12 zile. Import SUA</p>
","","","","in_supplier_stock","5/7/2017 16:14:46","5/7/2017 16:18:49","kit",""
"3494316",,"0","635","active","ro","USA21497","Planetara","planetara-usa21497","Planetara","Planetara","","<table border=""0"" cellpadding=""1"" cellspacing=""1"" style=""width:500px"">
	<tbody>
		<tr>
			<th scope=""row"">Material</th>
			<td>&nbsp;Aliaj</td>
		</tr>
		<tr>
			<th scope=""row"">Lungime tija [mm]</th>
			<td>&nbsp;834.89</td>
		</tr>
		<tr>
			<th scope=""row"">Nr. nituri</th>
			<td>&nbsp;5</td>
		</tr>
		<tr>
			<th scope=""row"">Diametru rulment [mm]</th>
			<td>&nbsp;41.14</td>
		</tr>
		<tr>
			<th scope=""row"">Nr. spline</th>
			<td>&nbsp;28</td>
		</tr>
	</tbody>
</table>

<p>Livrare 5-12 zile. Import SUA</p>
","","","","in_supplier_stock","5/7/2017 16:23:05","5/7/2017 16:23:05","kit",""
"3494317",,"0","68","active","ro","EX836000","Pompa combustibil diesel","pompa-combustibil-diesel-ex836000","Pompa combustibil diesel","Pompa combustibil diesel","","<table border=""0"" cellpadding=""1"" cellspacing=""1"" style=""width:500px"">
	<tbody>
		<tr>
			<th scope=""row"">Tip combustibil</th>
			<td>&nbsp;Diesel</td>
		</tr>
	</tbody>
</table>

<p>Livrare 5-12 zile. Import SUA</p>
","","","","in_supplier_stock","5/7/2017 16:36:53","5/7/2017 16:36:53","kit",""
"3494318",,"0","31","active","ro","32404","Amortizor pe gaz","amortizor-pe-gaz-32404","Amortizor pe gaz","Amortizor pe gaz","","<table border=""0"" cellpadding=""1"" cellspacing=""1"" style=""width:500px"">
	<tbody>
		<tr>
			<th scope=""row"">Lungime amortizor presat [mm]</th>
			<td>&nbsp;399.28</td>
		</tr>
		<tr>
			<th scope=""row"">Lungime amortizor extins [mm]</th>
			<td>&nbsp;626.87</td>
		</tr>
		<tr>
			<th scope=""row"">Deschidere amortizor [mm]</th>
			<td>&nbsp;227.58</td>
		</tr>
		<tr>
			<th scope=""row"">Incarcat cu gaz&nbsp;</th>
			<td>&nbsp;Da</td>
		</tr>
		<tr>
			<th scope=""row"">Scut impotriva prafului</th>
			<td>&nbsp;Da</td>
		</tr>
	</tbody>
</table>

<p>Livrare 5-12 zile. Import SUA</p>
","","","","in_supplier_stock","5/7/2017 17:05:59","5/7/2017 17:05:59","kit",""
"3494319",,"0","577","active","ro","46G0101A","Bieleta antiruliu","bieleta-antiruliu-46g0101a","Bieleta antiruliu","Bieleta antiruliu","","<table border=""0"" cellpadding=""1"" cellspacing=""1"" style=""width:500px"">
	<tbody>
		<tr>
			<th scope=""row"">Parte montare</th>
			<td>&nbsp;Fata</td>
		</tr>
		<tr>
			<th scope=""row"">Parte montare</th>
			<td>&nbsp;Stanga/Dreapta</td>
		</tr>
	</tbody>
</table>

<p>Livrare 5-12 zile. Import SUA</p>
","","","","in_supplier_stock","5/7/2017 17:13:37","5/7/2017 17:13:37","kit",""
"3494320",,"0","636","active","ro","C223K1","Kit garnituri motor","kit-garnituri-motor-c223k1","Kit garnituri motor","Kit garnituri motor","","<table border=""0"" cellpadding=""1"" cellspacing=""1"" style=""width:500px"">
	<tbody>
		<tr>
			<th scope=""row"">Componenta 1</th>
			<td>&nbsp;Set garnitura de chiulasa</td>
		</tr>
		<tr>
			<th scope=""row"">Componenta 2</th>
			<td>&nbsp;Set garnituri inferioare</td>
		</tr>
	</tbody>
</table>

<p>Livrare 5-12 zile. Import SUA</p>
","","","","in_supplier_stock","5/7/2017 17:28:26","5/7/2017 17:28:26","kit",""
"3494321",,"0","577","active","ro","1580698","Elice ventilator radiator","elice-ventilator-radiator-1580698","Elice ventilator radiator","Elice ventilator radiator","","<table border=""0"" cellpadding=""1"" cellspacing=""1"" style=""width:500px"">
	<tbody>
		<tr>
			<th scope=""row"">Material</th>
			<td>&nbsp;Nylon</td>
		</tr>
		<tr>
			<th scope=""row"">Rotatie</th>
			<td>&nbsp;In sensul acelor de ceas</td>
		</tr>
		<tr>
			<th scope=""row"">Palete flexibile</th>
			<td>&nbsp;Da</td>
		</tr>
		<tr>
			<th scope=""row"">Nr. palete</th>
			<td>&nbsp;8</td>
		</tr>
		<tr>
			<th scope=""row"">Culoare</th>
			<td>&nbsp;Natural</td>
		</tr>
	</tbody>
</table>

<p>Livrare 5-12 zile. Import SUA</p>
","","","","in_supplier_stock","5/7/2017 17:49:32","5/7/2017 17:49:32","kit",""
"3494322",,"0","591","active","ro","661235","Planetara","planetara-661235","Planetara","Planetara","","<table border=""0"" cellpadding=""1"" cellspacing=""1"" style=""width:500px"">
	<tbody>
		<tr>
			<th scope=""row"">Material burduf</th>
			<td>&nbsp;Neopren</td>
		</tr>
	</tbody>
</table>

<p>Livrare 5-12 zile. Import SUA</p>
","","","","in_supplier_stock","5/7/2017 17:56:04","5/7/2017 17:56:04","kit",""
"3494323",,"0","565","active","ro","SP6025M","Pompa combustibil","pompa-combustibil-sp6025m","Pompa combustibil","Pompa combustibil","","<table border=""0"" cellpadding=""1"" cellspacing=""1"" style=""width:500px"">
	<tbody>
		<tr>
			<th scope=""row"">Presiune minima [PSI]</th>
			<td>&nbsp;120</td>
		</tr>
		<tr>
			<th scope=""row"">Diametru orificiu emisie [mm]</th>
			<td>&nbsp;9.52</td>
		</tr>
		<tr>
			<th scope=""row"">Diametru orificiu admisie [mm]</th>
			<td>&nbsp;7.93</td>
		</tr>
		<tr>
			<th scope=""row"">Rezistenta pompa goala [Ohm]</th>
			<td>&nbsp;250</td>
		</tr>
		<tr>
			<th scope=""row"">Rezistenta pompa plina [Ohm]</th>
			<td>&nbsp;40</td>
		</tr>
		<tr>
			<th scope=""row"">Garnituri incluse</th>
			<td>&nbsp;Da</td>
		</tr>
	</tbody>
</table>

<p>Livrare 5-12 zile. Import SUA</p>
","","","","in_supplier_stock","5/7/2017 18:09:39","5/7/2017 18:09:39","kit",""
"3494324",,"0","565","active","ro","SP6027M","Pompa combustibil","pompa-combustibil-sp6027m","Pompa combustibil","Pompa combustibil","","<table border=""0"" cellpadding=""1"" cellspacing=""1"" style=""width:500px"">
	<tbody>
		<tr>
			<th scope=""row"">Presiune maxima [PSI]</th>
			<td>&nbsp;130</td>
		</tr>
		<tr>
			<th scope=""row"">Rezistenta pompa goala [Ohm]</th>
			<td>&nbsp;250</td>
		</tr>
		<tr>
			<th scope=""row"">Rezistenta pompa plina [Ohm]</th>
			<td>&nbsp;40</td>
		</tr>
		<tr>
			<th scope=""row"">Diametru orificiu admisie [mm]</th>
			<td>&nbsp;7.93</td>
		</tr>
		<tr>
			<th scope=""row"">Diametru orificiu emisie [mm]</th>
			<td>&nbsp;9.52</td>
		</tr>
	</tbody>
</table>

<p>Livrare in 5-12 zile. Import SUA</p>
","","","","in_supplier_stock","5/7/2017 18:31:28","5/7/2017 18:31:28","kit",""
"3494325",,"0","577","active","ro","15854941","Tampon motor","tampon-motor-15854941","Tampon motor","Tampon motor","","<table border=""0"" cellpadding=""1"" cellspacing=""1"" style=""width:500px"">
	<tbody>
		<tr>
			<th scope=""row"">Culoare bucsa</th>
			<td>&nbsp;Negru</td>
		</tr>
		<tr>
			<th scope=""row"">Culoare carcasa</th>
			<td>&nbsp;Negru</td>
		</tr>
		<tr>
			<th scope=""row"">Material tampon</th>
			<td>&nbsp;Cauciuc si otel</td>
		</tr>
		<tr>
			<th scope=""row"">Material bucsa</th>
			<td>&nbsp;Cauciuc</td>
		</tr>
		<tr>
			<th scope=""row"">Diametru orificiu tampon [mm]</th>
			<td>&nbsp;10</td>
		</tr>
		<tr>
			<th scope=""row"">Diametru filet [mm]</th>
			<td>&nbsp;0.059</td>
		</tr>
		<tr>
			<th scope=""row"">Tip</th>
			<td>&nbsp;Hidraulic</td>
		</tr>
	</tbody>
</table>

<p>Livrare in 5-12 zile. Import SUA</p>
","","","","in_supplier_stock","5/7/2017 20:08:13","5/7/2017 20:08:13","kit",""
"3494326",,"0","577","active","ro","24241784","Lamela transmisie","lamela-transmisie-24241784","Lamela transmisie","Lamela transmisie","","<table border=""0"" cellpadding=""1"" cellspacing=""1"" style=""width:500px"">
	<tbody>
		<tr>
			<th scope=""row"">Parte montare</th>
			<td>&nbsp;Transmisie</td>
		</tr>
	</tbody>
</table>

<p>Livrare in 5-12 zile. Import SUA</p>
","","","","in_supplier_stock","5/7/2017 20:13:13","5/7/2017 20:13:13","kit",""
"3494327",,"0","615","active","ro","FF1158","Filtru combustibil","filtru-combustibil-ff1158","Filtru combustibil","Filtru combustibil","","<table border=""0"" cellpadding=""1"" cellspacing=""1"" style=""width:500px"">
	<tbody>
		<tr>
			<th scope=""row"">Tip filtru</th>
			<td>&nbsp;Cartus</td>
		</tr>
		<tr>
			<th scope=""row"">Inaltime [mm]</th>
			<td>&nbsp;79</td>
		</tr>
		<tr>
			<th scope=""row"">Diametru exterior superior [mm]</th>
			<td>&nbsp;95&nbsp;</td>
		</tr>
		<tr>
			<th scope=""row"">Diametru exterior interior [mm]</th>
			<td>&nbsp;41</td>
		</tr>
	</tbody>
</table>

<p>Livrare 5-12 zile. Import SUA</p>
","","","","in_supplier_stock","5/7/2017 20:20:17","5/7/2017 20:20:17","kit",""
"3494328",,"0","637","active","ro","6289","Amortizor haion","amortizor-haion-6289","Amortizor haion","Amortizor haion","","<table border=""0"" cellpadding=""1"" cellspacing=""1"" style=""width:500px"">
	<tbody>
		<tr>
			<th scope=""row"">Lungime amortizor extins [mm]</th>
			<td>&nbsp;635</td>
		</tr>
		<tr>
			<th scope=""row"">Lungime amortizor presat [mm]</th>
			<td>&nbsp;406.4</td>
		</tr>
		<tr>
			<th scope=""row"">Deschidere amortizor [mm]</th>
			<td>&nbsp;228.6</td>
		</tr>
		<tr>
			<th scope=""row"">Diametru tija [mm]</th>
			<td>&nbsp;8</td>
		</tr>
		<tr>
			<th scope=""row"">Diametru corp [mm]</th>
			<td>&nbsp;18</td>
		</tr>
	</tbody>
</table>

<p>Import SUA</p>
","","","","in_stock","5/7/2017 20:53:13","5/7/2017 20:53:13","kit",""
"3494329",,"0","598","active","ro","9R3Z3280B","Bieleta directie","bieleta-directie-9r3z3280b","Bieleta directie","Bieleta directie","","<table border=""0"" cellpadding=""1"" cellspacing=""1"" style=""width:500px"">
	<tbody>
		<tr>
			<th scope=""row"">Parte montare</th>
			<td>&nbsp;Stanga/Dreapta</td>
		</tr>
		<tr>
			<th scope=""row"">Pozitie montare</th>
			<td>&nbsp;Spre interior</td>
		</tr>
	</tbody>
</table>

<p>Pozitia nr. 3 din imagine.</p>

<p>Livrare 5-12 zile. Import SUA</p>
","","","","in_supplier_stock","6/7/2017 15:51:55","6/7/2017 15:53:42","kit",""
"3494330",,"0","598","active","ro","DR3Z3A130A","Cap de bara","cap-de-bara-dr3z3a130a","Cap de bara","Cap de bara","","<table border=""0"" cellpadding=""1"" cellspacing=""1"" style=""width:500px"">
	<tbody>
		<tr>
			<th scope=""row"">Parte montare</th>
			<td>&nbsp;Stanga/Dreapta</td>
		</tr>
		<tr>
			<th scope=""row"">Pozitie montare</th>
			<td>&nbsp;Exterior</td>
		</tr>
	</tbody>
</table>

<p>Pozitia nr. 1 din imagine.</p>

<p>Livrare 5-12 zile. Import SUA</p>
","","","","in_supplier_stock","6/7/2017 16:02:05","6/7/2017 16:02:05","kit",""
"3494331",,"0","579","active","ro","917037","Bucsa tampon transmisie","bucsa-tampon-transmisie-917037","Bucsa tampon transmisie","Bucsa tampon transmisie","","<table border=""0"" cellpadding=""1"" cellspacing=""1"" style=""width:500px"">
	<tbody>
		<tr>
			<th scope=""row"">Culoare</th>
			<td>&nbsp;Natural</td>
		</tr>
		<tr>
			<th scope=""row"">Material</th>
			<td>&nbsp;Cauciuc</td>
		</tr>
	</tbody>
</table>

<p>Livrare 5-12 zile. Import SUA</p>
","","","","in_supplier_stock","6/7/2017 16:14:06","6/7/2017 16:14:06","kit",""
"3494332",,"0","121","active","ro","WA10315","Filtru aer","filtru-aer-wa10315","Filtru aer","Filtru aer","","<table border=""0"" cellpadding=""1"" cellspacing=""1"" style=""width:500px"">
	<tbody>
		<tr>
			<th scope=""row"">Tip filtru</th>
			<td>&nbsp;Panou</td>
		</tr>
		<tr>
			<th scope=""row"">Lungime [mm]</th>
			<td>&nbsp;260</td>
		</tr>
		<tr>
			<th scope=""row"">Latime [mm]</th>
			<td>&nbsp;286 &nbsp;</td>
		</tr>
		<tr>
			<th scope=""row"">Grosime [mm]</th>
			<td>&nbsp;58</td>
		</tr>
	</tbody>
</table>

<p>Livrare in 5-12 zile. Import SUA</p>
","","","","in_supplier_stock","6/7/2017 16:22:29","6/7/2017 16:22:29","kit",""
"3494333",,"0","638","active","ro","753067","Set complet garnituri","set-complet-garnituri-753067","Set complet garnituri","Set complet garnituri","","<table border=""0"" cellpadding=""1"" cellspacing=""1"" style=""width:500px"">
	<tbody>
		<tr>
			<th scope=""row"">Contine</th>
			<td>&nbsp;Kit complet reparatie CV automata&nbsp;</td>
		</tr>
	</tbody>
</table>

<p>&nbsp;</p>

<p>&nbsp;</p>
","","","","in_stock","6/7/2017 16:32:28","19/10/2017 15:25:44","kit",""
"3494376",,"0","636","active","ro","C43C1","Set garnituri motor ","set-garnituri-motor-c43c1","Set garnituri motor ","motor, garnitura, garnituri, set garnituri motor, chiulasa, set garnitura chiulasa, kit garnituri motor ","","<table border=""1"" cellpadding=""1"" cellspacing=""1"" style=""width:500px"">
	<tbody>
		<tr>
			<th scope=""row"">Producator&nbsp;</th>
			<td>Enginetech (Full set)</td>
		</tr>
		<tr>
			<th scope=""row"">Proiectat in&nbsp;</th>
			<td>Usa&nbsp;</td>
		</tr>
		<tr>
			<th scope=""row"">Made in&nbsp;</th>
			<td>India</td>
		</tr>
	</tbody>
</table>

<p>&nbsp;</p>
","Set garnituri motor ","","","in_stock","19/10/2017 16:58:13","19/10/2017 16:58:13","kit",""
"3494588",,"0","636","active","ro","BB155J","Rulment biela","rulment-biela-bb155j","Rulment biela","Rulment biela","","<table border=""0"" cellpadding=""1"" cellspacing=""1"" style=""width:500px"">
	<tbody>
		<tr>
			<th scope=""row"">Parte montare</th>
			<td>&nbsp;Biela</td>
		</tr>
		<tr>
			<th scope=""row"">Unitate de masura</th>
			<td>&nbsp;Set</td>
		</tr>
		<tr>
			<th scope=""row"">Nr. buc.</th>
			<td>&nbsp;6</td>
		</tr>
	</tbody>
</table>

<p>Import SUA</p>
","","","","in_stock","9/1/2020 13:35:43","9/1/2020 13:35:43","kit",""
"3494335",,"0","580","active","ro","SWE2073A","Senzor lampa stop","senzor-lampa-stop-swe2073a","Senzor lampa stop","Senzor lampa stop","","<table border=""0"" cellpadding=""1"" cellspacing=""1"" style=""width:500px"">
	<tbody>
		<tr>
			<th scope=""row"">Cod OEM</th>
			<td>&nbsp;B00166490B, E8GY13480B, J14B475YGA, YF2105F4</td>
		</tr>
	</tbody>
</table>

<p>Livrare in 5-12 zile. Import SUA</p>
","","","","in_supplier_stock","6/7/2017 16:45:55","6/7/2017 16:45:55","kit",""
"3494336",,"0","580","active","ro","MEF200","Bieleta antiruliu","bieleta-antiruliu-mef200","Bieleta antiruliu","Bieleta antiruliu","","<table border=""0"" cellpadding=""1"" cellspacing=""1"" style=""width:500px"">
	<tbody>
		<tr>
			<th scope=""row"">Parte montare</th>
			<td>&nbsp;Fata</td>
		</tr>
		<tr>
			<th scope=""row"">Pozitie montare</th>
			<td>&nbsp;Stanga/Dreapta</td>
		</tr>
	</tbody>
</table>

<p>Import SUA</p>
","","","","in_stock","6/7/2017 16:51:57","6/7/2017 16:51:57","kit",""
"3494337",,"0","590","active","ro","FO1038103","Grila proiector","grila-proiector-fo1038103","Grila proiector","Grila proiector                  ","","<table border=""0"" cellpadding=""1"" cellspacing=""1"" style=""width:500px"">
	<tbody>
		<tr>
			<th scope=""row"">Parte montare</th>
			<td>&nbsp;Fata</td>
		</tr>
		<tr>
			<th scope=""row"">Pozitie montare</th>
			<td>&nbsp;Stanga</td>
		</tr>
	</tbody>
</table>

<p>Livrare 5-12 zile. Import SUA</p>
","","","","in_supplier_stock","10/7/2017 15:57:25","10/7/2017 15:57:25","kit",""
"3494338",,"0","577","active","ro","A3076C","Filtru aer","filtru-aer-a3076c","Filtru aer","Filtru aer","","<table border=""0"" cellpadding=""1"" cellspacing=""1"" style=""width:500px"">
	<tbody>
		<tr>
			<th scope=""row"">Tip filtru</th>
			<td>&nbsp;Panou</td>
		</tr>
		<tr>
			<th scope=""row"">Lungime [mm]</th>
			<td>&nbsp;372</td>
		</tr>
		<tr>
			<th scope=""row"">Latime [mm]</th>
			<td>&nbsp;242</td>
		</tr>
		<tr>
			<th scope=""row"">Grosime [mm]</th>
			<td>&nbsp;30</td>
		</tr>
	</tbody>
</table>

<p>Livrare 5-12 zile. Import SUA.</p>
","","","","in_supplier_stock","10/7/2017 18:51:31","10/7/2017 18:51:31","kit",""
"3494339",,"0","580","active","ro","FL2058","Filtru ulei","filtru-ulei-fl2058","Filtru ulei","Filtru ulei","","<p>Livrare in 5-12 zile. Import SUA</p>
","","","","in_supplier_stock","10/7/2017 19:05:04","10/7/2017 19:05:04","kit",""
"3494340",,"0","577","active","ro","45G20694","Bieleta antiruliu","bieleta-antiruliu-46g20694","Bieleta antiruliu","Bieleta antiruliu","","<table border=""0"" cellpadding=""1"" cellspacing=""1"" style=""width:500px"">
	<tbody>
		<tr>
			<th scope=""row"">Parte montare</th>
			<td>&nbsp;Spate</td>
		</tr>
	</tbody>
</table>

<p>Import SUA</p>
","","","","in_stock","11/7/2017 17:57:15","21/8/2018 21:22:29","kit",""
"3494342",,"0","631","active","ro","FG25","Garnitura baie ulei","garnitura-baie-ulei-fg25","Garnitura baie ulei","Garnitura baie ulei","","<p>Import SUA</p>
","","","","in_stock","11/7/2017 18:21:01","11/7/2017 18:21:01","kit",""
"3494443",,"0","577","active","ro","2134223","Senzor pozitie axa cu came","senzor-pozitie-axa-cu-came-2134223","Senzor pozitie axa cu came","Senzor pozitie axa cu came","","<table border=""0"" cellpadding=""1"" cellspacing=""1"" style=""width:500px"">
	<tbody>
		<tr>
			<th scope=""row"">Parte montare</th>
			<td>&nbsp;Axa cu came</td>
		</tr>
		<tr>
			<th scope=""row"">Tip terminal</th>
			<td>&nbsp;Lamela</td>
		</tr>
		<tr>
			<th scope=""row"">&nbsp;</th>
			<td>&nbsp;</td>
		</tr>
	</tbody>
</table>

<p>Import SUA</p>
","","","","in_stock","8/2/2018 19:13:18","8/2/2018 19:13:18","kit",""
"3494440",,"0","577","active","ro","25792626","Pompa spalator parbriz","pompa-spalator-parbriz-25792626","Pompa spalator parbriz","Pompa spalator parbriz","","<table border=""0"" cellpadding=""1"" cellspacing=""1"" style=""width:500px"">
	<tbody>
		<tr>
			<th scope=""row"">Parte montare</th>
			<td>&nbsp;Fata</td>
		</tr>
		<tr>
			<th scope=""row"">&nbsp;</th>
			<td>&nbsp;</td>
		</tr>
		<tr>
			<th scope=""row"">&nbsp;</th>
			<td>&nbsp;</td>
		</tr>
	</tbody>
</table>

<p>Import SUA</p>
","","","","","7/2/2018 23:13:31","8/2/2018 19:05:30","kit",""
"3494343",,"0","39","active","ro","SCD1464","Placute frana","placute-frana-scd1464","Placute frana","Placute frana","","<table border=""0"" cellpadding=""1"" cellspacing=""1"" style=""width:500px"">
	<tbody>
		<tr>
			<th scope=""row"">Parte montare</th>
			<td>&nbsp;Fata</td>
		</tr>
		<tr>
			<th scope=""row"">Lungime [mm]</th>
			<td>&nbsp;162.6</td>
		</tr>
		<tr>
			<th scope=""row"">Latime [mm]</th>
			<td>&nbsp;54.4</td>
		</tr>
		<tr>
			<th scope=""row"">Grosime [mm]</th>
			<td>&nbsp;16.7</td>
		</tr>
	</tbody>
</table>

<p>Import SUA</p>
","","","","in_stock","11/7/2017 19:49:32","11/7/2017 19:49:32","kit",""
"3494344",,"0","39","active","ro","SCD1465","Placute frana","placute-frana-scd1465","Placute frana","placute frana","","<table border=""0"" cellpadding=""1"" cellspacing=""1"" style=""width:500px"">
	<tbody>
		<tr>
			<th scope=""row"">Parte montare</th>
			<td>&nbsp;Spate</td>
		</tr>
		<tr>
			<th scope=""row"">Lungime [mm]</th>
			<td>&nbsp;112.8</td>
		</tr>
		<tr>
			<th scope=""row"">Latime [mm]</th>
			<td>&nbsp;49.1</td>
		</tr>
		<tr>
			<th scope=""row"">Grosime [mm]</th>
			<td>&nbsp;16.1</td>
		</tr>
	</tbody>
</table>

<p>Import SUA</p>
","","","","in_stock","11/7/2017 19:53:33","11/7/2017 19:53:33","kit",""
"3494345",,"0","579","active","ro","520390","Brat suspensie (Bascula)","brat-suspensie-bascula-520390","Brat suspensie (Bascula)","Brat suspensie (Bascula)","","<table border=""0"" cellpadding=""1"" cellspacing=""1"" style=""width:500px"">
	<tbody>
		<tr>
			<th scope=""row"">Parte montare</th>
			<td>&nbsp;Fata</td>
		</tr>
		<tr>
			<th scope=""row"">Parte montare</th>
			<td>&nbsp;Dreapta</td>
		</tr>
		<tr>
			<th scope=""row"">Pozitie montare</th>
			<td>&nbsp;Inferior</td>
		</tr>
	</tbody>
</table>

<p>Livrare in 5-12 zile. Import SUA</p>
","","","","in_supplier_stock","11/7/2017 20:09:54","11/7/2017 20:09:54","kit",""
"3494346",,"0","579","active","ro","520389","Brat suspensie (Bascula)","brat-suspensie-bascula-520389","Brat suspensie (Bascula)","Brat suspensie (Bascula)","","<table border=""0"" cellpadding=""1"" cellspacing=""1"" style=""width:500px"">
	<tbody>
		<tr>
			<th scope=""row"">Parte montare</th>
			<td>&nbsp;Fata</td>
		</tr>
		<tr>
			<th scope=""row"">Parte montare</th>
			<td>&nbsp;Stanga</td>
		</tr>
		<tr>
			<th scope=""row"">Pozitie montare</th>
			<td>&nbsp;Inferior</td>
		</tr>
	</tbody>
</table>

<p>Livrare 5-12 zile. Import SUA</p>
","","","","in_supplier_stock","11/7/2017 20:12:03","11/7/2017 20:12:03","kit",""
"3494348",,"0","598","active","ro","19181001","Senzor nivel combustibil","senzor-nivel-combustibil-19181001","Senzor nivel combustibil","Senzor nivel combustibil","","<p>Produs original.</p>

<p>Pozitia nr. 19 din imagine.</p>

<p>Livrare 6-18 zile. Import SUA</p>
","","","","in_supplier_stock","11/7/2017 20:27:16","11/7/2017 20:27:52","kit",""
"3494485",,"0","27","active","ro","CO34758","Carcasa termostat","carcasa-termostat-gates-co34758","Carcasa termostat","Carcasa termostat","Carcasa termostat","<table cellpadding=""1"" cellspacing=""1"" style=""width:500px"">
	<tbody>
		<tr>
			<th scope=""row"">Parte montare</th>
			<td>&nbsp;sistem racire motor</td>
		</tr>
		<tr>
			<th scope=""row"">Material</th>
			<td>&nbsp;plastic</td>
		</tr>
		<tr>
			<th scope=""row"">Componente</th>
			<td>&nbsp;carcasa sup+carcasa inf+ termostat</td>
		</tr>
	</tbody>
</table>

<p>&nbsp;</p>
","","no","no","in_stock","17/5/2018 20:10:47","17/5/2018 20:27:10","newAMPart","CO34758"
"3494350",,"0","588","active","ro","BL3Z4676A","Simering diferential","simering-diferential-bl3z4676a","Simering diferential","Simering diferential","","<p>Import SUA origine.</p>

<p>Pozitia 14.</p>
","","","","in_stock","11/7/2017 20:58:27","11/7/2017 20:58:27","kit",""
"3494351",,"0","580","active","ro","BT86","Intinzator curea","intinzator-curea-bt86","Intinzator curea","Intinzator curea","","<table border=""0"" cellpadding=""1"" cellspacing=""1"" style=""width:500px"">
	<tbody>
		<tr>
			<th scope=""row"">Material</th>
			<td>&nbsp;Otel si cauciuc</td>
		</tr>
	</tbody>
</table>

<p>Import SUA</p>

<p>&nbsp;</p>
","","","","in_stock","12/7/2017 18:22:27","12/7/2017 18:22:27","kit",""
"3494352",,"0","39","active","ro","PRT5658","Disc frana","disc-frana-prt5658","Disc frana","Disc frana","","<table border=""0"" cellpadding=""1"" cellspacing=""1"" style=""width:500px"">
	<tbody>
		<tr>
			<th scope=""row"">Parte montare</th>
			<td>&nbsp;Fata</td>
		</tr>
		<tr>
			<th scope=""row"">Diametru exterior [mm]</th>
			<td>&nbsp;316</td>
		</tr>
		<tr>
			<th scope=""row"">Grosime [mm]</th>
			<td>&nbsp;30</td>
		</tr>
		<tr>
			<th scope=""row"">Inaltime [mm]</th>
			<td>&nbsp;48</td>
		</tr>
	</tbody>
</table>

<p>Import SUA</p>
","","","","in_supplier_stock","12/7/2017 18:44:02","12/7/2017 18:44:02","kit",""
"3494353",,"0","39","active","ro","PRT5653","Disc frana","disc-frana-prt5653","Disc frana","Disc frana","","<table border=""0"" cellpadding=""1"" cellspacing=""1"" style=""width:500px"">
	<tbody>
		<tr>
			<th scope=""row"">Parte montare</th>
			<td>&nbsp;Spate</td>
		</tr>
		<tr>
			<th scope=""row"">Diametru exterior [mm]</th>
			<td>&nbsp;300</td>
		</tr>
		<tr>
			<th scope=""row"">Grosime [mm]</th>
			<td>&nbsp;19</td>
		</tr>
		<tr>
			<th scope=""row"">Inaltime [mm]</th>
			<td>&nbsp;35</td>
		</tr>
	</tbody>
</table>

<p>Import SUA</p>
","","","","in_stock","12/7/2017 18:53:19","12/7/2017 18:53:19","kit",""
"3494354",,"0","580","active","ro","ASH12230","Amortizor pe gaz","amortizor-pe-gaz-ash12230","Amortizor pe gaz","Amortizor pe gaz","","<table border=""0"" cellpadding=""1"" cellspacing=""1"" style=""width:500px"">
	<tbody>
		<tr>
			<th scope=""row"">Parte montare</th>
			<td>&nbsp;Spate</td>
		</tr>
		<tr>
			<th scope=""row"">Incarcat cu gaz</th>
			<td>&nbsp;Da</td>
		</tr>
	</tbody>
</table>

<p>Livrare 5-12 zile. Import SUA</p>
","","","","in_supplier_stock","12/7/2017 19:52:34","12/7/2017 19:52:34","kit",""
"3494355",,"0","589","active","ro","12585310","Curea servodirectie","curea-servodirectie-12585310","Curea servodirectie","Curea servodirectie","","<table border=""0"" cellpadding=""1"" cellspacing=""1"" style=""width:500px"">
	<tbody>
		<tr>
			<th scope=""row"">Material</th>
			<td>&nbsp;Cauciuc</td>
		</tr>
		<tr>
			<th scope=""row"">Caneluri</th>
			<td>&nbsp;3</td>
		</tr>
	</tbody>
</table>

<p>Pozitia nr. 4 din imagine.</p>

<p>Livrare 6-18 zile. Produs original. Import SUA.</p>
","","","","in_supplier_stock","12/7/2017 20:02:00","12/7/2017 20:02:36","kit",""
"3494356",,"0","580","active","ro","SP442","Bujie aprindere","bujie-aprindere-sp442","Bujie aprindere","Bujie aprindere","","<table border=""0"" cellpadding=""1"" cellspacing=""1"" style=""width:500px"">
	<tbody>
		<tr>
			<th scope=""row"">Material</th>
			<td>&nbsp;Cupru</td>
		</tr>
	</tbody>
</table>

<p>Import SUA</p>
","","","","in_stock","12/7/2017 20:25:08","12/7/2017 20:25:08","kit",""
"3494357",,"0","598","active","ro","88963599","Bucsa diferential","bucsa-diferential-88963599","Bucsa diferential","Bucsa diferential","","<table border=""0"" cellpadding=""1"" cellspacing=""1"" style=""width:500px"">
	<tbody>
		<tr>
			<th scope=""row"">Parte montare</th>
			<td>&nbsp;Diferential</td>
		</tr>
	</tbody>
</table>

<p>Pozitia nr. 7.</p>

<p>Livrare 6-18 zile. Import SUA</p>
","","no","no","in_stock","17/7/2017 20:56:04","17/7/2017 20:58:04","kit",""
"3494358",,"0","631","active","ro","B219","Filtru transmisie","filtru-transmisie-b219","Filtru transmisie","Filtru transmisie","","<p>Import SUA</p>
","","no","no","in_stock","20/7/2017 17:19:18","20/7/2017 17:19:18","kit",""
"3494359",,"0","487","active","ro","OS10725","Suport antibalans","suport-antibalans-ossca-os10725","Suport antibalans","Suport antibalans","Suport antibalans","<table border=""0"" cellpadding=""1"" cellspacing=""1"" style=""width:500px"">
	<tbody>
		<tr>
			<th>Partea de montare</th>
			<td>stanga spate</td>
		</tr>
	</tbody>
</table>
","","no","no","in_stock","24/7/2017 18:15:03","24/7/2017 18:50:11","newOEM",""
"3494360",,"0","577","active","ro","9748RR","Fise bujii","fise-bujii-9748rr","Fise bujii","Fise bujii","","<table border=""0"" cellpadding=""1"" cellspacing=""1"" style=""width:500px"">
	<tbody>
		<tr>
			<th scope=""row"">Tip bobina</th>
			<td>&nbsp;Bobina patrata</td>
		</tr>
		<tr>
			<th scope=""row"">Lungime [mm]</th>
			<td>&nbsp;222.3</td>
		</tr>
		<tr>
			<th scope=""row"">Diametru exterior [mm]</th>
			<td>&nbsp;7.0</td>
		</tr>
		<tr>
			<th scope=""row"">Diametru exterior izolatie [mm]</th>
			<td>&nbsp;7.0</td>
		</tr>
		<tr>
			<th scope=""row"">Material izolatie</th>
			<td>&nbsp;Silicon</td>
		</tr>
	</tbody>
</table>

<p>Import SUA</p>
","","","","in_stock","24/7/2017 18:19:52","24/7/2017 18:19:52","kit",""
"3494361",,"0","631","active","ro","B212","Filtru transmisie","filtru-transmisie-b212","Filtru transmisie","Filtru transmisie","","<p>Import SUA</p>
","","","","in_stock","24/7/2017 18:23:23","24/7/2017 18:23:23","kit",""
"3494362",,"0","199","active","ro","2716","Radiator racire lichid motor","radiator-racire-lichid-motor-2716","Radiator racire lichid motor","Radiator racire lichid motor","","<table border=""0"" cellpadding=""1"" cellspacing=""1"" style=""width:500px"">
	<tbody>
		<tr>
			<th scope=""row"">Accesorii incluse</th>
			<td>&nbsp;Clema si furtun de cauciuc</td>
		</tr>
		<tr>
			<th scope=""row"">Dimensiune margine inferioara [mm]</th>
			<td>&nbsp;58.73 x 473</td>
		</tr>
		<tr>
			<th scope=""row"">Dimensiune margine superioara [mm]</th>
			<td>&nbsp;58.73 x 473</td>
		</tr>
		<tr>
			<th scope=""row"">Material</th>
			<td>&nbsp;Plastic si aluminiu</td>
		</tr>
	</tbody>
</table>

<p>Import SUA</p>
","","no","no","in_stock","25/8/2017 20:26:20","25/8/2017 20:26:20","kit",""
"3494363",,"0","579","active","ro"," D351458","Kit reparatie etrier","kit-reparatie-etrier-dorman-d351458","Kit reparatie etrier","Kit reparatie etrier","Kit reparatie etrier","<table border=""0"" cellpadding=""1"" cellspacing=""1"" style=""width:500px"">
	<tbody>
		<tr>
			<th scope=""row"">Parte montare</th>
			<td>&nbsp;Sistem franare</td>
		</tr>
		<tr>
			<th scope=""row"">Pozitie montare</th>
			<td>&nbsp;Fata</td>
		</tr>
	</tbody>
</table>

<p>Import SUA</p>
","","no","no","in_stock","12/9/2017 15:58:27","12/9/2017 16:04:15","newOEM",""
"3494364",,"0","610","active","ro","15280","Kit reparatie etrier","kit-reparatie-etrier-15280","Kit reparatie etrier","Kit reparatie etrier","","<table border=""0"" cellpadding=""1"" cellspacing=""1"" style=""width:500px"">
	<tbody>
		<tr>
			<th scope=""row"">Parte montare</th>
			<td>&nbsp;Sistem franara</td>
		</tr>
		<tr>
			<th scope=""row"">Pozitie montare</th>
			<td>&nbsp;Spate</td>
		</tr>
	</tbody>
</table>

<p>Import SUA</p>
","","","","in_stock","12/9/2017 20:07:50","12/9/2017 20:07:50","kit",""
"3494365",,"0","610","active","ro","15263","Kit reparatie etrier","kit-reparatie-etrier-15263","Kit reparatie etrier","Kit reparatie etrier","","<table border=""0"" cellpadding=""1"" cellspacing=""1"" style=""width:500px"">
	<tbody>
		<tr>
			<th scope=""row"">Parte montare</th>
			<td>&nbsp;Sistem franare</td>
		</tr>
		<tr>
			<th scope=""row"">Pozitie montare</th>
			<td>&nbsp;Fata</td>
		</tr>
	</tbody>
</table>

<p>Import SUA</p>
","","","","in_stock","12/9/2017 20:13:30","12/9/2017 20:13:30","kit",""
"3494367",,"0","259","active","ro","TI22288","Termostat racire motor","termostat-racire-motor-ti22288","Termostat racire motor","Termostat racire motor","","<table border=""0"" cellpadding=""1"" cellspacing=""1"" style=""width:500px"">
	<tbody>
		<tr>
			<th scope=""row"">Electric</th>
			<td>&nbsp;Nu</td>
		</tr>
		<tr>
			<th scope=""row"">Orificii surburi</th>
			<td>&nbsp;2</td>
		</tr>
		<tr>
			<th scope=""row"">Simeringuri</th>
			<td>&nbsp;1</td>
		</tr>
		<tr>
			<th scope=""row"">Diametru exterior [mm]</th>
			<td>&nbsp;39.72</td>
		</tr>
		<tr>
			<th scope=""row"">Diametru interior [mm]</th>
			<td>&nbsp;32.02</td>
		</tr>
		<tr>
			<th scope=""row"">Temperatura deschidere [&ordm;C]</th>
			<td>&nbsp;88</td>
		</tr>
	</tbody>
</table>

<p>&nbsp;</p>

<p>&nbsp;</p>
","","no","no","in_stock","21/9/2017 16:49:09","21/9/2017 16:57:14","kit",""
"3494368",,"1","582","active","ro","8344","SINERGY MST 10W-40 FULL SYNTH. HIGH MILEAGE; 1Q (946mL)","sinergy-mst-10w-40-full-synth-high-mileage-1q-946ml-8344","SINERGY MST 10W-40 FULL SYNTH. HIGH MILEAGE","SINERGY MST 10W-40 FULL SYNTH. HIGH MILEAGE","","<p><strong>TRIAX Synergy MST 10W-40 Full Sintetic</strong>&nbsp;este unul din cele mai avansate uleiuri de motor existente, si reprezinta noul etalon de performanta pentru uleiurile dedicate masinilor&nbsp;cu peste 100,000 km.</p>

<p>Produsul are o chimie unica, din uleiuri de baza full sintetice ramforsate cu PAO ( Polyalphaoplephins), Combate problemele des intalnite la masinile uzate, precum probleme cu consumul, performanta, zgomotul, si ofera rezistenta maxima la contaminare cu combustibil.&nbsp;</p>

<p><strong>Contine 0.5% Molybden si Boriu - un nivel extrem de inalt pentru a oferi protectie imbatabila masinior cu uzura avansata. &nbsp;</strong></p>

<p>&nbsp;</p>

<p><strong>Beneficii</strong></p>

<table border=""1"" cellpadding=""1"" cellspacing=""1"" style=""width:500px"">
	<tbody>
		<tr>
			<td>
			<ul>
				<li>Aditivare unica specifica pentru motoare uzate.</li>
				<li>Interval de schimb extins, peste 20,000 km</li>
				<li>Protectie maxima impotriva uzurii</li>
				<li>Rezistenta termica extrema previne subtierea excesiva a uleiului la temperaturi ridicate</li>
				<li>Rezistenta superioara la contaminare</li>
				<li>Revitalizeaza garniturile si semeringurile uzate</li>
				<li>Curetare exceptionala a motorului, prevenind depunerile si curatandu-le complet pe cele vechi.</li>
				<li>Aditivare speciala cu Nitrogen previne coagularea depunerilor si a cenusei pe piese si le suspenda in filtru pana la schimb.</li>
			</ul>
			</td>
		</tr>
	</tbody>
</table>

<p><strong>Aprobari:</strong></p>

<table border=""1"" cellpadding=""1"" cellspacing=""1"" style=""width:500px"">
	<tbody>
		<tr>
			<td>
			<ul>
				<li>API SL</li>
				<li>API CF</li>
				<li>ACEA A3/B3</li>
			</ul>
			</td>
		</tr>
	</tbody>
</table>

<p><strong>Specificatii tehnice:</strong></p>

<table border=""1"" cellpadding=""1"" cellspacing=""1"">
	<tbody>
		<tr>
			<td>Clasa de vascozitate</td>
			<td>
			<p>10W-40</p>
			</td>
		</tr>
		<tr>
			<td>
			<p>Vascozitate la +40 &deg;C</p>
			</td>
			<td>
			<p>92.34 mm&sup2;/s</p>
			</td>
		</tr>
		<tr>
			<td>
			<p>Vascozitate la +100 &deg;C</p>
			</td>
			<td>
			<p>14.46 mm&sup2;/s</p>
			</td>
		</tr>
		<tr>
			<td>
			<p>Index vascozitate</p>
			</td>
			<td>
			<p>163 din ISO 2909</p>
			</td>
		</tr>
		<tr>
			<td>
			<p>Punct de aprindere</p>
			</td>
			<td>
			<p>236 &deg;C&nbsp;din ISO 2592</p>
			</td>
		</tr>
		<tr>
			<td>
			<p>Punct de curgere</p>
			</td>
			<td>
			<p>-42 &deg;C din ISO 3016</p>
			</td>
		</tr>
		<tr>
			<td>
			<p>Ash, sulphate</p>
			</td>
			<td>
			<p>0.8 g/100 g din ISO 51575</p>
			</td>
		</tr>
	</tbody>
</table>

<p>&nbsp;</p>

<p>Uleiul de motor Triax Sinergy MST 10w-40 este fabricat in Statele Unite ale Americii.</p>
","Ulei de motor Triax Sinergy MST 10w-40, Full Synthetic, High Mileage; Bidon 1 quart (946mL)","no","no","in_stock","6/10/2017 17:12:48","6/10/2017 17:12:48","",""
"3494369",,"1","582","active","ro","8343","EURO ULTRA VX 5W-30 FULL SYNTHETIC; 1Q (946mL)","euro-ultra-vx-5w-30-full-synthetic-1q-946ml-8343","EURO ULTRA VX 5W-30 FULL SYNTHETIC; 1Q (946mL)","EURO ULTRA VX 5W-30 FULL SYNTHETIC; 1Q (946mL)","","<p>TRIAX EuroSyn VX 5W-30 Diesel Full Synthetic reprezintă ultima generaţie de lubrifianţi full sintetici cu un spectru foarte larg de utilizare inclusiv motoarele Europene ultra-performante turbo diesel echipate cu twin-turbo cu filtru de particule (DPF). Produsul este formulat in intregime cu&nbsp;uleiuri de baza PAO (polyalphaolephins) Group IV sintetic, urmatorul pas peste uleiuri full sintetice obisnuite si relativ unic in piata de lubrifianti de automobile, oriunde in lume. Diferenta de performanta fata de uleiurie sintetice obisnuite, este dramatica. Toti parametrii de functionare si utilizare, intervalul de schimb, stabilitatea termica, stabilitatea vascozitatii, rezistenta peliculei la uzura si contaminare sunt mult peste uleiurile full sintetice obisnuite. In plus fata de uleiul de baza din care este formulat,&nbsp;&nbsp;acest lubrifiant conţine o nouă generaţie de aditivi, detergenti şi stabilizatori de v&acirc;scozitate polimerici introduşi &icirc;n piaţa de lubrifianţi &icirc;n 2013 ceea ce dau motoarelor o longevitate iesita din comun.</p>

<p>Formulat specific&nbsp;pentru motoare Europene turbo diesel ultra-eficiente, cu temperaturi de operare ridicate şi care au nevoie de lubrifianţi premium cu un nivel de protecţie foarte ridicat at&acirc;t pe autostradă c&acirc;t şi &icirc;n traficul din oraşe.</p>
","Ulei de motor TRIAX Euro Ultra VX 5W-30, bidon 1 Q (946mL)","no","no","in_supplier_stock","6/10/2017 17:19:32","22/6/2020 09:20:50","",""
"3494370",,"1","582","active","ro","8342","EUROSYN SRT 5W-40 TURBO DIESEL FULL SYNTHETIC; 1Q (946mL)","eurosyn-srt-5w-40-turbo-diesel-full-synthetic-1q-946ml-8342","EUROSYN SRT 5W-40 TURBO DIESEL FULL SYNTHETIC; 1Q (946mL)","EUROSYN SRT 5W-40 TURBO DIESEL FULL SYNTHETIC; 1Q (946mL)","EUROSYN SRT 5W-40 TURBO DIESEL FULL SYNTHETIC; 1Q (946mL)","<p>Ulei de motor Triax EUROSYN 5W-40 TURBO DIESEL FULL SYNTHETIC, bidon 946mL (1Quart)</p>

<p><strong>TRIAX Eurosyn 5W-40&nbsp;Turbo Diesel&nbsp;</strong>este unul dintre cele mai performante uleiuri create pentru autoturisme.&nbsp;Este un ulei full synthetic in compozitia caruia intra uleiuri de baza&nbsp;<strong>PAO</strong>&nbsp;<strong>GROUP IV</strong>. Potrivit pentru autoturisme cu&nbsp;<strong>motorizari turbo diesel</strong>, care sunt echipate cu filtru de particule. De obicei, acest tip de motor functioneaza avand temperaturi mai mari decat celelalte, fiind nevoie de un ulei care sa ofere&nbsp;<strong>protectie maxima</strong>.&nbsp;</p>

<p>Formula acestui ulei contine&nbsp;<strong>aditivi</strong>,&nbsp;<strong>detergenti</strong>&nbsp;si&nbsp;<strong>stabilizatori de vascozitate</strong>, care ajuta la&nbsp;<strong>marirea duratei de viata</strong>&nbsp;a motoarelor.</p>

<p><strong>Proprietati</strong></p>

<p>-interval de schimb mare (&nbsp;<strong>30.000 km</strong>)</p>

<p>-stabilitate termica ridicata</p>

<p>-isi pastreaza caracteristicile in timp</p>

<p>-protectie ridicata impotriva uzurii motorului</p>

<p>-reduce consumul de ulei si combustibil</p>

<p><strong>Aprobari</strong></p>

<table border=""1"" cellpadding=""1"" cellspacing=""1"">
	<tbody>
		<tr>
			<td>
			<p>API SN/CF Gasoline &amp; Turbo Diesel</p>

			<p>AACEA C2/C3-10/&nbsp;A3/B3/&nbsp;A3/B4/&nbsp;C3-08 Turbo Diesel DPF</p>

			<p>Mercedes Benz MB 229.31/229.51</p>

			<p>BMW LL-04</p>

			<p>Porsche A40</p>

			<p>Mid-SAPS</p>

			<p>VW (Gasoline)* 502.00/503.00/503.01</p>

			<p>VW (Diesel)* 505.00/505.01/506.00/507.00</p>

			<p>Mercedes Benz MB p 229.51</p>

			<p>IVECO Vehicles with DPF</p>

			<p>Ford gasoline and turbo diesel with/without DPF</p>

			<p>Peugeot/Citro&euml;n auto B71 2290</p>

			<p>Mazda</p>

			<p>Chrysler MS - 11106</p>

			<p>FIAT 9.55535-D2/ 9.55535-N2/ 9.55535-S1/&nbsp;9.55535-S2</p>
			</td>
		</tr>
	</tbody>
</table>

<p><strong>Specificatii</strong></p>

<table border=""1"" cellpadding=""1"" cellspacing=""1"">
	<tbody>
		<tr>
			<td>Clasa de vascozitate</td>
			<td>5W-40</td>
		</tr>
		<tr>
			<td>Vascozitate la +40&ordm; C</td>
			<td>87.1</td>
		</tr>
		<tr>
			<td>Vascozitate la +100&ordm; C</td>
			<td>14.50</td>
		</tr>
		<tr>
			<td>Index de vascozitate</td>
			<td>192</td>
		</tr>
		<tr>
			<td>Punct de aprindere</td>
			<td>235&ordm;</td>
		</tr>
		<tr>
			<td>Punct de scurgere</td>
			<td>-45&ordm;</td>
		</tr>
	</tbody>
</table>

<p>&nbsp;</p>

<p><strong>Uleiul de motor Triax EUROSYN 5W-40 TURBO DIESEL FULL SYNTHETIC este fabricat in SUA.</strong></p>
","Ulei de motor Triax EUROSYN 5W-40 TURBO DIESEL FULL SYNTHETIC, bidon 946mL (1Quart)","no","no","not_in_stock","6/10/2017 17:24:31","10/1/2019 18:05:53","",""
"3494371",,"1","582","active","ro","8345","PROTECTION PLUS HM 10W-40; 1Q (946 mL)","protection-plus-hm-10w-40-1q-946-ml-8345","PROTECTION PLUS HM 10W-40; 1Q (946 mL)","PROTECTION PLUS HM 10W-40; 1Q (946 mL)","PROTECTION PLUS HM 10W-40; 1Q (946 mL)","<p>TRIAX Protection Plus&nbsp;HM 10W-40 high mileage semi-sintetic este un ulei premium destinat vehiculelor diesel si benzina, cu peste 100,000 km care au uzura moderata / avansata.&nbsp;Contine pachete de aditivi conceputi pentru controlul consumului de ulei, aditivare anti uzura special pentru protectia pieselor uzate care nu mai functioneaza la nivel optim. Contine detergenti foarte performanti pentru a preveni depunerile, cenusa, arderea de ulei si depunerile de pe pistoane.&nbsp;TRIAX Protection Plus 10W-40&nbsp;contine elastomers, polymeri speciali pentru a preveni scurgerile de ulei si uscarea garniturilor, precum si regenerarea garniturilor crapate si uzate.&nbsp;</p>

<p><strong>Proprietati si Beneficii</strong></p>

<ul>
	<li>Contine un pachet de aditiv extraordinar pentru protectia si&nbsp;prelungirea vietii motoarelor uzate</li>
	<li>Utilizare Universala - Diesel si Benzina</li>
	<li>Contine Elastomers pentru a revitaliza si mentine integritatea&nbsp;garniturilor prevenind scurgerile</li>
	<li>Contine 150% aditivi anti-uzura si de detergenti fata de restul&nbsp;lubrifiantilor 10W-40 pentru autoturisme</li>
	<li>Stabilitate exceptionala a vascozitati</li>
	<li>Rezistenta ridicata la contaminare cu combustibil si gaze -&nbsp;ceea ce se intampla frecvent in motoare uzate, afectand dramaticperformanta masinii</li>
	<li>Punct de aprindere foarte ridicat pentru a preveni arderea si&nbsp;consumul de ulei</li>
	<li>Rezistenta exceptionala la temperatura prevenind evaporarea si&nbsp;dispersarea uleiului cand motorul este in sarcina</li>
	<li>Se poate amesteca cu orice tip de ulei aflat deja in baie, mineral,&nbsp;semi-sintetic sau full sintetic.</li>
</ul>

<p><strong>Specificatii</strong></p>

<table border=""0"" cellpadding=""1"" cellspacing=""1"" style=""width:500px"">
	<tbody>
		<tr>
			<td>
			<ul>
				<li>API SN / CF Gasoline &amp; Turbo Diesel light duty</li>
				<li>ACA A3, B3</li>
				<li>MB 229.3, VW 505.00, 501.00</li>
			</ul>
			</td>
		</tr>
	</tbody>
</table>

<p><strong>Uleiul TRIAX&nbsp;PROTECTION PLUS HM 10W-40 este fabricat in SUA.</strong></p>
","Ulei de motor TRIAX Protection Plus HM 10W-40 high mileage semi-sintetic, bidon 1Q (946 mL)","no","no","in_stock","6/10/2017 17:39:04","6/10/2017 17:39:04","",""
"3494372",,"0","577","active","ro","45G0425A","Bieleta antiruliu spate Ac Delco  ","bieleta-antiruliu-spate-ac-delco-45g0425a","Bieleta antiruliu spate Ac Delco  ","suspensie, sespensie directie roti, elemente suspensie, stabilizare, bieleta antiruliu ,antiruliu, ","","<table border=""0"" cellpadding=""1"" cellspacing=""1"" style=""width:500px"">
	<tbody>
		<tr>
			<th scope=""row"">Parte montare&nbsp;</th>
			<td>&nbsp;punte spate&nbsp;</td>
		</tr>
		<tr>
			<th scope=""row"">Parte montare&nbsp;</th>
			<td>stanga/dreapta&nbsp;</td>
		</tr>
		<tr>
			<th scope=""row"">Culoare bucsa&nbsp;</th>
			<td>neagra&nbsp;</td>
		</tr>
		<tr>
			<th scope=""row"">Grad incadrare&nbsp;</th>
			<td>performanta&nbsp;</td>
		</tr>
	</tbody>
</table>

<p>&nbsp;</p>
","","","","in_stock","6/10/2017 18:01:29","6/10/2017 18:08:33","kit",""
"3494373",,"0","577","active","ro","45G0002","Bieleta antiruliu ","bieleta-antiruliu-45g0002","bBeleta antiruliu fata Ac Delco ","suspensie, sespensie directie roti, elemente suspensie, stabilizare, bieleta antiruliu ,antiruliu, ","","<table border=""1"" cellpadding=""1"" cellspacing=""1"" style=""width:500px"">
	<tbody>
		<tr>
			<th scope=""row"">Parte montare&nbsp;</th>
			<td>&nbsp;punte fata&nbsp;</td>
		</tr>
		<tr>
			<th scope=""row"">Parte montare</th>
			<td>&nbsp;stg/dr&nbsp;</td>
		</tr>
		<tr>
			<th scope=""row"">&nbsp;</th>
			<td>&nbsp;</td>
		</tr>
	</tbody>
</table>

<p>&nbsp;</p>
","","","","in_stock","11/10/2017 19:39:11","11/10/2017 19:39:11","kit",""
"3494374",,"0","640","active","ro","3137","Set fise bujii","set-fise-bujii-3137","Set fise bujii","aprindere, modul aprindere, aprindere scanteie, fisa bujie , set fise bujii","","<table border=""1"" cellpadding=""1"" cellspacing=""1"" style=""width:500px"">
	<tbody>
		<tr>
			<th scope=""row"">Producator&nbsp;</th>
			<td>Federal Mogul&nbsp;</td>
		</tr>
		<tr>
			<th scope=""row"">Made in&nbsp;</th>
			<td>Mexic</td>
		</tr>
		<tr>
			<th scope=""row"">Caracteristici</th>
			<td>Terminale flexibile, miez metalic, universale&nbsp;</td>
		</tr>
	</tbody>
</table>

<p>&nbsp;</p>
","","","","in_stock","18/10/2017 16:50:54","18/10/2017 16:50:54","kit",""
"3494375",,"0","36","active","ro","9404","Bujie aprindere ","bujie-aprindere-9404","Bujie aprindere","aprindere, modul aprindere, aprindere scanteie, fisa bujie , set fise bujii, bujie , scanteie, bujie aprindere ","","<table border=""1"" cellpadding=""1"" cellspacing=""1"" style=""width:500px"">
	<tbody>
		<tr>
			<th scope=""row"">Producator&nbsp;</th>
			<td>&nbsp;Champion&nbsp;</td>
		</tr>
		<tr>
			<th scope=""row"">Maximum Performance&nbsp;</th>
			<td>&nbsp;Iridium&nbsp;</td>
		</tr>
		<tr>
			<th scope=""row"">Made in&nbsp;</th>
			<td>&nbsp;USA&nbsp;</td>
		</tr>
	</tbody>
</table>

<p>&nbsp;</p>
","","","","in_stock","18/10/2017 18:04:40","18/10/2017 18:04:40","kit",""
"3494377",,"0","577","active","ro","45A7132","Bieleta directie","bieleta-directie-45a7132","Bieleta directie","Bieleta directie","","<table border=""0"" cellpadding=""1"" cellspacing=""1"" style=""width:500px"">
	<tbody>
		<tr>
			<th scope=""row"">Parte montare</th>
			<td>&nbsp;Stanga/Dreapta</td>
		</tr>
		<tr>
			<th scope=""row"">Material</th>
			<td>&nbsp;Otel</td>
		</tr>
	</tbody>
</table>

<p>&nbsp;</p>

<p>Import SUA</p>
","","","","in_supplier_stock","23/10/2017 15:22:48","23/10/2017 15:22:48","kit",""
"3494378",,"0","577","active","ro","5101059","Amortizor capota","amortizor-capota-5101059","Amortizor capota","Amortizor pe gaz","","<table border=""0"" cellpadding=""1"" cellspacing=""1"" style=""width:500px"">
	<tbody>
		<tr>
			<th scope=""row"">Parte montare</th>
			<td>&nbsp;Capota</td>
		</tr>
		<tr>
			<th scope=""row"">Pozitie montare</th>
			<td>&nbsp;Stanga/Dreapta</td>
		</tr>
		<tr>
			<th scope=""row"">Incarcat cu gaz</th>
			<td>&nbsp;Da</td>
		</tr>
		<tr>
			<th scope=""row"">Culoare</th>
			<td>&nbsp;Negru</td>
		</tr>
	</tbody>
</table>

<p>&nbsp;</p>

<p>Import SUA.</p>
","","","","in_supplier_stock","23/10/2017 15:37:57","23/10/2017 15:44:32","kit",""
"3494379",,"0","577","active","ro","5101067","Amortizor haion","amortizor-haion-5101067","Amortizor haion","Amortizor haion","","<table border=""0"" cellpadding=""1"" cellspacing=""1"" style=""width:500px"">
	<tbody>
		<tr>
			<th scope=""row"">Parte montare</th>
			<td>&nbsp;Haion</td>
		</tr>
		<tr>
			<th scope=""row"">Pozitie montare</th>
			<td>&nbsp;Stanga/Dreapta</td>
		</tr>
		<tr>
			<th scope=""row"">Incarcat cu gaz</th>
			<td>&nbsp;Da</td>
		</tr>
		<tr>
			<th scope=""row"">Culoare&nbsp;</th>
			<td>&nbsp;Negru</td>
		</tr>
	</tbody>
</table>

<p>Import SUA.</p>
","","","","in_supplier_stock","23/10/2017 15:40:40","23/10/2017 15:40:40","kit",""
"3494380",,"0","642","active","ro","46745483","Sina macara geam lateral","sina-macara-geam-lateral-46745483","","caroserie, geam lateral, sina, macara geam, ghidare geam, ghidaj origine,origine sina macara geam, sina","","<table border=""1"" cellpadding=""1"" cellspacing=""1"" style=""width:500px"">
	<tbody>
		<tr>
			<th scope=""row"">Parte montare</th>
			<td>fata</td>
		</tr>
		<tr>
			<th scope=""row"">Parte montare</th>
			<td>stanga</td>
		</tr>
		<tr>
			<th scope=""row"">Parte montare</th>
			<td>spre spate</td>
		</tr>
	</tbody>
</table>

<p>&nbsp;</p>
","","","","in_stock","26/10/2017 15:57:13","26/10/2017 15:57:13","kit",""
"3494459",,"0","636","active","ro","P50125","Piston","piston-p50125","Piston","Piston","","<table border=""0"" cellpadding=""1"" cellspacing=""1"" style=""width:500px"">
	<tbody>
		<tr>
			<th scope=""row"">Parte montare</th>
			<td>&nbsp;Motor</td>
		</tr>
		<tr>
			<th scope=""row"">Dimensiune</th>
			<td>&nbsp;Standard</td>
		</tr>
	</tbody>
</table>

<p>Import SUA</p>
","","","","in_supplier_stock","6/3/2018 16:19:53","6/3/2018 16:54:15","kit",""
"3494460",,"0","199","active","ro","13489","Radiator lichid racire","radiator-lichid-racire-13489","Radiator lichid racire","Radiator lichid racire","","<table border=""0"" cellpadding=""1"" cellspacing=""1"" style=""width:500px"">
	<tbody>
		<tr>
			<th scope=""row"">Material</th>
			<td>&nbsp;Aluminiu, Plastic</td>
		</tr>
		<tr>
			<th scope=""row"">Dimensiune admisie [mm]</th>
			<td>&nbsp;38.1</td>
		</tr>
		<tr>
			<th scope=""row"">Dimensiune evacuare [mm]</th>
			<td>&nbsp;38.1</td>
		</tr>
	</tbody>
</table>

<p>&nbsp;</p>

<p>Import SUA</p>
","","","","in_stock","12/3/2018 19:17:38","12/3/2018 19:17:38","kit",""
"3494382",,"0","205","active","ro","710551","Simering arbore cotit","simering-arbore-cotit-710551","Simering arbore cotit","Simering arbore cotit","","<table border=""0"" cellpadding=""1"" cellspacing=""1"" style=""width:500px"">
	<tbody>
		<tr>
			<th scope=""row"">Parte montare</th>
			<td>&nbsp;Motor</td>
		</tr>
		<tr>
			<th scope=""row"">Parte montare</th>
			<td>&nbsp;Arbore cotit</td>
		</tr>
	</tbody>
</table>

<p>Import SUA</p>
","","","","in_stock","26/10/2017 17:39:22","26/10/2017 17:39:22","kit",""
"3494384",,"0","599","active","ro","30117910","Placute frana","placute-frana-30117910","Placute frana","Placute frana","","<table border=""0"" cellpadding=""1"" cellspacing=""1"" style=""width:500px"">
	<tbody>
		<tr>
			<th scope=""row"">Parte montare</th>
			<td>&nbsp;Fata</td>
		</tr>
		<tr>
			<th scope=""row"">Dimensiune disc [mm]</th>
			<td>&nbsp;320</td>
		</tr>
		<tr>
			<th scope=""row"">Echipare autoturism</th>
			<td>&nbsp;Performance</td>
		</tr>
	</tbody>
</table>

<p>Import SUA</p>
","","","","in_stock","26/10/2017 22:45:25","26/10/2017 22:45:25","kit",""
"3494385",,"0","579","active","ro","722029","Suport arc lamelar","suport-arc-lamelar-722029","Suport arc lamelar","Suport arc lamelar","","<table border=""0"" cellpadding=""1"" cellspacing=""1"" style=""width:500px"">
	<tbody>
		<tr>
			<th scope=""row"">Material</th>
			<td>&nbsp;Otel</td>
		</tr>
		<tr>
			<th scope=""row"">Coduri OE alternative</th>
			<td>&nbsp;22820716, 25812937</td>
		</tr>
	</tbody>
</table>

<p>Import SUA</p>
","","","","in_supplier_stock","27/10/2017 16:20:34","27/10/2017 16:56:58","kit",""
"3494386",,"0","205","active","ro","100470","Simering arbore cotit","simering-arbore-cotit-100470","Simering arbore cotit","Simering arbore cotit","","<table border=""0"" cellpadding=""1"" cellspacing=""1"" style=""width:500px"">
	<tbody>
		<tr>
			<th scope=""row"">Material</th>
			<td>&nbsp;PFTE</td>
		</tr>
		<tr>
			<th scope=""row"">Diametru tija [mm]</th>
			<td>&nbsp;54</td>
		</tr>
		<tr>
			<th scope=""row"">Diametru exterior [mm]</th>
			<td>&nbsp;8.20</td>
		</tr>
	</tbody>
</table>

<p>Import SUA</p>
","","","","in_supplier_stock","27/10/2017 16:33:39","27/10/2017 16:57:24","kit",""
"3494387",,"0","205","active","ro","100085","Simering arbore cotit","simering-arbore-cotit-100085","Simering arbore cotit","Simering arbore cotit","","<table border=""0"" cellpadding=""1"" cellspacing=""1"" style=""width:500px"">
	<tbody>
		<tr>
			<th scope=""row"">Material</th>
			<td>&nbsp;PFTE</td>
		</tr>
		<tr>
			<th scope=""row"">Dimensiune tija [mm]</th>
			<td>&nbsp;98</td>
		</tr>
		<tr>
			<th scope=""row"">Diametru exterior [mm]</th>
			<td>&nbsp;15.74</td>
		</tr>
	</tbody>
</table>

<p>Import SUA</p>
","","","","in_supplier_stock","27/10/2017 16:40:40","27/10/2017 16:57:48","kit",""
"3494388",,"0","97","active","ro","K160021","Tampon arc","tampon-arc-k160021","Tampon arc","Tampon arc","","<table border=""0"" cellpadding=""1"" cellspacing=""1"" style=""width:500px"">
	<tbody>
		<tr>
			<th scope=""row"">Cod OE alternativ</th>
			<td>&nbsp;15756770</td>
		</tr>
		<tr>
			<th scope=""row"">&nbsp;</th>
			<td>&nbsp;</td>
		</tr>
	</tbody>
</table>

<p>Import SUA</p>
","","","","in_supplier_stock","27/10/2017 16:49:58","27/10/2017 16:58:08","kit",""
"3494389",,"0","598","active","ro","15034801","Bucsa bascula ","bucsa-bascula-15034801","bucsa bascula ","ssuspensie, directie , roti , atriculatie suspensie , bucsa , bucsa brat suspensie , supensie directie roti, bucsa bascula, bascula , brat  ","","<table border=""1"" cellpadding=""1"" cellspacing=""1"" style=""width:500px"">
	<tbody>
		<tr>
			<th scope=""row"">Parte montare</th>
			<td>&nbsp;&nbsp;&nbsp;&nbsp;&nbsp; punte fata stg/dr</td>
		</tr>
		<tr>
			<th scope=""row"">Parte montare</th>
			<td>&nbsp; &nbsp; &nbsp; fata spre fata</td>
		</tr>
		<tr>
			<th scope=""row"">Producator</th>
			<td>&nbsp;&nbsp;&nbsp;&nbsp; General Motors</td>
		</tr>
	</tbody>
</table>

<p>&nbsp;</p>
","","","","in_stock","7/11/2017 17:34:06","7/11/2017 17:34:06","kit",""
"3494390",,"0","593","active","ro","MK6291","Pivot Inferior","pivot-inferior-mk6291","Pivot inferior","suspensie,rotula, articulatie sarcina ghidare, pivot, inferior,suspensie directie roti,pivot infeior","","<table border=""1"" cellpadding=""1"" cellspacing=""1"" style=""width:500px"">
	<tbody>
		<tr>
			<th scope=""row"">Parte montare</th>
			<td>&nbsp;&nbsp;&nbsp; fata inferior stg/dr</td>
		</tr>
		<tr>
			<th scope=""row"">Tractiune auto</th>
			<td>&nbsp;&nbsp;&nbsp; 4x4 (prindere in nituri sau suruburi)</td>
		</tr>
		<tr>
			<th scope=""row"">Producator</th>
			<td>&nbsp;&nbsp;&nbsp;&nbsp; Mevotech China</td>
		</tr>
	</tbody>
</table>

<p>&nbsp;</p>
","","","","in_stock","7/11/2017 18:47:39","7/11/2017 18:51:51","kit",""
"3494391",,"0","633","active","ro","EM2617","Tampon motor","tampon-motor-em2617","Tampon motor","Tampon motor","","<table border=""0"" cellpadding=""1"" cellspacing=""1"" style=""width:500px"">
	<tbody>
		<tr>
			<th scope=""row"">Made in&nbsp;</th>
			<td>&nbsp;India</td>
		</tr>
	</tbody>
</table>

<p>Import SUA</p>
","","","","in_stock","7/11/2017 18:57:06","7/11/2017 18:57:58","kit",""
"3494392",,"0","577","active","ro","46G11074A","Bucsa bascula","bucsa-bascula-46g11074a","Bucsa bascula","Bucsa bascula","","<p>&nbsp;</p>

<table border=""1"" cellpadding=""1"" cellspacing=""1"" style=""width:500px"">
	<tbody>
		<tr>
			<th scope=""row"">Parte montare</th>
			<td>&nbsp;&nbsp;&nbsp; punte fata stg/dr</td>
		</tr>
		<tr>
			<th scope=""row"">Parte montare</th>
			<td>&nbsp;&nbsp;&nbsp; superior</td>
		</tr>
		<tr>
			<th scope=""row"">Material</th>
			<td>&nbsp;&nbsp;&nbsp; cauciuc metal</td>
		</tr>
	</tbody>
</table>

<p>&nbsp;</p>
","","","","in_stock","8/11/2017 17:30:12","15/11/2017 18:32:46","kit",""
"3494393",,"0","577","active","ro","45K5012","Set suruburi cu came reglaj bascula ","set-suruburi-cu-came-reglaj-bascula-45k5012","Set suruburi cu came reglaj bascula ","ssuspensie, directie , roti , atriculatie suspensie , bucsa , bucsa brat suspensie , supensie directie roti, bucsa bascula, bascula , brat","Set suruburi cu came reglaj bascula ","<table border=""1"" cellpadding=""1"" cellspacing=""1"" style=""width:500px"">
	<tbody>
		<tr>
			<th scope=""row"">Parte montare</th>
			<td>&nbsp; Fata superior stg/dr</td>
		</tr>
		<tr>
			<th scope=""row"">Producator</th>
			<td>&nbsp; Ac Delco</td>
		</tr>
		<tr>
			<th scope=""row"">Made in</th>
			<td>&nbsp; USA</td>
		</tr>
	</tbody>
</table>

<p>&nbsp;</p>
","","","","in_stock","9/11/2017 17:00:10","9/11/2017 17:00:10","kit",""
"3494394",,"0","31","active","ro","32347","Amortizor suspensie ","amortizor-suspensie-32347","Amortizor suspensie ","suspensie, directie , roti , atriculatie suspensie , bucsa , bucsa brat suspensie , supensie directie roti, bucsa bascula, bascula , brat, amortizor ","","<table border=""1"" cellpadding=""1"" cellspacing=""1"" style=""width:500px"">
	<tbody>
		<tr>
			<th scope=""row"">Parte montare</th>
			<td>&nbsp; fata&nbsp; stg/dr</td>
		</tr>
		<tr>
			<th scope=""row"">Echipare</th>
			<td>&nbsp; fara suspensie asistata electronic</td>
		</tr>
		<tr>
			<th scope=""row"">Producator</th>
			<td>&nbsp;&nbsp; Monroe</td>
		</tr>
	</tbody>
</table>

<p>&nbsp;</p>
","","","","in_stock","9/11/2017 17:50:46","9/11/2017 18:22:34","kit",""
"3494395",,"0","577","active","ro","46C0069a","Brat semicaseta directie (Pitman)","brat-semicaseta-directie-pitman-46c0069a","Brat semicaseta directie (Pitman)","suspensie, directie , roti , atriculatie suspensie , bucsa , bucsa brat suspensie , supensie directie roti, bucsa bascula, bascula , brat, amortizor","Brat semicaseta directie (Pitman)","<table border=""1"" cellpadding=""1"" cellspacing=""1"" style=""width:500px"">
	<tbody>
		<tr>
			<th scope=""row"">Parte montare</th>
			<td>&nbsp; sistem directie</td>
		</tr>
		<tr>
			<th scope=""row"">Sistem montare</th>
			<td>&nbsp; 4 caneluri (spline)</td>
		</tr>
		<tr>
			<th scope=""row"">Producator</th>
			<td>&nbsp; Ac Delco</td>
		</tr>
	</tbody>
</table>

<p>&nbsp;</p>
","","","","in_stock","9/11/2017 19:54:19","9/11/2017 19:54:19","kit",""
"3494396",,"0","418","active","ro","BH138843","Conducta frana","conducta-frana-bh138843","Conducta frana","Conducta frana","","<table border=""0"" cellpadding=""1"" cellspacing=""1"" style=""width:500px"">
	<tbody>
		<tr>
			<th scope=""row"">Parte montare</th>
			<td>&nbsp;Sistem franare</td>
		</tr>
		<tr>
			<th scope=""row"">Pozitie montare</th>
			<td>&nbsp;Spate</td>
		</tr>
		<tr>
			<th scope=""row"">Pozitie fixare</th>
			<td>&nbsp;Centru</td>
		</tr>
	</tbody>
</table>

<p>Import SUA</p>
","","","","in_stock","15/11/2017 19:08:55","15/11/2017 19:08:55","kit",""
"3494587",,"0","636","active","ro","BC126J","Rulment arbore cotit","rulment-arbore-cotit-bc126j","Rulment arbore cotit","Rulment arbore cotit","","<table border=""0"" cellpadding=""1"" cellspacing=""1"" style=""width:500px"">
	<tbody>
		<tr>
			<th scope=""row"">Parte montare&nbsp;</th>
			<td>&nbsp;Arbore cotit</td>
		</tr>
		<tr>
			<th scope=""row"">Unitate masura</th>
			<td>&nbsp;Set</td>
		</tr>
		<tr>
			<th scope=""row"">Nr. buc.</th>
			<td>&nbsp;6</td>
		</tr>
	</tbody>
</table>

<p>Import SUA</p>
","","","","in_stock","9/1/2020 13:30:31","9/1/2020 13:36:37","kit",""
"3494399",,"0","593","active","ro","CMS501144","Brat suspensie ","brat-suspensie-cms501144","Brat suspensie (Bascula)","Brat suspensie; bascula; suspensie;","","<table border=""0"" cellpadding=""1"" cellspacing=""1"" style=""width:500px"">
	<tbody>
		<tr>
			<th scope=""row"">Parte montare</th>
			<td>&nbsp;Fata</td>
		</tr>
		<tr>
			<th scope=""row"">Parte montare</th>
			<td>&nbsp;Superior</td>
		</tr>
		<tr>
			<th scope=""row"">Parte montare</th>
			<td>&nbsp;Stanga</td>
		</tr>
	</tbody>
</table>

<p>Made in Taiwan</p>

<p>livrare 5-12 zile</p>
","","no","no","in_supplier_stock","28/11/2017 16:07:04","19/1/2018 15:41:01","kit",""
"3494400",,"0","593","active","ro","CMS501145","Brat suspensie ","brat-suspensie-cms501145","Brat suspensie ","Brat suspensie; bascula; suspensie;","","<table border=""0"" cellpadding=""1"" cellspacing=""1"" style=""width:500px"">
	<tbody>
		<tr>
			<th scope=""row"">Parte montare</th>
			<td>&nbsp;Fata</td>
		</tr>
		<tr>
			<th scope=""row"">Parte montare</th>
			<td>&nbsp;Superior</td>
		</tr>
		<tr>
			<th scope=""row"">Parte montare</th>
			<td>&nbsp;Dreapta</td>
		</tr>
	</tbody>
</table>

<p>Made in Taiwan</p>

<p>livrare 5-12 zile</p>
","","no","no","in_supplier_stock","28/11/2017 16:09:48","19/1/2018 15:42:07","kit",""
"3494401",,"0","97","active","ro","RK621676","Brat suspensie ","brat-suspensie-rk621676","Brat suspensie ","Brat suspensie; suspensie; bascula","","<table border=""0"" cellpadding=""1"" cellspacing=""1"" style=""width:500px"">
	<tbody>
		<tr>
			<th scope=""row"">Parte montare</th>
			<td>&nbsp;Fata</td>
		</tr>
		<tr>
			<th scope=""row"">Parte montare</th>
			<td>&nbsp;Superior</td>
		</tr>
		<tr>
			<th scope=""row"">Parte montare</th>
			<td>&nbsp;Stanga</td>
		</tr>
	</tbody>
</table>

<p>Made in Taiwan</p>
","","no","no","in_stock","28/11/2017 16:13:17","28/11/2017 20:04:03","kit",""
"3494402",,"0","97","active","ro","RK621675","Brat suspensie ","brat-suspensie-rk621675","Brat suspensie ","Brat suspensie; suspensie; bascula","","<table border=""0"" cellpadding=""1"" cellspacing=""1"" style=""width:500px"">
	<tbody>
		<tr>
			<th scope=""row"">Parte montare</th>
			<td>&nbsp;Fata</td>
		</tr>
		<tr>
			<th scope=""row"">Parte montare</th>
			<td>&nbsp;Superior</td>
		</tr>
		<tr>
			<th scope=""row"">Parte montare&nbsp;</th>
			<td>&nbsp;Dreapta</td>
		</tr>
	</tbody>
</table>

<p>Made in Taiwan</p>
","","no","no","in_stock","28/11/2017 16:15:24","28/11/2017 19:54:43","kit",""
"3494403",,"0","586","active","ro","WA513275","Rulment roata","rulment-roata-wa513275","Rulment roata","Rulment roata","","<table border=""0"" cellpadding=""1"" cellspacing=""1"" style=""width:500px"">
	<tbody>
		<tr>
			<th scope=""row"">Parte montare</th>
			<td>&nbsp;Punte spate</td>
		</tr>
		<tr>
			<th scope=""row"">Parte montare</th>
			<td>&nbsp;Stanga/Dreapta</td>
		</tr>
		<tr>
			<th scope=""row"">&nbsp;</th>
			<td>&nbsp;</td>
		</tr>
	</tbody>
</table>

<p>Import SUA</p>
","","no","no","in_supplier_stock","28/11/2017 16:28:16","28/11/2017 16:28:16","kit",""
"3494404",,"0","644","active","ro","WPM158","Motoras stergatoare parbriz","motoras-stergatoare-parbriz-wpm158","Motoras stergatoare parbriz","Motoras stergatoare parbriz","","<table border=""0"" cellpadding=""1"" cellspacing=""1"" style=""width:500px"">
	<tbody>
		<tr>
			<th scope=""row"">Parte montare</th>
			<td>&nbsp;Fata</td>
		</tr>
		<tr>
			<th scope=""row"">Functie</th>
			<td>&nbsp;Setarea intervalului de actionare</td>
		</tr>
		<tr>
			<th scope=""row"">Conectare</th>
			<td>&nbsp;Mufa cu 5 pini</td>
		</tr>
	</tbody>
</table>

<p>Import SUA</p>
","","no","no","in_stock","28/11/2017 16:38:52","28/11/2017 16:38:52","kit",""
"3494405",,"0","97","active","ro","CK620240","Brat suspensie ","brat-suspensie-ck620240","Brat suspensie ","Brat suspensie (Bascula)","","<table border=""0"" cellpadding=""1"" cellspacing=""1"" style=""width:500px"">
	<tbody>
		<tr>
			<th scope=""row"">Parte montare</th>
			<td>&nbsp;Fata</td>
		</tr>
		<tr>
			<th scope=""row"">Parte montare</th>
			<td>&nbsp;Superior</td>
		</tr>
		<tr>
			<th scope=""row"">Parte montare</th>
			<td>&nbsp;Dreapta</td>
		</tr>
	</tbody>
</table>

<p>Import SUA</p>
","","","","in_supplier_stock","28/11/2017 16:51:43","28/11/2017 16:52:09","kit",""
"3494406",,"0","97","active","ro","CK620241","Brat suspensie ","brat-suspensie-ck620241","Brat suspensie ","Brat suspensie ","","<table border=""0"" cellpadding=""1"" cellspacing=""1"" style=""width:500px"">
	<tbody>
		<tr>
			<th scope=""row"">Parte montare</th>
			<td>&nbsp;Fata</td>
		</tr>
		<tr>
			<th scope=""row"">Parte montare</th>
			<td>&nbsp;Superior</td>
		</tr>
		<tr>
			<th scope=""row"">Parte montare</th>
			<td>&nbsp;Stanga</td>
		</tr>
	</tbody>
</table>

<p>Import SUA</p>
","","","","in_supplier_stock","28/11/2017 16:53:37","28/11/2017 16:53:37","kit",""
"3494407",,"0","97","active","ro","K7290","Bucsa bascula","bucsa-bascula-k7290","Bucsa bascula","Bucsa bascula","","<table border=""0"" cellpadding=""1"" cellspacing=""1"" style=""width:500px"">
	<tbody>
		<tr>
			<th scope=""row"">Parte montare</th>
			<td>&nbsp;Fata</td>
		</tr>
		<tr>
			<th scope=""row"">Parte montare</th>
			<td>&nbsp;Superior</td>
		</tr>
	</tbody>
</table>

<p>Import SUA</p>
","","","","in_stock","28/11/2017 17:00:21","5/12/2017 18:28:17","kit",""
"3494408",,"0","31","active","ro","901940","Suport amortizor","suport-amortizor-901940","Suport amortizor","Suport amortizor","","<table border=""0"" cellpadding=""1"" cellspacing=""1"" style=""width:500px"">
	<tbody>
		<tr>
			<th scope=""row"">Parte montare</th>
			<td>&nbsp;Spate</td>
		</tr>
		<tr>
			<th scope=""row"">Parte montare</th>
			<td>&nbsp;Stanga/Dreapta</td>
		</tr>
		<tr>
			<th scope=""row"">&nbsp;</th>
			<td>&nbsp;</td>
		</tr>
	</tbody>
</table>

<p>Import SUA</p>
","","","","in_stock","5/12/2017 20:03:29","5/12/2017 20:03:29","kit",""
"3494412",,"2","647","active","ro","8632","DE-ICER SPRAY; 946 mL","de-icer-spray-946-ml-8632","DE-ICER SPRAY","DE-ICER SPRAY","","<table border=""0"" cellpadding=""1"" cellspacing=""1"" style=""width:500px"">
	<tbody>
		<tr>
			<td>
			<p>Produs degivrant</p>

			<p>Ambalaj: sticla de plastic cu stropitor</p>

			<p>Nu afecteaza vopseaua sau chederele</p>

			<p>Actionare rapida</p>
			</td>
		</tr>
	</tbody>
</table>

<p>&nbsp;</p>
","","","","in_stock","6/12/2017 17:17:22","6/12/2017 18:44:17","",""
"3494411",,"2","646","active","ro","32333","Racleta cu maner invelit in burete","racleta-cu-maner-invelit-in-burete-32333","Racleta cu maner invelit in burete","&Racleta; &racleta &auto; &auto; &gheata; &zapada","","<table border=""0"" cellpadding=""1"" cellspacing=""1"" style=""width:500px"">
	<tbody>
		<tr>
			<td>
			<p>Lungime racleta = 28cm</p>

			<p>Latime lama = 10cm</p>

			<p>Maner invelit in burete</p>
			</td>
		</tr>
	</tbody>
</table>

<p>&nbsp;</p>
","","","","not_in_stock","6/12/2017 16:29:18","12/12/2019 10:39:36","",""
"3494413",,"2","654","active","ro","6422704001673","Solutie spalare parbriz iarna; 5L","solutie-spalare-parbriz-iarna-5l-6422704001673","Solutie spalare parbriz iarna; 5L","Solutie spalare parbriz iarna; 5L","","<table border=""0"" cellpadding=""1"" cellspacing=""1"" style=""width:500px"">
	<tbody>
		<tr>
			<td>
			<p>Temperatura inghet= -30&ordm; C</p>

			<p>Ambalaj= Bidon de plastic</p>

			<p>Capacitate bidon= 5L</p>

			<p>&nbsp;</p>
			</td>
		</tr>
	</tbody>
</table>

<p>&nbsp;</p>
","","","","not_in_stock","6/12/2017 18:24:59","9/3/2020 09:24:26","",""
"3494414",,"2","648","active","ro","8633","Solutie pentru protejarea interiorului","solutie-pentru-protejarea-interiorului-8633","Solutie pentru protejarea interiorului","Solutie pentru protejarea interiorului","","<p><strong>NU SE APLICA PE SUPRAFETE DIN STICLA - GEAMURI, OGLINZI </strong></p>

<table border=""0"" cellpadding=""1"" cellspacing=""1"" style=""width:500px"">
	<tbody>
		<tr>
			<td>
			<p>Produs pentru intretinerea interiorului autoturismelor</p>

			<p>Potrivit pentru suprafete din cauciuc, plastic, vinil</p>

			<p>Protejeaza bordul, ornamentele interioare si exterioare non-metalice</p>

			<p>Previne decolorarea produsa de actiunea soarelui</p>

			<p>Produs pe baza de apa, non-toxic</p>
			</td>
		</tr>
	</tbody>
</table>

<p>&nbsp;</p>
","","","","in_supplier_stock","6/12/2017 18:38:17","12/12/2019 10:40:10","",""
"3494415",,"0","629","active","ro","26336PT","Garnitura chiulasa","garnitura-chiulasa-26336pt","Garnitura chiulasa","Garnitura chiulasa","","<table border=""0"" cellpadding=""1"" cellspacing=""1"" style=""width:500px"">
	<tbody>
		<tr>
			<th scope=""row"">Material</th>
			<td>&nbsp;Otel</td>
		</tr>
		<tr>
			<th scope=""row"">Material</th>
			<td>&nbsp;Cauciuc</td>
		</tr>
		<tr>
			<th scope=""row"">&nbsp;</th>
			<td>&nbsp;</td>
		</tr>
	</tbody>
</table>

<p>Import SUA</p>
","","","","in_stock","12/12/2017 16:03:50","12/12/2017 16:07:28","kit",""
"3494416",,"0","629","active","ro","26390PT","Garnitura chiulasa","garnitura-chiulasa-26390pt","Garnitura chiulasa","Garnitura chiulasa","","<table border=""0"" cellpadding=""1"" cellspacing=""1"" style=""width:500px"">
	<tbody>
		<tr>
			<th scope=""row"">Material</th>
			<td>&nbsp;Otel</td>
		</tr>
		<tr>
			<th scope=""row"">Material</th>
			<td>&nbsp;Cauciuc</td>
		</tr>
		<tr>
			<th scope=""row"">&nbsp;</th>
			<td>&nbsp;</td>
		</tr>
	</tbody>
</table>

<p>Import SUA</p>
","","","","in_stock","12/12/2017 16:05:21","12/12/2017 16:07:56","kit",""
"3494417",,"0","577","active","ro","2131649","Senzor axa cu came ","senzor-axa-cu-came-2131649","senzor axa cu came ","senzor , senzor axa cu came , axa cu came, senzor punct mort ","senzor axa cu came ","<table border=""0"" cellpadding=""1"" cellspacing=""1"" style=""width:500px"">
	<tbody>
		<tr>
			<th scope=""row"">Parte montare</th>
			<td>&nbsp;Axa came</td>
		</tr>
		<tr>
			<th scope=""row"">Parte montare</th>
			<td>&nbsp;Fata - Admisie</td>
		</tr>
	</tbody>
</table>

<p>&nbsp;</p>
","","","","in_stock","28/12/2017 19:46:01","4/1/2018 15:23:58","kit",""
"3494418",,"0","577","active","ro","2133519","Senzor axa came","senzor-axa-came-2133519","Senzor axa came","Senzor axa came; axa; came; hummer; senzor; electrice; motor;","","<table border=""0"" cellpadding=""1"" cellspacing=""1"" style=""width:500px"">
	<tbody>
		<tr>
			<th scope=""row"">Parte montare</th>
			<td>&nbsp;Axa came</td>
		</tr>
		<tr>
			<th scope=""row"">Parte montare</th>
			<td>&nbsp;Spate - Emisie</td>
		</tr>
	</tbody>
</table>

<p>&nbsp;</p>
","","","","in_supplier_stock","4/1/2018 15:28:36","4/1/2018 15:28:36","kit",""
"3494430",,"0","577","active","ro","1511073","Termostat","termostat-1511073","Termostat","Termostat; h3; racire; motor;","","<table border=""0"" cellpadding=""1"" cellspacing=""1"" style=""width:500px"">
	<tbody>
		<tr>
			<th scope=""row"">Tip</th>
			<td>&nbsp;Termostat integrat in carcasa</td>
		</tr>
		<tr>
			<th scope=""row"">Temperatura deschidere</th>
			<td>&nbsp;90&deg;C</td>
		</tr>
		<tr>
			<th scope=""row"">Made in</th>
			<td>&nbsp;Mexico</td>
		</tr>
	</tbody>
</table>

<p>&nbsp;</p>
","","","","in_stock","8/1/2018 21:03:03","8/1/2018 21:03:03","kit",""
"3494431",,"0","577","active","ro","2131689","Senzor pozitie arbore cotit","senzor-pozitie-arbore-cotit-2131689","Senzor pozitie arbore cotit","Senzor pozitie arbore cotit","","<table border=""0"" cellpadding=""1"" cellspacing=""1"" style=""width:500px"">
	<tbody>
		<tr>
			<th scope=""row"">Parte montare</th>
			<td>&nbsp;Arbore cotit</td>
		</tr>
		<tr>
			<th scope=""row"">Nr. conectori</th>
			<td>&nbsp;1</td>
		</tr>
		<tr>
			<th scope=""row"">Nr. terminale</th>
			<td>&nbsp;2</td>
		</tr>
		<tr>
			<th scope=""row"">Tip conector</th>
			<td>&nbsp;Mama</td>
		</tr>
		<tr>
			<th scope=""row"">Tip terminal</th>
			<td>&nbsp;Tata</td>
		</tr>
		<tr>
			<th scope=""row"">Diametru carcasa [mm]</th>
			<td>&nbsp;18.4</td>
		</tr>
	</tbody>
</table>

<p>&nbsp;</p>
","","","","in_stock","9/1/2018 15:37:13","7/6/2018 16:34:41","kit",""
"3494426",,"0","97","active","ro","K201488","Bucsa bara stabilizatoare","bucsa-bara-stabilizatoare-k201488","Bucsa bara stabilizatoare","Bucsa bara stabilizatoare","","<table border=""0"" cellpadding=""1"" cellspacing=""1"" style=""width:500px"">
	<tbody>
		<tr>
			<th scope=""row"">Material</th>
			<td>&nbsp;Cauciuc</td>
		</tr>
		<tr>
			<th scope=""row"">Parte montare</th>
			<td>&nbsp;Stanga/Dreapta</td>
		</tr>
		<tr>
			<th scope=""row"">Pozitie montare</th>
			<td>&nbsp;Spate 4x4</td>
		</tr>
		<tr>
			<th scope=""row"">Diametru bara [mm]</th>
			<td>&nbsp;19</td>
		</tr>
		<tr>
			<th scope=""row"">Ambalaj/Bucati in ambalaj</th>
			<td>&nbsp;Cutie / 2 bucati / 1 set</td>
		</tr>
	</tbody>
</table>

<p>&nbsp;</p>
","","","","in_stock","5/1/2018 15:32:24","8/1/2018 15:36:17","kit",""
"3494425",,"0","97","active","ro","K201487","Bucsa bara stabilizatoare","bucsa-bara-stabilizatoare-k201487","Bucsa bara stabilizatoare","Bucsa bara stabilizatoare","","<table border=""0"" cellpadding=""1"" cellspacing=""1"" style=""width:500px"">
	<tbody>
		<tr>
			<th scope=""row"">Material</th>
			<td>&nbsp;Cauciuc</td>
		</tr>
		<tr>
			<th scope=""row"">Parte montare</th>
			<td>&nbsp;Stanga/Dreapta</td>
		</tr>
		<tr>
			<th scope=""row"">Pozitie montare</th>
			<td>&nbsp;Spate 2WD</td>
		</tr>
		<tr>
			<th scope=""row"">Diametru bara [mm]</th>
			<td>&nbsp;21</td>
		</tr>
		<tr>
			<th scope=""row"">Ambalaj/ Bucati in ambalaj</th>
			<td>&nbsp;Cutie / 2 buc / 1 set</td>
		</tr>
	</tbody>
</table>

<p>&nbsp;</p>
","","","","in_stock","5/1/2018 15:27:59","8/1/2018 15:42:17","kit",""
"3494424",,"0","97","active","ro","K201486","Bucsa bara stabilizatoare","bucsa-bara-stabilizatoare-k201486","Bucsa bara stabilizatoare","Bucsa bara stabilizatoare","","<table border=""0"" cellpadding=""1"" cellspacing=""1"" style=""width:500px"">
	<tbody>
		<tr>
			<th scope=""row"">Material</th>
			<td>&nbsp;Cauciuc</td>
		</tr>
		<tr>
			<th scope=""row"">Parte montare</th>
			<td>&nbsp;Stanga/Dreapta</td>
		</tr>
		<tr>
			<th scope=""row"">Pozitie montare</th>
			<td>&nbsp;Fata&nbsp;</td>
		</tr>
		<tr>
			<th scope=""row"">Ambalaj/Bucati in ambalaj</th>
			<td>&nbsp;Cutie/2 bucati/1 set</td>
		</tr>
	</tbody>
</table>
","","","","in_stock","5/1/2018 15:18:15","5/1/2018 15:37:25","kit",""
"3494432",,"0","599","active","ro","10207560","Placute frana","placute-frana-10207560","Placute frana","Placute frana","","<table border=""0"" cellpadding=""1"" cellspacing=""1"" style=""width:500px"">
	<tbody>
		<tr>
			<th scope=""row"">Parte montare</th>
			<td>&nbsp;Fata</td>
		</tr>
		<tr>
			<th scope=""row"">Lungime [mm]</th>
			<td>&nbsp;193</td>
		</tr>
		<tr>
			<th scope=""row"">Latime [mm]</th>
			<td>&nbsp;63.7</td>
		</tr>
		<tr>
			<th scope=""row"">Grosime [mm]</th>
			<td>&nbsp;17.5</td>
		</tr>
	</tbody>
</table>

<p>Import SUA</p>
","","","","in_stock","10/1/2018 22:12:34","10/1/2018 22:17:02","kit",""
"3494433",,"0","599","active","ro","10306780","Placute frana","placute-frana-10306780","Placute frana","Placute frana","","<table border=""0"" cellpadding=""1"" cellspacing=""1"" style=""width:500px"">
	<tbody>
		<tr>
			<th scope=""row"">Parte montare</th>
			<td>&nbsp;Fata</td>
		</tr>
		<tr>
			<th scope=""row"">Lungime [mm]</th>
			<td>&nbsp;144.5</td>
		</tr>
		<tr>
			<th scope=""row"">Latime [mm]</th>
			<td>&nbsp;71.0</td>
		</tr>
		<tr>
			<th scope=""row"">Grosime [mm]</th>
			<td>&nbsp;17.1</td>
		</tr>
	</tbody>
</table>

<p>Import SUA</p>
","","","","in_stock","10/1/2018 22:23:02","10/1/2018 22:23:02","kit",""
"3494434",,"0","580","active","ro","FP78","Filtru habitaclu","filtru-habitaclu-fp78","Filtru habitaclu","Filtru habitaclu mustang","","<table border=""0"" cellpadding=""1"" cellspacing=""1"" style=""width:500px"">
	<tbody>
		<tr>
			<th scope=""row"">Tip filtru</th>
			<td>&nbsp;Panou</td>
		</tr>
		<tr>
			<th scope=""row"">Lungime [mm]</th>
			<td>&nbsp;258</td>
		</tr>
		<tr>
			<th scope=""row"">Latime [mm]</th>
			<td>&nbsp;199</td>
		</tr>
		<tr>
			<th scope=""row"">Inaltime [mm]</th>
			<td>&nbsp;32</td>
		</tr>
	</tbody>
</table>

<p>Import SUA</p>
","","","","in_stock","12/1/2018 16:04:14","12/1/2018 16:04:14","kit",""
"3494435",,"0","577","active","ro","A1115C","Filtru aer","filtru-aer-a1115c","Filtru aer","Filtru aer","","<table border=""0"" cellpadding=""1"" cellspacing=""1"" style=""width:500px"">
	<tbody>
		<tr>
			<th scope=""row"">Tip filtru&nbsp;</th>
			<td>&nbsp;Panou</td>
		</tr>
		<tr>
			<th scope=""row"">Lungime [mm]</th>
			<td>&nbsp;286</td>
		</tr>
		<tr>
			<th scope=""row"">Latime [mm]</th>
			<td>&nbsp;192&nbsp;</td>
		</tr>
		<tr>
			<th scope=""row"">Inaltime [mm]</th>
			<td>&nbsp;47</td>
		</tr>
	</tbody>
</table>

<p>Import SUA</p>
","","","","in_stock","12/1/2018 16:08:59","12/1/2018 16:08:59","kit",""
"3494436",,"0","593","active","ro","MS50529","Articulatie sarcina ghidare","articulatie-sarcina-ghidare-ms50529","Articulatie sarcina ghidare","Articulatie;sarcina;ghidare;pivot;","","<table border=""0"" cellpadding=""1"" cellspacing=""1"" style=""width:500px"">
	<tbody>
		<tr>
			<th scope=""row"">Parte montare</th>
			<td>&nbsp;Fata</td>
		</tr>
		<tr>
			<th scope=""row"">Pozitie montare</th>
			<td>&nbsp;Inferior</td>
		</tr>
	</tbody>
</table>

<p>Import SUA</p>
","","","","in_stock","12/1/2018 16:14:24","12/1/2018 16:14:24","kit",""
"3494437",,"0","250","active","ro","RU635","Rezistenta trepte caldura","rezistenta-trepte-caldura-ru635","Rezistenta trepte caldura","incalzire , incalzire habitaclu , caldura cabina, sistem incalzire , modul control caldura , control manual , electrice ","","<table border=""1"" cellpadding=""1"" cellspacing=""1"" style=""width:500px"">
	<tbody>
		<tr>
			<th scope=""row"">Mufa conectare</th>
			<td>&nbsp; 4 pini</td>
		</tr>
		<tr>
			<th scope=""row"">Control caldura</th>
			<td>&nbsp; Manual</td>
		</tr>
		<tr>
			<th scope=""row"">Made in</th>
			<td>&nbsp; Canada</td>
		</tr>
	</tbody>
</table>

<p>&nbsp;</p>
","","","","in_stock","31/1/2018 17:20:54","31/1/2018 17:20:54","kit",""
"3494438",,"0","577","active","ro","45G20693","Bieleta antiruliu","bieleta-antiruliu-45g20693","Bieleta antiruliu","Bieleta antiruliu","","<table border=""0"" cellpadding=""1"" cellspacing=""1"" style=""width:500px"">
	<tbody>
		<tr>
			<th scope=""row"">Parte montare</th>
			<td>&nbsp;Fata</td>
		</tr>
		<tr>
			<th scope=""row"">Pozitie montare</th>
			<td>&nbsp;Stanga/Dreapta</td>
		</tr>
		<tr>
			<th scope=""row"">&nbsp;</th>
			<td>&nbsp;</td>
		</tr>
	</tbody>
</table>

<p>Import SUA</p>
","","no","no","in_stock","7/2/2018 23:07:44","7/2/2018 23:07:44","kit",""
"3494441",,"0","577","active","ro","26104070","Senzor pozitie volan","senzor-pozitie-volan-26104070","Senzor pozitie volan","Senzor pozitie volan","","<table border=""0"" cellpadding=""1"" cellspacing=""1"" style=""width:500px"">
	<tbody>
		<tr>
			<th scope=""row"">Parte montare</th>
			<td>&nbsp;Volan</td>
		</tr>
		<tr>
			<th scope=""row"">Nr. pini</th>
			<td>&nbsp;8</td>
		</tr>
		<tr>
			<th scope=""row"">&nbsp;</th>
			<td>&nbsp;</td>
		</tr>
	</tbody>
</table>

<p>Import SUA</p>
","","no","no","in_stock","8/2/2018 18:59:10","8/2/2018 18:59:10","kit",""
"3494442",,"0","577","active","ro","10389565","Pompa spalator parbriz","pompa-spalator-parbriz-10389565","Pompa spalator parbriz","Pompa spalator parbriz","","<table border=""0"" cellpadding=""1"" cellspacing=""1"" style=""width:500px"">
	<tbody>
		<tr>
			<th scope=""row"">Parte montare</th>
			<td>&nbsp;Spate</td>
		</tr>
		<tr>
			<th scope=""row"">&nbsp;</th>
			<td>&nbsp;</td>
		</tr>
		<tr>
			<th scope=""row"">&nbsp;</th>
			<td>&nbsp;</td>
		</tr>
	</tbody>
</table>

<p>Import SUA</p>
","","","","in_stock","8/2/2018 19:03:08","8/2/2018 19:03:08","kit",""
"3494444",,"0","577","active","ro","41114","Bujie incandescenta","bujie-incandescenta-41114","Bujie incandescenta","Bujie incandescenta","","<table border=""0"" cellpadding=""1"" cellspacing=""1"" style=""width:500px"">
	<tbody>
		<tr>
			<th scope=""row"">Specificatie</th>
			<td>&nbsp;Iridium</td>
		</tr>
		<tr>
			<th scope=""row"">Diametru cheie</th>
			<td>&nbsp;M16</td>
		</tr>
		<tr>
			<th scope=""row"">Inaltime izolator [mm]</th>
			<td>&nbsp;25.3</td>
		</tr>
	</tbody>
</table>

<p>Import SUA</p>
","","","","in_stock","13/2/2018 22:09:55","13/2/2018 22:15:34","kit",""
"3494445",,"0","577","active","ro","41109","Bujie incandescenta","bujie-incandescenta-41109","Bujie incandescenta","Bujie incandescenta","","<table border=""0"" cellpadding=""1"" cellspacing=""1"" style=""width:500px"">
	<tbody>
		<tr>
			<th scope=""row"">Specificatie</th>
			<td>&nbsp;Iridium</td>
		</tr>
		<tr>
			<th scope=""row"">Diametru cheie</th>
			<td>&nbsp;M16</td>
		</tr>
		<tr>
			<th scope=""row"">Inaltime izolator [mm]</th>
			<td>&nbsp;25</td>
		</tr>
	</tbody>
</table>

<p>Import SUA</p>
","","","","in_stock","13/2/2018 22:13:48","13/2/2018 22:15:57","kit",""
"3494446",,"0","580","active","ro","FP72","Filtru habitaclu","filtru-habitaclu-fp72","Filtru habitaclu","Filtru habitaclu","","<table border=""0"" cellpadding=""1"" cellspacing=""1"" style=""width:500px"">
	<tbody>
		<tr>
			<th scope=""row"">Tip filtru</th>
			<td>&nbsp;Panou</td>
		</tr>
		<tr>
			<th scope=""row"">Lungime [mm]</th>
			<td>&nbsp;207</td>
		</tr>
		<tr>
			<th scope=""row"">Latime [mm]</th>
			<td>&nbsp;178&nbsp;</td>
		</tr>
		<tr>
			<th scope=""row"">Inaltime [mm]</th>
			<td>&nbsp;30</td>
		</tr>
	</tbody>
</table>

<p>Import SUA</p>
","","","","in_supplier_stock","14/2/2018 16:26:09","14/2/2018 16:26:09","kit",""
"3494447",,"0","580","active","ro","FA1897","Filtru aer","filtru-aer-fa1897","Filtru aer","Filtru aer","","<table border=""0"" cellpadding=""1"" cellspacing=""1"" style=""width:500px"">
	<tbody>
		<tr>
			<th scope=""row"">Tip filtru</th>
			<td>&nbsp;Panou</td>
		</tr>
		<tr>
			<th scope=""row"">Lungime [mm]</th>
			<td>&nbsp;315</td>
		</tr>
		<tr>
			<th scope=""row"">Latime [mm]</th>
			<td>&nbsp;245</td>
		</tr>
		<tr>
			<th scope=""row"">Inaltime [mm]</th>
			<td>&nbsp;85</td>
		</tr>
	</tbody>
</table>

<p>Import SUA</p>
","","","","in_supplier_stock","14/2/2018 16:36:13","14/2/2018 16:36:13","kit",""
"3494448",,"0","580","active","ro","FA1908","Filtru aer","filtru-aer-fa1908","Filtru aer","Filtru aer","","<table border=""0"" cellpadding=""1"" cellspacing=""1"" style=""width:500px"">
	<tbody>
		<tr>
			<th scope=""row"">Tip filtru</th>
			<td>&nbsp;Cartus</td>
		</tr>
		<tr>
			<th scope=""row"">Inaltime [mm]</th>
			<td>&nbsp;207</td>
		</tr>
		<tr>
			<th scope=""row"">Diametru exterior superior [mm]</th>
			<td>&nbsp;157</td>
		</tr>
		<tr>
			<th scope=""row"">Diametru exterior inferior [mm]</th>
			<td>&nbsp;154</td>
		</tr>
	</tbody>
</table>

<p>Import SUA</p>
","","","","in_supplier_stock","14/2/2018 16:39:50","14/2/2018 16:39:50","kit",""
"3494449",,"0","580","active","ro","FP70","Filtru habitaclu","filtru-habitaclu-fp70","Filtru habitaclu","Filtru habitaclu","","<table border=""0"" cellpadding=""1"" cellspacing=""1"" style=""width:500px"">
	<tbody>
		<tr>
			<th scope=""row"">Tip filtru</th>
			<td>&nbsp;Panou</td>
		</tr>
		<tr>
			<th scope=""row"">Lungime [mm]</th>
			<td>&nbsp;250</td>
		</tr>
		<tr>
			<th scope=""row"">Latime [mm]</th>
			<td>&nbsp;203</td>
		</tr>
		<tr>
			<th scope=""row"">Inaltime [mm]</th>
			<td>&nbsp;36</td>
		</tr>
	</tbody>
</table>

<p>Import SUA</p>
","","","","in_supplier_stock","14/2/2018 16:42:23","14/2/2018 16:42:23","kit",""
"3494450",,"0","577","active","ro","PF48E","Filtru ulei","filtru-ulei-pf48e","Filtru ulei","Filtru ulei","","<table border=""0"" cellpadding=""1"" cellspacing=""1"" style=""width:500px"">
	<tbody>
		<tr>
			<th scope=""row"">Tip filtru</th>
			<td>&nbsp;Insurubabil</td>
		</tr>
		<tr>
			<th scope=""row"">Inaltime [mm]</th>
			<td>&nbsp;88</td>
		</tr>
		<tr>
			<th scope=""row"">Diametru exterior superior [mm]</th>
			<td>&nbsp;74</td>
		</tr>
		<tr>
			<th scope=""row"">Dimensiune filet</th>
			<td>&nbsp;22 x 1.5 mm</td>
		</tr>
	</tbody>
</table>

<p>Import SUA</p>
","","","","in_supplier_stock","14/2/2018 16:48:36","14/2/2018 16:50:06","kit",""
"3494451",,"0","39","active","ro","PRT5443","Disc frana","disc-frana-prt5443","Disc frana","Disc frana","","<table border=""0"" cellpadding=""1"" cellspacing=""1"" style=""width:500px"">
	<tbody>
		<tr>
			<th scope=""row"">Parte montare</th>
			<td>&nbsp;Fata</td>
		</tr>
		<tr>
			<th scope=""row"">Diametru exterior [mm]</th>
			<td>&nbsp;300.22</td>
		</tr>
		<tr>
			<th scope=""row"">Tip disc</th>
			<td>&nbsp;Ventilat</td>
		</tr>
	</tbody>
</table>

<p>Import SUA</p>
","","no","no","in_stock","1/3/2018 17:47:02","1/3/2018 17:47:02","kit",""
"3494452",,"0","636","active","ro","V4351","Supapa evacuare ","supapa-evacuare-v4351","Supapa evacuare ","Supapa evacuare ","","<table border=""0"" cellpadding=""1"" cellspacing=""1"" style=""width:500px"">
	<tbody>
		<tr>
			<th scope=""row"">Lungime supapa [mm]</th>
			<td>&nbsp;108</td>
		</tr>
		<tr>
			<th scope=""row"">Diametru tija [mm]</th>
			<td>&nbsp;6</td>
		</tr>
		<tr>
			<th scope=""row"">Material tija</th>
			<td>&nbsp;Crom</td>
		</tr>
	</tbody>
</table>

<p>Import SUA</p>
","","","","in_supplier_stock","5/3/2018 18:09:01","5/3/2018 18:09:01","kit",""
"3494453",,"0","636","active","ro","S93155","Set segmenti motor","set-segmenti-motor-s93155","Set segmenti motor","Set segmenti motor","","<table border=""0"" cellpadding=""1"" cellspacing=""1"" style=""width:500px"">
	<tbody>
		<tr>
			<th scope=""row"">Dimensiune</th>
			<td>&nbsp;Standard</td>
		</tr>
	</tbody>
</table>

<p>Import SUA</p>
","","","","in_stock","5/3/2018 18:15:43","5/3/2018 18:15:43","kit",""
"3494454",,"0","636","active","ro","S420V","Simering supape","simering-supape-s420v","Simering supape","Simering supape","","<table border=""0"" cellpadding=""1"" cellspacing=""1"" style=""width:500px"">
	<tbody>
		<tr>
			<th scope=""row"">Tip piesa</th>
			<td>&nbsp;Inlocuitor oficial al piesei OE</td>
		</tr>
		<tr>
			<th scope=""row"">Import</th>
			<td>&nbsp;SUA</td>
		</tr>
	</tbody>
</table>

<p>&nbsp;</p>
","","","","in_stock","5/3/2018 18:23:08","5/3/2018 18:23:08","kit",""
"3494455",,"0","636","active","ro","V4352","Supapa admisie","supapa-admisie-v4352","Supapa admisie","Supapa admisie","","<table border=""0"" cellpadding=""1"" cellspacing=""1"" style=""width:500px"">
	<tbody>
		<tr>
			<th scope=""row"">Lungime supapa [mm]</th>
			<td>&nbsp;105</td>
		</tr>
		<tr>
			<th scope=""row"">Diametru tija [mm]</th>
			<td>&nbsp;6.0</td>
		</tr>
		<tr>
			<th scope=""row"">Material tija&nbsp;</th>
			<td>&nbsp;Crom</td>
		</tr>
	</tbody>
</table>

<p>Import SUA</p>
","","","","in_stock","5/3/2018 18:29:03","5/3/2018 18:29:03","kit",""
"3494456",,"0","636","active","ro","L2319","Tachet hidraulic","tachet-hidraulic-l2319","Tachet hidraulic","Tachet hidraulic","","<table border=""0"" cellpadding=""1"" cellspacing=""1"" style=""width:500px"">
	<tbody>
		<tr>
			<th scope=""row"">Parte montare</th>
			<td>&nbsp;Motor</td>
		</tr>
		<tr>
			<th scope=""row"">Tip tachet</th>
			<td>&nbsp;Hidraulic</td>
		</tr>
		<tr>
			<th scope=""row"">Import&nbsp;</th>
			<td>&nbsp;SUA</td>
		</tr>
	</tbody>
</table>

<p>&nbsp;</p>
","","","","in_stock","5/3/2018 18:44:36","5/3/2018 18:44:36","kit",""
"3494457",,"0","636","active","ro","ECR407","Biela motor","biela-motor-ecr407","Biela motor","Biela motor","","<table border=""0"" cellpadding=""1"" cellspacing=""1"" style=""width:500px"">
	<tbody>
		<tr>
			<th scope=""row"">Import&nbsp;</th>
			<td>&nbsp;SUA</td>
		</tr>
		<tr>
			<th scope=""row"">&nbsp;</th>
			<td>&nbsp;</td>
		</tr>
		<tr>
			<th scope=""row"">&nbsp;</th>
			<td>&nbsp;</td>
		</tr>
	</tbody>
</table>

<p>&nbsp;</p>
","","","","in_stock","5/3/2018 18:56:05","5/3/2018 18:56:05","kit",""
"3494458",,"0","636","active","ro","C211K1","Kit garnituri motor","kit-garnituri-motor-c211k1","Kit garnituri motor","Kit garnituri motor","","<table border=""0"" cellpadding=""1"" cellspacing=""1"" style=""width:500px"">
	<tbody>
		<tr>
			<th scope=""row"">Contine elementele:</th>
			<td>&nbsp;</td>
		</tr>
		<tr>
			<th scope=""row"">C211CSA</th>
			<td>&nbsp;Kit garnituri inferioare</td>
		</tr>
		<tr>
			<th scope=""row"">C211HSA</th>
			<td>&nbsp;Kit garnituri chiulasa</td>
		</tr>
	</tbody>
</table>

<p>Import SUA</p>
","","","","in_supplier_stock","5/3/2018 19:01:18","5/3/2018 19:01:18","kit",""
"3494461",,"0","577","active","ro","1533794","Conducta aer conditionat","conducta-aer-conditionat-1533794","Conducta aer conditionat","Conducta aer conditionat","","<table border=""0"" cellpadding=""1"" cellspacing=""1"" style=""width:500px"">
	<tbody>
		<tr>
			<th scope=""row"">Material&nbsp;</th>
			<td>&nbsp;Aluminiu</td>
		</tr>
		<tr>
			<th scope=""row"">Tip terminale</th>
			<td>&nbsp;Tata</td>
		</tr>
	</tbody>
</table>

<p>Import SUA</p>
","","","","in_stock","12/3/2018 19:22:24","12/3/2018 19:22:24","kit",""
"3494462",,"0","577","active","ro","1563234","Radiator incalzire","radiator-incalzire-1563234","Radiator incalzire","Radiator incalzire","","<table border=""0"" cellpadding=""1"" cellspacing=""1"" style=""width:500px"">
	<tbody>
		<tr>
			<th scope=""row"">Lungime [mm]</th>
			<td>&nbsp;295</td>
		</tr>
		<tr>
			<th scope=""row"">Grosime [mm]</th>
			<td>&nbsp;20.6</td>
		</tr>
		<tr>
			<th scope=""row"">Latime [mm]</th>
			<td>&nbsp;140.5</td>
		</tr>
		<tr>
			<th scope=""row"">Material</th>
			<td>&nbsp;Aluminiu</td>
		</tr>
		<tr>
			<th scope=""row"">Diametru conducta evacuare [mm]</th>
			<td>&nbsp;0.63</td>
		</tr>
		<tr>
			<th scope=""row"">Diametru conducta admisie [mm]</th>
			<td>&nbsp;0.75</td>
		</tr>
		<tr>
			<th scope=""row"">Pozitia conductelor ajustabila</th>
			<td>&nbsp;Nu</td>
		</tr>
		<tr>
			<th scope=""row"">Garnituri incluse</th>
			<td>&nbsp;Nu</td>
		</tr>
	</tbody>
</table>

<p>Import SUA</p>
","","no","no","in_stock","14/3/2018 14:28:19","14/3/2018 14:28:19","kit",""
"3494463",,"0","577","active","ro","18K1863","Culisa etrier","culisa-etrier-18k1863","Culisa etrier","%Culisa; %etrier; %cadillac; %chevrolet; %yukon; %sistem; %franare","","<table border=""0"" cellpadding=""1"" cellspacing=""1"" style=""width:500px"">
	<tbody>
		<tr>
			<th scope=""row"">Parte montare</th>
			<td>&nbsp;Fata</td>
		</tr>
		<tr>
			<th scope=""row"">Material&nbsp;</th>
			<td>&nbsp;Otel</td>
		</tr>
		<tr>
			<th scope=""row"">Lungime [mm]</th>
			<td>&nbsp;87.12</td>
		</tr>
		<tr>
			<th scope=""row"">Diametru filet [mm]</th>
			<td>&nbsp;16</td>
		</tr>
	</tbody>
</table>

<p>Import SUA</p>
","","","","in_stock","15/3/2018 15:58:11","15/3/2018 15:58:11","kit",""
"3494464",,"0","577","active","ro","18K1177","Culisa etrier","culisa-etrier-18k1177","Culisa etrier","%Culisa; %etrier; %cadillac; %chevrolet; %yukon; %sistem; %franare","","<table border=""0"" cellpadding=""1"" cellspacing=""1"" style=""width:500px"">
	<tbody>
		<tr>
			<th scope=""row"">Parte montare</th>
			<td>&nbsp;Spate</td>
		</tr>
		<tr>
			<th scope=""row"">Material</th>
			<td>&nbsp;Otel</td>
		</tr>
		<tr>
			<th scope=""row"">Lungime [mm]</th>
			<td>&nbsp;76.96</td>
		</tr>
		<tr>
			<th scope=""row"">Diametru filet [mm]</th>
			<td>&nbsp;14</td>
		</tr>
	</tbody>
</table>

<p>Import SUA</p>
","","no","no","in_stock","15/3/2018 16:05:09","15/3/2018 16:05:09","kit",""
"3494469",,"0","649","active","ro","C398F","Lant distributie","lant-distributie-c398f","Lant distributie","Lant distributie","","<table border=""0"" cellpadding=""1"" cellspacing=""1"" style=""width:500px"">
	<tbody>
		<tr>
			<th scope=""row"">Parte montare</th>
			<td>&nbsp;Fata - Primar</td>
		</tr>
		<tr>
			<th scope=""row"">Cod OEM</th>
			<td>&nbsp;F77Z6268AB</td>
		</tr>
	</tbody>
</table>

<p>Import SUA</p>
","","","","in_stock","15/3/2018 17:08:30","15/3/2018 17:08:30","kit",""
"3494470",,"0","577","active","ro","1710992","Saboti frana","saboti-frana-1710992","Saboti frana","Saboti frana","","<table border=""0"" cellpadding=""1"" cellspacing=""1"" style=""width:500px"">
	<tbody>
		<tr>
			<th scope=""row"">Parte montare</th>
			<td>&nbsp;Spate</td>
		</tr>
		<tr>
			<th scope=""row"">Latime [mm]</th>
			<td>&nbsp;29.56</td>
		</tr>
		<tr>
			<th scope=""row"">Grosime material frictiune [mm]</th>
			<td>&nbsp;4.22</td>
		</tr>
	</tbody>
</table>

<p>Import SUA</p>
","","no","no","in_stock","16/3/2018 18:53:26","16/3/2018 18:53:26","kit",""
"3494466",,"0","591","active","ro","141190","Suport etrier","suport-etrier-141190","Suport etrier","%suport; %etrier; %cadillac; %chevrolet; %yukon; %sistem; %franare","","<table border=""0"" cellpadding=""1"" cellspacing=""1"" style=""width:500px"">
	<tbody>
		<tr>
			<th scope=""row"">Parte montare</th>
			<td>&nbsp;Fata</td>
		</tr>
		<tr>
			<th scope=""row"">Pozitie montare</th>
			<td>&nbsp;Stanga</td>
		</tr>
		<tr>
			<th scope=""row"">Tratat anti-rugina</th>
			<td>&nbsp;Da</td>
		</tr>
	</tbody>
</table>

<p>Livrare 5-12 zile. Import SUA.</p>
","","","","in_supplier_stock","15/3/2018 16:35:59","15/3/2018 16:35:59","kit",""
"3494467",,"0","591","active","ro","141188","Suport etrier","suport-etrier-141188","Suport etrier","%suport; %etrier; %cadillac; %chevrolet; %yukon; %sistem; %franare","","<table border=""0"" cellpadding=""1"" cellspacing=""1"" style=""width:500px"">
	<tbody>
		<tr>
			<th scope=""row"">Parte montare</th>
			<td>&nbsp;Fata</td>
		</tr>
		<tr>
			<th scope=""row"">Pozitie montare</th>
			<td>&nbsp;Dreapta</td>
		</tr>
		<tr>
			<th scope=""row"">Tratat anti-rugina</th>
			<td>&nbsp;Da</td>
		</tr>
	</tbody>
</table>

<p>Livrare in 5-12 zile. Import SUA</p>
","","","","in_supplier_stock","15/3/2018 16:43:53","15/3/2018 16:43:53","kit",""
"3494468",,"0","591","active","ro","141179","Suport etrier","suport-etrier-141179","Suport etrier","%suport; %etrier; %cadillac; %chevrolet; %yukon; %sistem; %franare","","<table border=""0"" cellpadding=""1"" cellspacing=""1"" style=""width:500px"">
	<tbody>
		<tr>
			<th scope=""row"">Parte montare</th>
			<td>&nbsp;Spate</td>
		</tr>
		<tr>
			<th scope=""row"">Parte montare</th>
			<td>&nbsp;Stanga/Dreapta</td>
		</tr>
		<tr>
			<th scope=""row"">Tratat anti-rugina</th>
			<td>&nbsp;Da</td>
		</tr>
	</tbody>
</table>

<p>Livrare in 5-12 zile. Import SUA.</p>
","","","","in_supplier_stock","15/3/2018 16:50:06","15/3/2018 16:50:47","kit",""
"3494475",,"0","577","active","ro","PF61E","Filtru ulei","filtru-ulei-ac-delco-pf61e","Filtru ulei","Filtru ulei","Filtru ulei","<table border=""1"" cellpadding=""1"" cellspacing=""1"" style=""width:500px"">
	<tbody>
		<tr>
			<th scope=""row"">Inaltime[mm]</th>
			<td>&nbsp;&nbsp; 113</td>
		</tr>
		<tr>
			<th scope=""row"">Diametru [mm]</th>
			<td>&nbsp;&nbsp; 74.3</td>
		</tr>
		<tr>
			<th scope=""row"">Filet</th>
			<td>&nbsp;&nbsp; 13/16&quot; 16</td>
		</tr>
		<tr>
			<th scope=""row"">Made in</th>
			<td>&nbsp;&nbsp; USA</td>
		</tr>
	</tbody>
</table>

<p>&nbsp;</p>
","","no","no","in_stock","22/3/2018 22:20:08","27/3/2018 19:45:38","newAMPart","PF61E"
"3494476",,"0","650","active","ro","511051","Lucas aripa fata; Alb/Crom","lucas-aripa-fata-albcrom-511051","","Lucas aripa fata; Alb/Crom","","<table border=""0"" cellpadding=""1"" cellspacing=""1"" style=""width:500px"">
	<tbody>
		<tr>
			<th scope=""row"">Unitate</th>
			<td>&nbsp;Set (2 buc.)</td>
		</tr>
		<tr>
			<th scope=""row"">Parte montare</th>
			<td>&nbsp;Fata</td>
		</tr>
		<tr>
			<th scope=""row"">Pozitie montare</th>
			<td>&nbsp;Stanga / Dreapta</td>
		</tr>
		<tr>
			<th scope=""row"">Culoare</th>
			<td>&nbsp;Alb / Stil european</td>
		</tr>
	</tbody>
</table>

<p>Import SUA 5-12 zile</p>
","","","","in_supplier_stock","28/3/2018 15:19:25","27/7/2018 17:31:05","kit",""
"3494477",,"0","589","active","ro","88984501","Simering cutie transfer","simering-cutie-transfer-88984501","Simering cutie transfer","Simering cutie transfer","","<table border=""0"" cellpadding=""1"" cellspacing=""1"" style=""width:500px"">
	<tbody>
		<tr>
			<th scope=""row"">Parte montare</th>
			<td>&nbsp;Fata</td>
		</tr>
		<tr>
			<th scope=""row"">Parte montare</th>
			<td>&nbsp;Cutie transfer</td>
		</tr>
		<tr>
			<th scope=""row"">&nbsp;</th>
			<td>&nbsp;</td>
		</tr>
	</tbody>
</table>

<p>Import SUA</p>
","","no","no","in_stock","2/5/2018 16:43:20","2/5/2018 16:43:20","kit",""
"3494478",,"0","589","active","ro","15088365","Bucsa bascula inferioara ","bucsa-bascula-inferioara-15088365","Bucsa bascula inferioara ","suspensie, directie , roti , atriculatie suspensie , bucsa , bucsa brat suspensie , supensie directie roti, bucsa bascula, bascula , brat, amortizor","","<table border=""1"" cellpadding=""1"" cellspacing=""1"" style=""width:500px"">
	<tbody>
		<tr>
			<th scope=""row"">Parte montare</th>
			<td>&nbsp; fata spre fata</td>
		</tr>
		<tr>
			<th scope=""row"">Parte montare</th>
			<td>&nbsp;&nbsp; brat inferior</td>
		</tr>
		<tr>
			<th scope=""row"">Produs</th>
			<td>&nbsp;&nbsp;&nbsp; origine</td>
		</tr>
	</tbody>
</table>

<p>&nbsp;</p>
","","","","in_stock","2/5/2018 21:19:24","27/7/2018 16:58:37","kit",""
"3494479",,"0","577","active","ro","1761469","Racord frana","racord-frana-1761469","Racord frana","racord; frana; sistem; franare; hummer; h3;","","<table border=""0"" cellpadding=""1"" cellspacing=""1"" style=""width:500px"">
	<tbody>
		<tr>
			<th scope=""row"">Parte montare</th>
			<td>&nbsp;Spate</td>
		</tr>
		<tr>
			<th scope=""row"">Pozitie montare</th>
			<td>&nbsp;Stanga</td>
		</tr>
		<tr>
			<th scope=""row"">Dimensiune [cm]</th>
			<td>&nbsp;35.78</td>
		</tr>
	</tbody>
</table>

<p>Import SUA</p>
","","no","no","in_stock","16/5/2018 21:18:04","16/5/2018 21:28:59","kit",""
"3494481",,"0","577","active","ro","18J4854","Racord frana","racord-frana-18j4854","Racord frana","racord; frana; sistem; franare; hummer; h3;","","<table border=""0"" cellpadding=""1"" cellspacing=""1"" style=""width:500px"">
	<tbody>
		<tr>
			<th scope=""row"">Parte montare</th>
			<td>&nbsp;Spate</td>
		</tr>
		<tr>
			<th scope=""row"">Pozitie montare</th>
			<td>&nbsp;Centru</td>
		</tr>
		<tr>
			<th scope=""row"">Dimensiune [cm]</th>
			<td>&nbsp;32</td>
		</tr>
		<tr>
			<th scope=""row"">Bucati in cutie</th>
			<td>&nbsp;2</td>
		</tr>
	</tbody>
</table>

<p>Import SUA</p>
","","no","no","in_stock","16/5/2018 21:39:08","16/5/2018 21:39:08","kit",""
"3494480",,"0","577","active","ro","1761468","Racord frana","racord-frana-1761468","Racord frana","racord; frana; sistem; franare; hummer; h3;","","<table border=""0"" cellpadding=""1"" cellspacing=""1"" style=""width:500px"">
	<tbody>
		<tr>
			<th scope=""row"">Parte montare</th>
			<td>&nbsp;Spate</td>
		</tr>
		<tr>
			<th scope=""row"">Pozitie montare</th>
			<td>&nbsp;Dreapta</td>
		</tr>
		<tr>
			<th scope=""row"">Dimensiune [cm]</th>
			<td>&nbsp;35.78</td>
		</tr>
	</tbody>
</table>

<p>Import SUA</p>
","","no","no","in_stock","16/5/2018 21:27:30","16/5/2018 21:30:17","kit",""
"3494482",,"0","577","active","ro","1761746","Racord frana","racord-frana-1761746","Racord frana","racord; frana; sistem; franare; hummer; h3;","","<table border=""0"" cellpadding=""1"" cellspacing=""1"" style=""width:500px"">
	<tbody>
		<tr>
			<th scope=""row"">Parte montare</th>
			<td>&nbsp;Fata</td>
		</tr>
		<tr>
			<th scope=""row"">Parte montare</th>
			<td>&nbsp;Stanga</td>
		</tr>
		<tr>
			<th scope=""row"">Dimensiune [cm]</th>
			<td>&nbsp;60.20</td>
		</tr>
	</tbody>
</table>

<p>Import SUA</p>
","","no","no","in_stock","16/5/2018 21:44:55","16/5/2018 21:44:55","kit",""
"3494483",,"0","598","active","ro","15102550","Bucsa amortizor ","bucsa-amortizor-15102550","Bucsa amortizor ","Bucsa amortizor ","","<table border=""0"" cellpadding=""1"" cellspacing=""1"" style=""width:500px"">
	<tbody>
		<tr>
			<th scope=""row"">Parte montare</th>
			<td>&nbsp;Fata</td>
		</tr>
		<tr>
			<th scope=""row"">Pozitie montare</th>
			<td>&nbsp;Stanga/Dreapta</td>
		</tr>
		<tr>
			<th scope=""row"">Pozitie montare</th>
			<td>&nbsp;Inferior</td>
		</tr>
	</tbody>
</table>

<p>Import SUA</p>
","","","","in_stock","17/5/2018 18:15:22","17/5/2018 18:15:22","kit",""
"3494484",,"0","588","active","ro","8C3Z4L616B","Simering diferential","simering-diferential-8c3z4l616b","Simering diferential","Simering diferential","","<table border=""0"" cellpadding=""1"" cellspacing=""1"" style=""width:500px"">
	<tbody>
		<tr>
			<th scope=""row"">Material&nbsp;</th>
			<td>&nbsp;Cauciuc</td>
		</tr>
		<tr>
			<th scope=""row"">Material</th>
			<td>&nbsp;Fier</td>
		</tr>
		<tr>
			<th scope=""row"">Parte montare</th>
			<td>&nbsp;Diferential</td>
		</tr>
	</tbody>
</table>

<p>Import SUA</p>
","","","","in_stock","17/5/2018 18:27:21","17/5/2018 18:27:21","kit",""
"3494486",,"0","599","active","ro","10210840","Placute frana","placute-frana-10210840","Placute frana","Placute frana","","<table border=""0"" cellpadding=""1"" cellspacing=""1"" style=""width:500px"">
	<tbody>
		<tr>
			<th scope=""row"">Parte montare</th>
			<td>&nbsp;Fata</td>
		</tr>
		<tr>
			<th scope=""row"">Lungime [mm]</th>
			<td>177.8</td>
		</tr>
		<tr>
			<th scope=""row"">Latime [mm]</th>
			<td>60.9</td>
		</tr>
		<tr>
			<th scope=""row"">Inaltime [mm]</th>
			<td>17.7</td>
		</tr>
	</tbody>
</table>

<p>Import SUA</p>

<p>Fabricat in China</p>

<p>&nbsp;</p>
","","","","in_stock","15/6/2018 19:40:51","15/6/2018 20:03:19","kit",""
"3494487",,"0","577","active","ro","46G0318A","Bieleta antiruliu","bieleta-antiruliu-46g0318a","Bieleta antiruliu","Bieleta antiruliu","","<table border=""0"" cellpadding=""1"" cellspacing=""1"" style=""width:500px"">
	<tbody>
		<tr>
			<th scope=""row"">Parte montare</th>
			<td>&nbsp;Fata</td>
		</tr>
		<tr>
			<th scope=""row"">Parte montare</th>
			<td>&nbsp;Stg/Dr</td>
		</tr>
	</tbody>
</table>

<p>Import SUA</p>
","","","","in_stock","15/6/2018 19:51:05","15/6/2018 19:51:45","kit",""
"3494488",,"0","598","active","ro","68041718AC","Bieleta antiruliu","bieleta-antiruliu-68041718ac","Bieleta antiruliu","Bieleta antiruliu","","<table border=""0"" cellpadding=""1"" cellspacing=""1"" style=""width:500px"">
	<tbody>
		<tr>
			<th scope=""row"">Parte montare&nbsp;</th>
			<td>&nbsp;Spate Stg/Dr</td>
		</tr>
		<tr>
			<th scope=""row"">Produs</th>
			<td>Origine Mopar</td>
		</tr>
	</tbody>
</table>

<p>Import SUA</p>

<p>Fabricat in Canada</p>

<p>&nbsp;</p>
","","","","in_stock","15/6/2018 19:57:11","15/6/2018 20:10:00","kit",""
"3494489",,"0","593","active","ro","MS40894","Bucsa bara stabilizatoare","bucsa-bara-stabilizatoare-ms40894","","stabilizare, rigidizare , bara stabilizare , stabilizator , suspensie,bucsa bara stabilizare , bucsa stabilizare , BBS","","<table border=""1"" cellpadding=""1"" cellspacing=""1"" style=""width:500px"">
	<tbody>
		<tr>
			<th scope=""row"">Parte montare</th>
			<td>&nbsp;Punte fata</td>
		</tr>
		<tr>
			<th scope=""row"">Diametru bara {mm}</th>
			<td>&nbsp; 33</td>
		</tr>
		<tr>
			<th scope=""row"">Made in</th>
			<td>&nbsp; USA</td>
		</tr>
	</tbody>
</table>

<p>&nbsp;</p>
","","","","in_stock","15/6/2018 20:30:53","15/6/2018 20:30:53","kit",""
"3494490",,"0","577","active","ro","46C1123A","Suport brat semicaseta directie","suport-brat-semicaseta-directie-46c1123a","Suport brat semicaseta directie","Suport brat semicaseta directie","","<table border=""0"" cellpadding=""1"" cellspacing=""1"" style=""width:500px"">
	<tbody>
		<tr>
			<th scope=""row"">Parte montare</th>
			<td>&nbsp;Sistem directie</td>
		</tr>
	</tbody>
</table>

<p>Import SUA</p>
","","","","in_stock","20/6/2018 17:26:49","20/6/2018 17:26:49","kit",""
"3494491",,"0","604","active","ro","F31731","Garnitura etansare galerie evacuare","garnitura-etansare-galerie-evacuare-f31731","Garnitura etansare galerie evacuare","Garnitura etansare galerie evacuare","","<table border=""0"" cellpadding=""1"" cellspacing=""1"" style=""width:500px"">
	<tbody>
		<tr>
			<th scope=""row"">Parte montare</th>
			<td>&nbsp;Sistem evacuare</td>
		</tr>
		<tr>
			<th scope=""row"">Grosime inel [mm]</th>
			<td>&nbsp;27.3</td>
		</tr>
		<tr>
			<th scope=""row"">Diametru exterior inel [mm]</th>
			<td>&nbsp;75.62</td>
		</tr>
		<tr>
			<th scope=""row"">Diametru interior [mm]</th>
			<td>&nbsp;60.99</td>
		</tr>
	</tbody>
</table>

<p>&nbsp;Import SUA</p>
","","","","in_stock","26/6/2018 16:40:49","26/6/2018 16:40:49","kit",""
"3494492",,"0","604","active","ro","F31619","Garnitura etansare galerie evacuare","garnitura-etansare-galerie-evacuare-f31619","Garnitura etansare galerie evacuare","Garnitura etansare galerie evacuare","","<table border=""0"" cellpadding=""1"" cellspacing=""1"" style=""width:500px"">
	<tbody>
		<tr>
			<th scope=""row"">Parte montare</th>
			<td>&nbsp;Sistem de esapament</td>
		</tr>
		<tr>
			<th scope=""row"">Parte montare</th>
			<td>&nbsp;Galerie evacuare</td>
		</tr>
	</tbody>
</table>

<p>Import SUA</p>
","","","","in_stock","26/6/2018 16:56:31","26/6/2018 16:56:31","kit",""
"3494493",,"0","577","active","ro","45A2258","Bieleta directie","bieleta-directie-45a2258","Bieleta directie","Bieleta directie","","<table border=""0"" cellpadding=""1"" cellspacing=""1"" style=""width:500px"">
	<tbody>
		<tr>
			<th scope=""row"">Parte montare</th>
			<td>&nbsp;Sistem directie</td>
		</tr>
		<tr>
			<th scope=""row"">Pozitie montare</th>
			<td>&nbsp;Stanga / Dreapta</td>
		</tr>
		<tr>
			<th scope=""row"">Material</th>
			<td>&nbsp;Otel</td>
		</tr>
		<tr>
			<th scope=""row"">&nbsp;</th>
			<td>&nbsp;</td>
		</tr>
	</tbody>
</table>

<p>Import SUA</p>
","","","","in_stock","10/7/2018 21:15:37","10/7/2018 21:15:37","kit",""
"3494494",,"0","577","active","ro","CF1130C","Filtru polen","filtru-polen-cf1130c","filtru polen ","filtru, filtre, filtru polen, filtru habitaclu, filtru aer conditionat, filtre ,igienizare ","","<table border=""1"" cellpadding=""1"" cellspacing=""1"" style=""width:500px"">
	<tbody>
		<tr>
			<th scope=""row"">Lungime</th>
			<td>&nbsp;&nbsp;&nbsp;&nbsp;&nbsp;&nbsp;&nbsp;&nbsp;&nbsp;&nbsp; 265.4 mm</td>
		</tr>
		<tr>
			<th scope=""row"">Latime</th>
			<td>&nbsp;&nbsp;&nbsp;&nbsp;&nbsp;&nbsp;&nbsp;&nbsp;&nbsp;&nbsp; 243.1 mm</td>
		</tr>
		<tr>
			<th scope=""row"">Inaltime</th>
			<td>&nbsp;&nbsp;&nbsp;&nbsp;&nbsp;&nbsp;&nbsp;&nbsp;&nbsp;&nbsp;&nbsp; 23.6 mm</td>
		</tr>
	</tbody>
</table>

<p>&nbsp;</p>
","","","","in_stock","20/7/2018 16:54:23","20/7/2018 16:54:23","kit",""
"3494495",,"0","598","active","ro","1K0998225","Kit reparatie far ","kit-reparatie-far-1k0998225","kit ","faruri, faruri componenta , reglaj far, kit reparatie far, kit, reparatie far ","","<table border=""1"" cellpadding=""1"" cellspacing=""1"" style=""width:500px"">
	<tbody>
		<tr>
			<th scope=""row"">Parte montare</th>
			<td>&nbsp; fata stg</td>
		</tr>
		<tr>
			<th scope=""row"">Produs</th>
			<td>&nbsp; origine</td>
		</tr>
		<tr>
			<th scope=""row"">Kit</th>
			<td>&nbsp; complet</td>
		</tr>
	</tbody>
</table>

<p>&nbsp;</p>
","","","","in_stock","23/7/2018 21:13:40","23/7/2018 21:13:40","kit",""
"3494496",,"0","598","active","ro","1K0998226","Kit reparatie far","kit-reparatie-far-1k0998226","kit","faruri, faruri componenta , reglaj far, kit reparatie far, kit, reparatie far","","<table border=""1"" cellpadding=""1"" cellspacing=""1"" style=""width:500px"">
	<tbody>
		<tr>
			<th scope=""row"">Parte montare</th>
			<td>&nbsp; fata dr</td>
		</tr>
		<tr>
			<th scope=""row"">Produs</th>
			<td>&nbsp; origine</td>
		</tr>
		<tr>
			<th scope=""row"">Kit</th>
			<td>&nbsp; complet</td>
		</tr>
	</tbody>
</table>

<p>&nbsp;</p>
","","","","in_stock","23/7/2018 21:29:11","23/7/2018 21:29:11","kit",""
"3494497",,"0","580","active","ro","FL2051S","Filtru ulei","filtru-ulei-fl2051s","Filtru ulei","Filtru ulei","","<table border=""0"" cellpadding=""1"" cellspacing=""1"" style=""width:500px"">
	<tbody>
		<tr>
			<th scope=""row"">Tip filtru</th>
			<td>&nbsp;Infiletabil</td>
		</tr>
		<tr>
			<th scope=""row"">Inaltime [mm]</th>
			<td>&nbsp;176</td>
		</tr>
		<tr>
			<th scope=""row"">Diametru exterior superior [mm]</th>
			<td>&nbsp;94</td>
		</tr>
		<tr>
			<th scope=""row"">Dimensiune filet&nbsp;</th>
			<td>&nbsp;1/16</td>
		</tr>
	</tbody>
</table>

<p>Import SUA</p>
","","no","no","in_stock","25/7/2018 15:36:39","25/7/2018 15:36:39","kit",""
"3494498",,"0","580","active","ro","FA1902","Filtru aer","filtru-aer-fa1902","Filtru aer","Filtru aer","","<table border=""0"" cellpadding=""1"" cellspacing=""1"" style=""width:500px"">
	<tbody>
		<tr>
			<th scope=""row"">Tip filtru</th>
			<td>&nbsp;Panou</td>
		</tr>
		<tr>
			<th scope=""row"">Lungime [mm]</th>
			<td>&nbsp;358</td>
		</tr>
		<tr>
			<th scope=""row"">Latime [mm]</th>
			<td>&nbsp;172</td>
		</tr>
		<tr>
			<th scope=""row"">Inaltime [mm]</th>
			<td>&nbsp;105</td>
		</tr>
	</tbody>
</table>

<p>Import SUA</p>
","","","","in_stock","25/7/2018 15:55:04","25/7/2018 15:55:04","kit",""
"3494499",,"0","580","active","ro","FD4615","Filtru combustibil","filtru-combustibil-fd4615","Filtru combustibil","Filtru combustibil","","<table border=""0"" cellpadding=""1"" cellspacing=""1"" style=""width:500px"">
	<tbody>
		<tr>
			<th scope=""row"">Tip filtru</th>
			<td>&nbsp;Cartus</td>
		</tr>
		<tr>
			<th scope=""row"">Inaltime [mm]</th>
			<td>&nbsp;133</td>
		</tr>
		<tr>
			<th scope=""row"">Diametru exterior superior [mm]</th>
			<td>&nbsp;102</td>
		</tr>
		<tr>
			<th scope=""row"">Diametru exterior inferior [mm]</th>
			<td>&nbsp;100</td>
		</tr>
	</tbody>
</table>

<p>Import SUA</p>
","","","","in_stock","25/7/2018 16:14:24","25/7/2018 16:14:24","kit",""
"3494500",,"0","580","active","ro","FP67","Filtru habitaclu","filtru-habitaclu-fp67","Filtru habitaclu","Filtru habitaclu","","<table border=""0"" cellpadding=""1"" cellspacing=""1"" style=""width:500px"">
	<tbody>
		<tr>
			<th scope=""row"">Tip filtru</th>
			<td>&nbsp;Panou</td>
		</tr>
		<tr>
			<th scope=""row"">Lungime [mm]</th>
			<td>&nbsp;265</td>
		</tr>
		<tr>
			<th scope=""row"">Latime [mm]</th>
			<td>&nbsp;210</td>
		</tr>
		<tr>
			<th scope=""row"">Inaltime [mm]</th>
			<td>&nbsp;39</td>
		</tr>
	</tbody>
</table>

<p>Import SUA</p>
","","","","in_stock","25/7/2018 16:59:59","25/7/2018 16:59:59","kit",""
"3494586",,"0","636","active","ro","EK322","Kit reparatie pompa ulei","kit-reparatie-pompa-ulei-ek322","Kit reparatie pompa ulei","Kit reparatie pompa ulei","","<table border=""0"" cellpadding=""1"" cellspacing=""1"" style=""width:500px"">
	<tbody>
		<tr>
			<th scope=""row"">Parte montare</th>
			<td>&nbsp;Pompa ulei</td>
		</tr>
		<tr>
			<th scope=""row"">&nbsp;</th>
			<td>&nbsp;</td>
		</tr>
		<tr>
			<th scope=""row"">&nbsp;</th>
			<td>&nbsp;</td>
		</tr>
	</tbody>
</table>

<p>Import SUA</p>
","","","","in_stock","9/1/2020 13:19:27","9/1/2020 13:19:27","kit",""
"3494501",,"0","26","active","ro","SG330109 ","Amortizor Capota ","amortizor-capota-sg330109","","capota ,amortizor, lift support, amortizor capota , caroserie , capota fata ","","<table border=""1"" cellpadding=""1"" cellspacing=""1"" style=""width:500px"">
	<tbody>
		<tr>
			<th scope=""row"">Parte montare</th>
			<td>&nbsp;Capota fata</td>
		</tr>
		<tr>
			<th scope=""row"">Producator</th>
			<td>&nbsp; Sachs</td>
		</tr>
		<tr>
			<th scope=""row"">&nbsp;</th>
			<td>&nbsp;</td>
		</tr>
	</tbody>
</table>

<p>&nbsp;</p>
","","","","in_stock","9/8/2018 21:05:47","9/8/2018 21:10:53","kit",""
"3494502",,"0","651","active","ro","10695","Radiator aer conditionat","radiator-aer-conditionat-10695","Radiator aer conditionat","Radiator aer conditionat","","<table border=""0"" cellpadding=""1"" cellspacing=""1"" style=""width:500px"">
	<tbody>
		<tr>
			<th scope=""row"">Lungime nucleu [mm]</th>
			<td>&nbsp;847</td>
		</tr>
		<tr>
			<th scope=""row"">Grosime nucleu [mm]</th>
			<td>&nbsp;16</td>
		</tr>
		<tr>
			<th scope=""row"">Latime nucleu [mm]</th>
			<td>&nbsp;443</td>
		</tr>
	</tbody>
</table>

<p>Import SUA</p>
","","no","no","in_stock","26/9/2018 21:22:26","26/9/2018 21:22:26","kit",""
"3494503",,"0","599","active","ro","10315080","Placute frana","placute-frana-10315080","Placute frana","Placute frana","","<table border=""0"" cellpadding=""1"" cellspacing=""1"" style=""width:500px"">
	<tbody>
		<tr>
			<th scope=""row"">Parte montare</th>
			<td>&nbsp;Fata</td>
		</tr>
		<tr>
			<th scope=""row"">Lungime [mm]</th>
			<td>&nbsp;195.3</td>
		</tr>
		<tr>
			<th scope=""row"">Latime [mm]</th>
			<td>&nbsp;54.4</td>
		</tr>
		<tr>
			<th scope=""row"">Grosime [mm]</th>
			<td>&nbsp;17.9</td>
		</tr>
	</tbody>
</table>

<p>Import SUA</p>
","","no","no","in_stock","19/10/2018 18:06:37","19/10/2018 18:09:21","kit",""
"3494504",,"0","579","active","ro","928349","Bucsa bara stabilizatoare","bucsa-bara-stabilizatoare-928349","Bucsa bara stabilizatoare","Bucsa bara stabilizatoare","","<table border=""0"" cellpadding=""1"" cellspacing=""1"" style=""width:500px"">
	<tbody>
		<tr>
			<th scope=""row"">Parte montare</th>
			<td>&nbsp;Fata</td>
		</tr>
		<tr>
			<th scope=""row"">Pozitie montare</th>
			<td>&nbsp;Stranga / Dreapta</td>
		</tr>
		<tr>
			<th scope=""row"">Material</th>
			<td>&nbsp;Cauciuc + Metal</td>
		</tr>
	</tbody>
</table>

<p>Import SUA</p>
","","no","no","in_stock","19/10/2018 18:22:40","19/10/2018 18:23:43","kit",""
"3494505",,"0","599","active","ro","10313630","Placute frana","placute-frana-10313630","Placute frana","Placute frana","","<table border=""0"" cellpadding=""1"" cellspacing=""1"" style=""width:500px"">
	<tbody>
		<tr>
			<th scope=""row"">Parte montare</th>
			<td>&nbsp;Fata</td>
		</tr>
		<tr>
			<th scope=""row"">Lungime [mm]</th>
			<td>&nbsp;184.2</td>
		</tr>
		<tr>
			<th scope=""row"">Latime 1 [mm]</th>
			<td>&nbsp;63.9</td>
		</tr>
		<tr>
			<th scope=""row"">Latime 2 [mm]</th>
			<td>&nbsp;59.4</td>
		</tr>
		<tr>
			<th scope=""row"">Grosime [mm]</th>
			<td>&nbsp;18.0</td>
		</tr>
	</tbody>
</table>

<p>Import SUA</p>
","","no","no","in_stock","19/10/2018 18:51:16","19/10/2018 18:51:16","kit",""
"3494506",,"0","603","active","ro","K200114","Bucsa bascula","bucsa-bascula-k200114","Bucsa bascula","Bucsa bascula","","<table border=""0"" cellpadding=""1"" cellspacing=""1"" style=""width:500px"">
	<tbody>
		<tr>
			<th scope=""row"">Parte montare</th>
			<td>&nbsp;Fata / Spate</td>
		</tr>
		<tr>
			<th scope=""row"">Pozitie montare</th>
			<td>&nbsp;Stanga / Dreapta</td>
		</tr>
		<tr>
			<th scope=""row"">Material</th>
			<td>&nbsp;Fier</td>
		</tr>
	</tbody>
</table>

<p>Import SUA</p>
","","","","in_stock","19/10/2018 20:13:55","19/10/2018 20:13:55","kit",""
"3494507",,"0","182","active","ro","104276","Pivot suspensie","pivot-suspensie-104276","Pivot suspensie","Pivot suspensie","","<table border=""0"" cellpadding=""1"" cellspacing=""1"" style=""width:500px"">
	<tbody>
		<tr>
			<th scope=""row"">Parte montare</th>
			<td>&nbsp;Inferior</td>
		</tr>
		<tr>
			<th scope=""row"">Material</th>
			<td>&nbsp;Metal</td>
		</tr>
	</tbody>
</table>

<p>Import SUA</p>

<p>&nbsp;</p>
","","","","in_stock","19/10/2018 20:30:13","19/10/2018 20:30:13","kit",""
"3494508",,"0","591","active","ro","664230","Planetara","planetara-664230","Planetara","Planetara","","<table border=""0"" cellpadding=""1"" cellspacing=""1"" style=""width:500px"">
	<tbody>
		<tr>
			<th scope=""row"">Parte montare</th>
			<td>&nbsp;Fata</td>
		</tr>
		<tr>
			<th scope=""row"">Pozitie montare</th>
			<td>&nbsp;Dreapta</td>
		</tr>
		<tr>
			<th scope=""row"">Tip transmisie</th>
			<td>&nbsp;Automata</td>
		</tr>
	</tbody>
</table>

<p>Import SUA</p>
","","no","no","in_stock","29/10/2018 16:27:12","29/10/2018 16:27:12","kit",""
"3494509",,"0","599","active","ro","30016120","Placute frana","placute-frana-30016120","Placute frana","","","<table border=""0"" cellpadding=""1"" cellspacing=""1"" style=""width:500px"">
	<tbody>
		<tr>
			<th scope=""row"">Parte montare</th>
			<td>&nbsp;Spate</td>
		</tr>
		<tr>
			<th scope=""row"">&nbsp;</th>
			<td>&nbsp;</td>
		</tr>
		<tr>
			<th scope=""row"">&nbsp;</th>
			<td>&nbsp;</td>
		</tr>
		<tr>
			<th scope=""row"">&nbsp;</th>
			<td>&nbsp;</td>
		</tr>
	</tbody>
</table>

<p>Import SUA</p>
","","","","in_stock","6/11/2018 23:05:17","6/11/2018 23:05:17","kit",""
"3494510",,"0","599","active","ro","30016110","Placute frana","placute-frana-30016110","Placute frana","Placute frana","","<table border=""0"" cellpadding=""1"" cellspacing=""1"" style=""width:500px"">
	<tbody>
		<tr>
			<th scope=""row"">Parte montare</th>
			<td>&nbsp;Fata</td>
		</tr>
		<tr>
			<th scope=""row"">Lungime [mm]</th>
			<td>&nbsp;180.1</td>
		</tr>
		<tr>
			<th scope=""row"">Latime [mm]</th>
			<td>&nbsp;61.5</td>
		</tr>
		<tr>
			<th scope=""row"">Grosime [mm]</th>
			<td>&nbsp;18.0</td>
		</tr>
	</tbody>
</table>

<p>Import SUA</p>
","","","","in_stock","6/11/2018 23:07:50","6/11/2018 23:07:50","kit",""
"3494511",,"0","577","active","ro","46G0425A","Bieleta antiruliu","bieleta-antiruliu-46g0425a","Bieleta antiruliu","Bieleta antiruliu","","<table border=""0"" cellpadding=""1"" cellspacing=""1"" style=""height:55px; width:500px"">
	<tbody>
		<tr>
			<th scope=""row"">Parte montare</th>
			<td>&nbsp;Spate</td>
		</tr>
		<tr>
			<th scope=""row"">Pozitie montare</th>
			<td>&nbsp;Stanga/Dreapta</td>
		</tr>
	</tbody>
</table>

<p>Import SUA</p>
","","","","in_stock","27/11/2018 19:41:09","27/11/2018 19:44:32","kit",""
"3494512",,"0","11","active","ro","31555","Garnitura conducta admisie aer","garnitura-conducta-admisie-aer-31555","Garnitura conducta admisie aer","Garnitura conducta admisie aer","","<table border=""0"" cellpadding=""1"" cellspacing=""1"" style=""width:500px"">
	<tbody>
		<tr>
			<th scope=""row"">Diametru exterior [mm]</th>
			<td>&nbsp;78.23</td>
		</tr>
		<tr>
			<th scope=""row"">Diametru interior [mm]</th>
			<td>&nbsp;64.51</td>
		</tr>
	</tbody>
</table>

<p>Import SUA</p>
","","","","in_stock","18/12/2018 16:11:15","18/12/2018 16:11:15","kit",""
"3494525",,"0","577","active","ro","12609719","Rola intindere","rola-intindere-12609719","Rola intindere","Rola intindere","","<table border=""0"" cellpadding=""1"" cellspacing=""1"" style=""width:500px"">
	<tbody>
		<tr>
			<th scope=""row"">Diametru exterior intinzator [mm]</th>
			<td>&nbsp;78</td>
		</tr>
		<tr>
			<th scope=""row"">Latime intinzator [mm]</th>
			<td>&nbsp;31.66</td>
		</tr>
		<tr>
			<th scope=""row"">Lungime [mm]</th>
			<td>&nbsp;129.5</td>
		</tr>
	</tbody>
</table>

<p>Import SUA</p>
","","no","no","in_supplier_stock","21/2/2019 19:05:43","21/2/2019 19:05:43","kit",""
"3494526",,"0","577","active","ro","1520676","Rola ghidare","rola-ghidare-1520676","Rola ghidare","Rola ghidare","","<table border=""0"" cellpadding=""1"" cellspacing=""1"" style=""width:500px"">
	<tbody>
		<tr>
			<th scope=""row"">Diametru interior [mm]</th>
			<td>&nbsp;17.463</td>
		</tr>
		<tr>
			<th scope=""row"">Diametru exterior [mm]</th>
			<td>&nbsp;88.900</td>
		</tr>
		<tr>
			<th scope=""row"">Latime [mm]</th>
			<td>&nbsp;25.4</td>
		</tr>
	</tbody>
</table>

<p>Import SUA</p>
","","no","no","in_supplier_stock","21/2/2019 19:24:08","21/2/2019 19:24:08","kit",""
"3494521",,"0","577","active","ro","A332C","Filtru aer","filtru-aer-a332c","Filtru aer","Filtru aer","","<table border=""0"" cellpadding=""1"" cellspacing=""1"" style=""width:500px"">
	<tbody>
		<tr>
			<th scope=""row"">Tip filtru</th>
			<td>&nbsp;Circular</td>
		</tr>
		<tr>
			<th scope=""row"">Diametru interior [mm]</th>
			<td>&nbsp;274.3</td>
		</tr>
		<tr>
			<th scope=""row"">Diametru exterior [mm]</th>
			<td>&nbsp;320</td>
		</tr>
		<tr>
			<th scope=""row"">Inaltime [mm]</th>
			<td>&nbsp;68.6</td>
		</tr>
	</tbody>
</table>

<p>Import SUA</p>
","","no","no","in_stock","15/2/2019 15:37:56","15/2/2019 15:37:56","kit",""
"3494527",,"0","577","active","ro","45F2115","Bucsa bara stabilizatoare","bucsa-bara-stabilizatoare-45f2115","Bucsa bara stabilizatoare","Bucsa bara stabilizatoare","","<table border=""0"" cellpadding=""1"" cellspacing=""1"" style=""width:500px"">
	<tbody>
		<tr>
			<th scope=""row"">Diametru bara&nbsp;</th>
			<td>&nbsp;17mm</td>
		</tr>
		<tr>
			<th scope=""row"">Pozitie montare</th>
			<td>&nbsp;Spate</td>
		</tr>
	</tbody>
</table>

<p>Import SUA</p>
","","no","no","in_stock","15/3/2019 16:44:12","15/3/2019 16:47:43","kit",""
"3494528",,"0","97","active","ro","K8787","Bucsa bara stabilizatoare","bucsa-bara-stabilizatoare-k8787","Bucsa bara stabilizatoare","Bucsa bara stabilizatoare","","<table border=""0"" cellpadding=""1"" cellspacing=""1"" style=""width:500px"">
	<tbody>
		<tr>
			<th scope=""row"">Diametru bara</th>
			<td>&nbsp;19mm</td>
		</tr>
		<tr>
			<th scope=""row"">Parte montare</th>
			<td>&nbsp;Spate</td>
		</tr>
	</tbody>
</table>

<p>Import SUA</p>
","","no","no","in_stock","15/3/2019 16:58:11","15/3/2019 16:58:11","kit",""
"3494529",,"0","97","active","ro","K201490","Bucsa bara stabilizatoare","bucsa-bara-stabilizatoare-k201490","Bucsa bara stabilizatoare","Bucsa bara stabilizatoare","","<table border=""0"" cellpadding=""1"" cellspacing=""1"" style=""width:500px"">
	<tbody>
		<tr>
			<th scope=""row"">Diametru bara</th>
			<td>&nbsp;34mm</td>
		</tr>
		<tr>
			<th scope=""row"">Parte montare</th>
			<td>&nbsp;Fata</td>
		</tr>
	</tbody>
</table>

<p>Import SUA</p>
","","","","in_stock","15/3/2019 17:04:52","15/3/2019 17:04:52","kit",""
"3494530",,"0","599","active","ro","10214040","Placute frana","placute-frana-10214040","Placute frana","Placute frana","Placute frana","<table border=""0"" cellpadding=""1"" cellspacing=""1"" style=""width:500px"">
	<tbody>
		<tr>
			<th scope=""row"">Parte montare</th>
			<td>&nbsp;Fata</td>
		</tr>
		<tr>
			<th scope=""row"">Lungime [mm]</th>
			<td>&nbsp;142</td>
		</tr>
		<tr>
			<th scope=""row"">Latime [mm]</th>
			<td>&nbsp;66.5</td>
		</tr>
		<tr>
			<th scope=""row"">Grosime [mm]</th>
			<td>&nbsp;17.8</td>
		</tr>
	</tbody>
</table>

<p>&nbsp;</p>

<p>Import SUA</p>
","","no","no","in_stock","4/4/2019 12:25:04","4/4/2019 12:41:02","kit",""
"3494531",,"0","576","active","ro","MGD1337CH","Placute frana","placute-frana-mgd1337ch","Placute frana","Placute frana","Placute frana","<table border=""0"" cellpadding=""1"" cellspacing=""1"" style=""width:500px"">
	<tbody>
		<tr>
			<th scope=""row"">Parte montare</th>
			<td>&nbsp;Spate</td>
		</tr>
		<tr>
			<th scope=""row"">Lungime [mm]</th>
			<td>&nbsp;137</td>
		</tr>
		<tr>
			<th scope=""row"">Latime [mm]</th>
			<td>&nbsp;46</td>
		</tr>
		<tr>
			<th scope=""row"">Grosime [mm]</th>
			<td>&nbsp;16</td>
		</tr>
	</tbody>
</table>

<p>Import SUA</p>
","","no","no","in_stock","4/4/2019 12:52:03","4/4/2019 12:52:03","kit",""
"3494532",,"0","577","active","ro","17D785MH","Placute frana","placute-frana-17d785mh","Placute frana","Placute frana","","<table border=""0"" cellpadding=""1"" cellspacing=""1"" style=""width:500px"">
	<tbody>
		<tr>
			<th scope=""row"">Parte montare</th>
			<td>&nbsp;Spate</td>
		</tr>
		<tr>
			<th scope=""row"">Lungime [mm]</th>
			<td>&nbsp;177</td>
		</tr>
		<tr>
			<th scope=""row"">Latime [mm]</th>
			<td>&nbsp;60</td>
		</tr>
		<tr>
			<th scope=""row"">Grosime [mm]</th>
			<td>&nbsp;19</td>
		</tr>
	</tbody>
</table>

<p>Import SUA</p>
","","no","no","in_stock","4/4/2019 13:14:28","4/4/2019 13:14:28","kit",""
"3494533",,"0","577","active","ro","17D784MH","Placute frana","placute-frana-17d784mh","Placute frana","Placute frana","","<table border=""0"" cellpadding=""1"" cellspacing=""1"" style=""width:500px"">
	<tbody>
		<tr>
			<th scope=""row"">Parte montare</th>
			<td>&nbsp;Fata</td>
		</tr>
		<tr>
			<th scope=""row"">Lungime [mm]</th>
			<td>&nbsp;216</td>
		</tr>
		<tr>
			<th scope=""row"">Latime [mm]</th>
			<td>&nbsp;67</td>
		</tr>
		<tr>
			<th scope=""row"">Grosime [mm]</th>
			<td>&nbsp;18</td>
		</tr>
	</tbody>
</table>

<p>Import SUA</p>
","","","","in_stock","4/4/2019 13:19:44","4/4/2019 13:19:44","kit",""
"3494534",,"0","599","active","ro","12161098","Disc frana","disc-frana-12161098","Disc frana","Disc frana","","<table border=""0"" cellpadding=""1"" cellspacing=""1"" style=""width:500px"">
	<tbody>
		<tr>
			<th scope=""row"">Parte montare</th>
			<td>&nbsp;Fata</td>
		</tr>
		<tr>
			<th scope=""row"">Tip transmisie</th>
			<td>&nbsp;Automata</td>
		</tr>
		<tr>
			<th scope=""row"">Echipare</th>
			<td>&nbsp;Performance</td>
		</tr>
		<tr>
			<th scope=""row"">Diametru exterior [mm]</th>
			<td>&nbsp;336</td>
		</tr>
		<tr>
			<th scope=""row"">Inaltime [mm]</th>
			<td>&nbsp;48.1</td>
		</tr>
		<tr>
			<th scope=""row"">Grosime [mm]</th>
			<td>&nbsp;30</td>
		</tr>
	</tbody>
</table>

<p>Import SUA</p>
","","no","no","in_stock","8/4/2019 10:03:31","8/4/2019 10:03:31","kit",""
"3494535",,"0","578","active","ro","161791","Placute frana","placute-frana-power-stop-161791","Placute frana","Placute frana","","<table border=""0"" cellpadding=""1"" cellspacing=""1"" style=""width:500px"">
	<tbody>
		<tr>
			<th scope=""row"">Parte montare</th>
			<td>&nbsp;Fata (echipare 2 pistonase pe etrier )</td>
		</tr>
		<tr>
			<th scope=""row"">Diametru discuri [mm]</th>
			<td>&nbsp;320</td>
		</tr>
		<tr>
			<th scope=""row"">Material</th>
			<td>&nbsp;Ceramic</td>
		</tr>
	</tbody>
</table>

<p>Import SUA</p>
","","no","no","in_stock","11/4/2019 10:33:28","8/2/2021 11:27:29","kit",""
"3494536",,"0","578","active","ro","161793","Placute frana","placute-frana-161793","Placute frana","Placute frana","","<table border=""0"" cellpadding=""1"" cellspacing=""1"" style=""width:500px"">
	<tbody>
		<tr>
			<th scope=""row"">Parte montare</th>
			<td>&nbsp;Spate</td>
		</tr>
		<tr>
			<th scope=""row"">Material</th>
			<td>&nbsp;Ceramic</td>
		</tr>
	</tbody>
</table>

<p>Import SUA</p>
","","no","no","in_stock","11/4/2019 10:36:13","11/4/2019 10:36:13","kit",""
"3494537",,"0","599","active","ro","12161111","Disc frana","disc-frana-12161111","Disc frana","Disc frana","","<table border=""0"" cellpadding=""1"" cellspacing=""1"" style=""width:500px"">
	<tbody>
		<tr>
			<th scope=""row"">Parte montare</th>
			<td>&nbsp;Spate</td>
		</tr>
		<tr>
			<th scope=""row"">Diametru exterior [mm]</th>
			<td>&nbsp;320</td>
		</tr>
		<tr>
			<th scope=""row"">Inaltime [mm]</th>
			<td>&nbsp;41.5</td>
		</tr>
		<tr>
			<th scope=""row"">Grosime [mm]</th>
			<td>&nbsp;11.2 mm</td>
		</tr>
	</tbody>
</table>

<p>Import SUA</p>
","","","","in_supplier_stock","8/5/2019 11:51:20","25/6/2021 14:00:01","kit",""
"3494538",,"0","580","active","ro","FA1910","Filtru aer","filtru-aer-fa1910","Filtru aer","","","<table border=""0"" cellpadding=""1"" cellspacing=""1"" style=""width:500px"">
	<tbody>
		<tr>
			<th scope=""row"">Tip filtru</th>
			<td>&nbsp;Panou</td>
		</tr>
		<tr>
			<th scope=""row"">Lungime [mm]</th>
			<td>&nbsp;211</td>
		</tr>
		<tr>
			<th scope=""row"">Latime [mm]</th>
			<td>&nbsp;155</td>
		</tr>
		<tr>
			<th scope=""row"">Inaltime [mm]</th>
			<td>&nbsp;55</td>
		</tr>
	</tbody>
</table>

<p>Import SUA</p>
","","no","no","in_stock","9/5/2019 11:56:36","9/5/2019 11:56:36","kit",""
"3494539",,"0","599","active","ro","10310440","Placute frana","placute-frana-10310440","Placute frana","Placute frana","","<table border=""0"" cellpadding=""1"" cellspacing=""1"" style=""width:500px"">
	<tbody>
		<tr>
			<th scope=""row"">Parte montare&nbsp;</th>
			<td>&nbsp;Fata</td>
		</tr>
		<tr>
			<th scope=""row"">Lungime [mm]</th>
			<td>&nbsp;154.9 / 156.2</td>
		</tr>
		<tr>
			<th scope=""row"">Latime [mm]</th>
			<td>&nbsp;63 / 67.2</td>
		</tr>
		<tr>
			<th scope=""row"">Grosime [mm]</th>
			<td>&nbsp;17.3</td>
		</tr>
	</tbody>
</table>

<p>Import SUA</p>
","","no","no","in_stock","9/5/2019 12:07:24","9/5/2019 12:07:24","kit",""
"3494541",,"1","582","active","ro","9480","Multi-Purpose Syntetic   ATF; 946mL","multi-purpose-syntetic-atf-946ml-9480","Multi-Purpose Syntetic   ATF; 946mL","Multi-Purpose Syntetic   ATF ; 946mL","","<p>TRIAX MultiPurpose ATF este un fluid ATF multifunctional in adevaratul sens al cuvantului, destinat pentru autoturisme, camioane, utilaje de constructii, echipamente agricole. Acest fluid este recomandat pentru transmisii Powershift, convertoare de cuplu, transmisii hidrostatice, compresoare de aer, pompe hidraulice, casete servo la utilaje si orice alte aplicatii unde este recomandat fluid ATF. Ofera o protectie exceptionala pentru garnituri si semeringuri, protejandu-le pe termen lung si prevenind uscarea si crapaturile, asadar scurgerile care rezulta din aceste cauza. TRIAX MultiPurpose ATF este de asemenea recomandat pentru autoturisme care necesita fluide DEXRON III sau Mercon&nbsp;specficatie.</p>

<p><strong>Beneficii:</strong></p>

<ul>
	<li>stabilitate la temperaturi ridicate</li>
	<li>protectie anti-vibratie</li>
	<li>schimbare usoara a treptelor de viteza&nbsp;</li>
</ul>

<p>Specificatii;</p>

<p>Dexron &nbsp;III</p>

<p>Ford Mercon&nbsp;</p>

<p>Made in USA</p>
","TRIAX MultiPurpose ATF este un fluid ATF multifunctional in adevaratul sens al cuvantului, destinat pentru autoturisme, camioane, utilaje de constructii, echipamente agricole. Acest fluid este recomandat pentru transmisii Powershift, convertoare de cuplu, transmisii hidrostatice, compresoare de aer, pompe hidraulice, casete servo la utilaje si orice alte aplicatii unde este recomandat fluid ATF. Ofera o protectie exceptionala pentru garnituri si semeringuri, protejandu-le pe termen lung si prevenind uscarea si crapaturile, asadar scurgerile care rezulta din aceste cauza. TRIAX MultiPurpose ATF este de asemenea recomandat pentru autoturisme care necesita fluide DEXRON III sau Mercon V specficatie.","","","in_stock","14/5/2019 10:42:57","10/12/2024 14:38:54","",""
"3494542",,"1","582","active","ro","9700","EURO  VX 5W40; 946mL","euro-vx-5w40-946ml-9700","EURO VX 5W40; 946mL","EURO VX 5W40; 946mL","","<p>TRIAX Euro&nbsp; VX 5W-40 este un ulei full sintetic destinat masinilor pe benzina, diesel cu sau fara DPF.</p>

<p>Este recomandat oricarui autoturism care necesita un ulei 5W-40.</p>

<p>&nbsp;</p>

<p><strong>Beneficii:</strong></p>

<ul>
	<li>Protectie excelenta antiuzura &ndash; cu pana la 40% mai putina uzura decat specificatia API SN</li>
	<li>Compatibil cu toate motoarele diesel si benzina europene</li>
	<li>Protectie completa&nbsp;pentru filtrele de particule diesel (DPF), SCR si a convertoarelor catalitice</li>
</ul>

<p>&nbsp;</p>

<p><strong>Aprobari:</strong></p>

<table border=""1"" cellpadding=""1"" cellspacing=""1"" style=""width:500px"">
	<tbody>
		<tr>
			<td>
			<ul>
				<li>API SN/SM/CF</li>
				<li>ACEA C3-08</li>
				<li>ACEA C3-12</li>
				<li>ACEA A3/B3-08</li>
				<li>ACEA A3/B4-08</li>
				<li>MB 229.31/229.51</li>
				<li>VW 502.00/505.00</li>
				<li>VW 505.01 Pumpe Duse</li>
				<li>BMW Longlife-04</li>
				<li>Porsche A40</li>
			</ul>
			</td>
		</tr>
	</tbody>
</table>

<p>&nbsp;</p>

<p><strong>Specificatii tehnice:</strong></p>

<table border=""1"" cellpadding=""1"" cellspacing=""1"">
	<tbody>
		<tr>
			<td>Clasa de vascozitate</td>
			<td>
			<p>5W-40</p>
			</td>
		</tr>
		<tr>
			<td>
			<p>Vascozitate la +40 &deg;C</p>
			</td>
			<td>
			<p>77.27 mm&sup2;/s</p>
			</td>
		</tr>
		<tr>
			<td>
			<p>Vascozitate la +100 &deg;C</p>
			</td>
			<td>
			<p>13.18 mm&sup2;/s</p>
			</td>
		</tr>
		<tr>
			<td>
			<p>Index vascozitate</p>
			</td>
			<td>
			<p>174&nbsp;</p>
			</td>
		</tr>
		<tr>
			<td>
			<p>Punct de aprindere</p>
			</td>
			<td>
			<p>228 &deg;C&nbsp;</p>
			</td>
		</tr>
		<tr>
			<td>
			<p>Punct de curgere</p>
			</td>
			<td>
			<p>-45 &deg;C&nbsp;</p>
			</td>
		</tr>
		<tr>
			<td>
			<p>Ash, sulphate</p>
			</td>
			<td>
			<p>0.8 g/100 g&nbsp;</p>
			</td>
		</tr>
	</tbody>
</table>
","Ulei de motor Triax  Ultra VX 5w-40, Full Synthetic; Bidon 1 quart (946mL)","","","in_stock","14/5/2019 10:48:53","10/12/2024 14:33:39","",""
"3494543",,"0","97","active","ro","45195G","Set bucsa bara stabilizatoare ","set-bucsa-bara-stabilizatoare-45195g","","suspensie , stabilizare, bucsa bara stabilizare , suspensie directie roti, set bucsi bara stabilizare ","","<table border=""1"" cellpadding=""1"" cellspacing=""1"" style=""width:500px"">
	<tbody>
		<tr>
			<td>Bara stabilizare</td>
			<td>24 mm</td>
		</tr>
		<tr>
			<td>Producator</td>
			<td>Energy Suspension</td>
		</tr>
		<tr>
			<td>Made in</td>
			<td>USA</td>
		</tr>
	</tbody>
</table>

<p>&nbsp;</p>
","Set bucsa bara stabilizare 
Setul este compus din:
-bucsa de bara mijloc  2buc 
-bucsa de bara (extremitate)  4 buc
-miez cilindric 2 buc.  
Pentru bara stabilizare diametru 24mm.
Inainte de comanda verificati diametrul barii de stabilizare. 
Poza conform produs ","yes","","in_stock","14/5/2019 11:05:45","14/5/2019 11:09:48","kit",""
"3494544",,"1","582","active","ro","9813","SINERGY SRT 5W30 DEXOS SN; 946 ML","sinergy-srt-5w30-dexos-sn-946-ml-9813","SINERGY SRT 5W30 DEXOS1 Gen3  SN; 946 ML","SINERGY SRT 5W30 DEXOS 1 GEN3  SN; 946 ML","","<p>TRIAX Synergy SRT 5W-30 este un ulei de motor ultra-performant pentru motoare moderne, retrocompatibile,&nbsp;cu specificatii mai vechi si&nbsp;diesel sau benzina. Acest produs este&nbsp;recomandat in special pentru General Motors, Ford, Opel, precum si pentru orice masina care necesita ulei 5W-30 SN / CF, cu specificatia Dexos 1 sau 5W-30 SN / CF. Acest produs garanteaza un&nbsp;interval de schimb de 15,000 de mile (24,000 km), in regim de utilizare normal. TRIAX Synergy SRT 5W-30 este proiectat pentru a asigura protectie continua pe tot intervalul de schimb.</p>

<p><strong>Acest ulei poate fi folosit inclusiv pentru masinile Ford, Opel si GM&nbsp;cu DPF sau alte sisteme de control al gazelor.</strong></p>

<p><strong>Beneficii:</strong></p>

<table border=""1"" cellpadding=""1"" cellspacing=""1"" style=""width:500px"">
	<tbody>
		<tr>
			<td>
			<ul>
				<li>Curatare impecabila a valvelor, turbinelor si segmentilor</li>
				<li>Rezistenta excelenta la caldura&nbsp;tripleaza viata turbinelor</li>
				<li>Etanseza simeringurile uzate</li>
				<li>Amelioreaza sau elimina consumul de ulei provenit de la turbine, valve si segmenti</li>
				<li>Interval de schimb de pana la 24,000 de km in regim de utilizare normal (in oras si pe autostrada)</li>
				<li>Stabilitate termica exceptionala, cu un coeficient de vascozitate foarte ridicat (VI INDEX)</li>
				<li>Contine Organo-Molybdenum pentru a reduce dramatic frecarea interna, uzura, oxidarea</li>
				<li>Protectie excelenta pentru orice tip de garnituri</li>
				<li>Previne lipirea segmentilor si pierderea compresiei</li>
			</ul>
			</td>
		</tr>
	</tbody>
</table>

<p>&nbsp;</p>

<p><strong>Aprobari:</strong></p>

<table border=""1"" cellpadding=""1"" cellspacing=""1"" style=""width:500px"">
	<tbody>
		<tr>
			<td>
			<ul>
				<li>API SN, SM, SL</li>
				<li>ACEA A1/B1</li>
				<li>API CF Turbo Diesel</li>
				<li>GM Dexos 1</li>
				<li>ILSAC GF-5, GF-4</li>
				<li>Chrysler MS-6395,&nbsp;M2C946-A, M2C929-A</li>
				<li>GM 6094M, GM 4718M</li>
				<li>Dresser Rand</li>
				<li>Ford WSS-M2C946-A, Ford WSSM2C929-A, Ford WSS-M2C947-A</li>
				<li>Honda HTO-06</li>
				<li>GE Jenbacher</li>
				<li>Wartsila</li>
			</ul>
			</td>
		</tr>
	</tbody>
</table>

<p>&nbsp;</p>

<p><strong>Specificatii tehnice:</strong></p>

<table border=""1"" cellpadding=""1"" cellspacing=""1"">
	<tbody>
		<tr>
			<td>Clasa de vascozitate</td>
			<td>
			<p>5W-30</p>
			</td>
		</tr>
		<tr>
			<td>
			<p>Vascozitate la +40 &deg;C</p>
			</td>
			<td>
			<p>63.95 mm&sup2;/s</p>
			</td>
		</tr>
		<tr>
			<td>
			<p>Vascozitate la +100 &deg;C</p>
			</td>
			<td>
			<p>10.93 mm&sup2;/s</p>
			</td>
		</tr>
		<tr>
			<td>
			<p>Index vascozitate</p>
			</td>
			<td>
			<p>169&nbsp;</p>
			</td>
		</tr>
		<tr>
			<td>
			<p>Punct de aprindere</p>
			</td>
			<td>
			<p>233 &deg;C&nbsp;</p>
			</td>
		</tr>
		<tr>
			<td>
			<p>Punct de curgere</p>
			</td>
			<td>
			<p>-45 &deg;C&nbsp;</p>
			</td>
		</tr>
		<tr>
			<td>
			<p>Ash, sulphate</p>
			</td>
			<td>
			<p>0.9 g/100 g&nbsp;</p>
			</td>
		</tr>
	</tbody>
</table>

<p>&nbsp;</p>
","Ulei de motor TRIAX Sinergy SRT 5W-30 Dexos SN; Full Synthetic; bidon 1Q (946mL);","yes","no","in_stock","14/5/2019 11:07:58","10/12/2024 12:19:31","",""
"3494546",,"0","591","active","ro","664233","Planetara","planetara-664233","Planetara","Planetara","","<table border=""0"" cellpadding=""1"" cellspacing=""1"" style=""width:500px"">
	<tbody>
		<tr>
			<th scope=""row"">Parte montare</th>
			<td>&nbsp;Fata</td>
		</tr>
		<tr>
			<th scope=""row"">Pozitie montare</th>
			<td>&nbsp;Dreapta</td>
		</tr>
		<tr>
			<th scope=""row"">Lungime comprimata [mm]</th>
			<td>&nbsp;813</td>
		</tr>
	</tbody>
</table>

<p>Import SUA</p>
","","no","no","in_stock","20/5/2019 11:37:15","20/5/2019 11:37:15","kit",""
"3494547",,"0","121","active","ro","46889","Filtru aer","filtru-aer-46889","Filtru aer","Filtru aer","","<table border=""0"" cellpadding=""1"" cellspacing=""1"" style=""width:500px"">
	<tbody>
		<tr>
			<th scope=""row"">Inaltime [mm]</th>
			<td>&nbsp;184</td>
		</tr>
		<tr>
			<th scope=""row"">Diametru exterior superior[mm]</th>
			<td>&nbsp;281</td>
		</tr>
		<tr>
			<th scope=""row"">Diametru exterior inferior [mm]</th>
			<td>&nbsp;163</td>
		</tr>
		<tr>
			<th scope=""row"">Diametru interior superior[mm]</th>
			<td>&nbsp;248</td>
		</tr>
		<tr>
			<th scope=""row"">Diametru interior inferior [mm]</th>
			<td>&nbsp;121</td>
		</tr>
	</tbody>
</table>

<p>Import SUA</p>
","","","","in_stock","22/5/2019 09:49:02","22/5/2019 09:52:25","kit",""
"3494548",,"0","121","active","ro","58847","Filtru transmisie","filtru-transmisie-58847","Filtru transmisie","Filtru transmisie","","<table border=""0"" cellpadding=""1"" cellspacing=""1"" style=""width:500px"">
	<tbody>
		<tr>
			<th scope=""row"">Tip filtru</th>
			<td>&nbsp;Inchis</td>
		</tr>
	</tbody>
</table>

<p>Import SUA</p>
","","","","in_stock","22/5/2019 10:19:16","22/5/2019 10:19:16","kit",""
"3494549",,"0","580","active","ro","FT188","Filtru transmisie","filtru-transmisie-ft188","Filtru transmisie","Filtru transmisie","","<table border=""0"" cellpadding=""1"" cellspacing=""1"" style=""width:500px"">
	<tbody>
		<tr>
			<th scope=""row"">Cod OE</th>
			<td>&nbsp;BL3Z7A098A</td>
		</tr>
	</tbody>
</table>

<p>Import SUA</p>
","","no","no","in_stock","28/5/2019 09:45:23","28/5/2019 09:45:23","kit",""
"3494550",,"0","27","active","ro","90K38158c","Kit curea distributie","kit-curea-distributie-90k38158c","Kit curea distributie","Kit curea distributie","","<p>&nbsp;</p>

<table border=""0"" cellpadding=""1"" cellspacing=""1"" style=""width:500px"">
	<tbody>
		<tr>
			<th scope=""row"">Curea distributie</th>
			<td>&nbsp;Gates</td>
		</tr>
		<tr>
			<th scope=""row"">Nr. caneluri</th>
			<td>&nbsp;6</td>
		</tr>
		<tr>
			<th scope=""row"">Latime [mm]</th>
			<td>&nbsp;20</td>
		</tr>
		<tr>
			<th scope=""row"">Circumferinta exterioara [mm]</th>
			<td>&nbsp;2238</td>
		</tr>
	</tbody>
</table>

<p>&nbsp;</p>

<table border=""0"" cellpadding=""1"" cellspacing=""1"" style=""width:500px"">
	<tbody>
		<tr>
			<th scope=""row"">Rola ghidare</th>
			<td>&nbsp;Gates</td>
		</tr>
		<tr>
			<th scope=""row"">Material</th>
			<td>&nbsp;Otel</td>
		</tr>
		<tr>
			<th scope=""row"">Diametru exterior [mm]</th>
			<td>&nbsp;90</td>
		</tr>
		<tr>
			<th scope=""row"">Latime [mm]</th>
			<td>&nbsp;30</td>
		</tr>
	</tbody>
</table>

<p>&nbsp;</p>

<p>&nbsp;</p>

<p>Import SUA</p>
","","no","no","in_stock","30/5/2019 09:46:49","30/5/2019 09:55:06","kit",""
"3494551",,"0","27","active","ro","ACK040378HD","Kit curea accesorii","kit-curea-accesorii-ack040378hd","Kit curea accesorii","Kit curea accesorii","","<table border=""0"" cellpadding=""1"" cellspacing=""1"" style=""width:500px"">
	<tbody>
		<tr>
			<th scope=""row"">Curea transmisie</th>
			<td>&nbsp;Gates</td>
		</tr>
		<tr>
			<th scope=""row"">Nr. caneluri</th>
			<td>&nbsp;4</td>
		</tr>
		<tr>
			<th scope=""row"">Latime [mm]</th>
			<td>&nbsp;14</td>
		</tr>
		<tr>
			<th scope=""row"">Circumferinta exterior [mm]</th>
			<td>&nbsp;978</td>
		</tr>
		<tr>
			<th scope=""row"">Intinzator&nbsp;</th>
			<td>&nbsp;Gates</td>
		</tr>
	</tbody>
</table>

<p>Import SUA</p>
","","","","in_stock","30/5/2019 10:04:36","30/5/2019 10:08:23","kit",""
"3494552",,"0","579","active","ro","419604","Rola intindere","rola-intindere-419604","Rola intindere","Rola intindere","","<table border=""0"" cellpadding=""1"" cellspacing=""1"" style=""width:500px"">
	<tbody>
		<tr>
			<th scope=""row"">Latime max. curea [mm]</th>
			<td>&nbsp;20</td>
		</tr>
		<tr>
			<th scope=""row"">Diametru rulment interior rola [mm]</th>
			<td>&nbsp;17</td>
		</tr>
		<tr>
			<th scope=""row"">Latime rulment interior rola [mm]</th>
			<td>&nbsp;12</td>
		</tr>
		<tr>
			<th scope=""row"">Diametru rola [mm]</th>
			<td>&nbsp;73</td>
		</tr>
		<tr>
			<th scope=""row"">Latime rola [mm]</th>
			<td>&nbsp;28</td>
		</tr>
	</tbody>
</table>

<p>Import SUA</p>
","","","","in_stock","5/6/2019 10:52:31","5/6/2019 10:52:31","kit",""
"3494553",,"0","579","active","ro","419615","Rola intindere","rola-intindere-419615","Rola intindere","Rola intindere","","<table border=""0"" cellpadding=""1"" cellspacing=""1"" style=""width:500px"">
	<tbody>
		<tr>
			<th scope=""row"">Latime maxima curea [mm]</th>
			<td>&nbsp;20</td>
		</tr>
		<tr>
			<th scope=""row"">Diamentru rulment interior rola [mm]</th>
			<td>&nbsp;17</td>
		</tr>
		<tr>
			<th scope=""row"">Latime rulment interior rola [mm]</th>
			<td>&nbsp;12</td>
		</tr>
		<tr>
			<th scope=""row"">Diametru rola [mm]</th>
			<td>&nbsp;70</td>
		</tr>
		<tr>
			<th scope=""row"">Latime rola [mm]</th>
			<td>&nbsp;25</td>
		</tr>
	</tbody>
</table>

<p>Import SUA</p>
","","","","in_stock","5/6/2019 11:12:00","5/6/2019 11:12:00","kit",""
"3494554",,"0","31","active","ro","904938","Flansa amortizor","flansa-amortizor-904938","Flansa amortizor","Flansa amortizor","","<table border=""0"" cellpadding=""1"" cellspacing=""1"" style=""width:500px"">
	<tbody>
		<tr>
			<th scope=""row"">Parte montare</th>
			<td>&nbsp;Fata/Spate</td>
		</tr>
		<tr>
			<th scope=""row"">Pozitie montare</th>
			<td>&nbsp;Stanga/Dreapta</td>
		</tr>
	</tbody>
</table>

<p>Import SUA</p>
","","","","in_stock","5/6/2019 11:17:30","5/6/2019 11:17:30","kit",""
"3494555",,"0","598","active","ro","1910479","Bieleta directie","bieleta-directie-1910479","Bieleta directie","Bieleta directie","","<table border=""0"" cellpadding=""1"" cellspacing=""1"" style=""width:500px"">
	<tbody>
		<tr>
			<th scope=""row"">Cod OE</th>
			<td>&nbsp;EB3C3D032AA</td>
		</tr>
		<tr>
			<th scope=""row"">Parte montare</th>
			<td>&nbsp;Stanga/Dreapta</td>
		</tr>
		<tr>
			<th scope=""row"">Cutia contine</th>
			<td>&nbsp;Bieleta directie, burduf si colier</td>
		</tr>
		<tr>
			<th scope=""row"">Origine autoturism</th>
			<td>&nbsp;Europa</td>
		</tr>
	</tbody>
</table>

<h1>&nbsp;</h1>
","","","","in_stock","5/6/2019 12:01:48","5/6/2019 12:05:33","kit",""
"3494556",,"0","598","active","ro","15856422","Suport diferential ","suport-diferential-15856422","","diferential, suport diferential , bucsa suport diferential, antrenate punte","","<table border=""0"" cellpadding=""1"" cellspacing=""1"" style=""width:500px"">
	<tbody>
		<tr>
			<th scope=""row"">Producator</th>
			<td>&nbsp; Origine</td>
		</tr>
		<tr>
			<th scope=""row"">Reper</th>
			<td>&nbsp;Pozitia 15</td>
		</tr>
		<tr>
			<th scope=""row"">Parte montare</th>
			<td>&nbsp;Diferential stanga</td>
		</tr>
	</tbody>
</table>

<p>&nbsp;</p>
","","yes","yes","in_stock","21/6/2019 08:29:29","21/6/2019 08:43:15","kit",""
"3494557",,"0","636","active","ro","HB210","Prezon chiulasa ","prezon-chiulasa-hb210","Prezon chiulasa ","Prezon chiulasa ","","<p>&nbsp;</p>

<p>Pretul este per bucata.</p>

<table align=""center"" border=""0"" cellpadding=""1"" cellspacing=""1"" style=""width:500px"">
	<tbody>
		<tr>
			<th scope=""row"">Parte montare</th>
			<td>Motor</td>
		</tr>
		<tr>
			<th scope=""row"">Parte montare</th>
			<td>Chiulasa</td>
		</tr>
		<tr>
			<th scope=""row"">Producator</th>
			<td>Engintech</td>
		</tr>
	</tbody>
</table>

<p>&nbsp;</p>
","","yes","","in_stock","2/7/2019 09:19:09","2/7/2019 11:47:59","kit",""
"3494559",,"0","636","active","ro","C211CSA","Set garnituri motor ","set-garnituri-motor-c211cs-a","Set garnituri motor ","Set garnituri motor ","","<table border=""0"" cellpadding=""1"" cellspacing=""1"" style=""width:500px"">
	<tbody>
		<tr>
			<th scope=""row"">Set garnituri motor</th>
			<td>&nbsp;inferiore</td>
		</tr>
		<tr>
			<th scope=""row"">Contine</th>
			<td>&nbsp;10 piese simeringuri + garnituri</td>
		</tr>
		<tr>
			<th scope=""row"">Poza</th>
			<td>&nbsp;Conform repere</td>
		</tr>
	</tbody>
</table>

<p>&nbsp;</p>
","","yes","yes","in_stock","2/7/2019 11:47:47","2/7/2019 12:03:42","kit",""
"3494560",,"0","121","active","ro","58369","Filtru transmisie","filtru-transmisie-58369","Filtru transmisie","Filtru transmisie","","<table border=""0"" cellpadding=""1"" cellspacing=""1"" style=""width:500px"">
	<tbody>
		<tr>
			<th scope=""row"">Producator</th>
			<td>&nbsp;WIX</td>
		</tr>
		<tr>
			<th scope=""row"">Parte montare</th>
			<td>&nbsp;Transmisie</td>
		</tr>
		<tr>
			<th scope=""row"">Cod origine</th>
			<td>&nbsp;24236933</td>
		</tr>
	</tbody>
</table>

<p>&nbsp;</p>
","","yes","","in_stock","3/7/2019 09:38:47","3/7/2019 09:38:47","kit",""
"3494561",,"0","121","active","ro","46889","Filtru aer ","filtru-aer-46889","Filtru aer ","Filtru aer ","","<table border=""0"" cellpadding=""1"" cellspacing=""1"" style=""width:500px"">
	<tbody>
		<tr>
			<th scope=""row"">Forma filtru</th>
			<td>&nbsp;Oval</td>
		</tr>
		<tr>
			<th scope=""row"">Inaltime [mm]</th>
			<td>183</td>
		</tr>
		<tr>
			<th scope=""row"">Diametru exterior 1&nbsp; [mm]</th>
			<td>162</td>
		</tr>
		<tr>
			<th scope=""row"">Diametru exterior 2 [mm]</th>
			<td>280</td>
		</tr>
		<tr>
			<th scope=""row"">Diametru interior 1 [mm]</th>
			<td>120</td>
		</tr>
		<tr>
			<th scope=""row"">Diametru interior 2 [mm]</th>
			<td>247</td>
		</tr>
	</tbody>
</table>

<p>&nbsp;</p>
","","yes","yes","in_stock","3/7/2019 10:05:14","3/7/2019 10:05:14","kit",""
"3494562",,"0","577","active","ro","GF899","Filtru combustibil","filtru-combustibil-gf899","Filtru combustibil","Filtru combustibil","","<table border=""0"" cellpadding=""1"" cellspacing=""1"" style=""width:500px"">
	<tbody>
		<tr>
			<th scope=""row"">Diametru orificiu admisie [mm]</th>
			<td>&nbsp;7.87</td>
		</tr>
		<tr>
			<th scope=""row"">Diametru orificiu emisie [mm]</th>
			<td>&nbsp;7.87</td>
		</tr>
		<tr>
			<th scope=""row"">Lungime [mm]</th>
			<td>&nbsp;132.08</td>
		</tr>
	</tbody>
</table>

<p>Import SUA</p>
","","no","no","in_stock","8/7/2019 09:24:42","8/7/2019 09:24:42","kit",""
"3494563",,"0","577","active","ro","18J4317","Racord frana","racord-frana-18j4317","Racord frana","Racord frana","","<table border=""0"" cellpadding=""1"" cellspacing=""1"" style=""width:500px"">
	<tbody>
		<tr>
			<th scope=""row"">Parte montare</th>
			<td>&nbsp;Fata</td>
		</tr>
		<tr>
			<th scope=""row"">Pozitie montare</th>
			<td>&nbsp;Dreapta</td>
		</tr>
	</tbody>
</table>

<p>Import SUA</p>
","","","","in_stock","24/7/2019 14:00:47","24/7/2019 14:00:47","kit",""
"3494564",,"0","577","active","ro","18J4316","Racord frana","racord-frana-18j4316","Racord frana","Racord frana","","<table border=""0"" cellpadding=""1"" cellspacing=""1"" style=""width:500px"">
	<tbody>
		<tr>
			<th scope=""row"">Parte montare</th>
			<td>&nbsp;Fata</td>
		</tr>
		<tr>
			<th scope=""row"">Pozitie montare</th>
			<td>&nbsp;Stanga</td>
		</tr>
	</tbody>
</table>

<p>Import SUA</p>
","","","","in_stock","24/7/2019 14:08:52","24/7/2019 14:08:52","kit",""
"3494565",,"0","577","active","ro","18J4227","Racord frana","racord-frana-18j4227","Racord frana","Racord frana","","<table border=""0"" cellpadding=""1"" cellspacing=""1"" style=""width:500px"">
	<tbody>
		<tr>
			<th scope=""row"">Parte montare</th>
			<td>&nbsp;Spate</td>
		</tr>
		<tr>
			<th scope=""row"">Pozitie montare</th>
			<td>&nbsp;Dreapta</td>
		</tr>
	</tbody>
</table>

<p>Import SUA</p>
","","","","in_stock","24/7/2019 14:12:04","24/7/2019 14:12:04","kit",""
"3494566",,"2","182","active","ro","PFC105 - 4515","Solutie pentru curatat frane","solutie-pentru-curatat-frane-pfc105-4515","Solutie pentru curatat frane","frane; solutie; curatare; sistem franare; placute frana; ","","<table border=""0"" cellpadding=""1"" cellspacing=""1"" style=""width:500px"">
	<tbody>
		<tr>
			<th scope=""row"">Tip ambalaj</th>
			<td>&nbsp;Bidon cu pulverizator</td>
		</tr>
		<tr>
			<th scope=""row"">Cantitate&nbsp;</th>
			<td>&nbsp;500ml</td>
		</tr>
	</tbody>
</table>

<p>&nbsp;</p>
","","","","in_stock","29/8/2019 10:33:03","29/8/2019 10:41:28","",""
"3494567",,"0","27","active","ro","VVS239","actuator admisie  (VVT) ","actuator-admisie-vvt-vvs239","actuator ","motor , evacuare , electrice , senzor , presiune , distributie, electric, putere ","","<table align=""left"" border=""1"" cellpadding=""1"" cellspacing=""1"" style=""width:500px"">
	<tbody>
		<tr>
			<td>Producator</td>
			<td>Gates</td>
		</tr>
		<tr>
			<td>Parte montare</td>
			<td>Evacuare</td>
		</tr>
		<tr>
			<td>Caracteristica</td>
			<td>Mufa conectare neagra</td>
		</tr>
	</tbody>
</table>

<p>&nbsp;</p>
","Variable Valve Timing (VVT) Solenoid / Actuator","yes","","in_stock","3/9/2019 13:13:29","4/9/2019 08:57:36","kit",""
"3494568",,"0","27","active","ro","VVS238","Solenoid / Actuator admisie","solenoid-actuator-admisie-vvs238","Actuator admisie","Actuator admisie","","<table border=""0"" cellpadding=""1"" cellspacing=""1"" style=""width:500px"">
	<tbody>
		<tr>
			<th scope=""row"">Parte montare</th>
			<td>&nbsp;Admisie</td>
		</tr>
		<tr>
			<th scope=""row"">Caracteristica</th>
			<td>Mufa conectare alba</td>
		</tr>
	</tbody>
</table>

<p>Produs livrabil in 5-12 zile. Import SUA.</p>
","","","","in_supplier_stock","4/9/2019 09:01:07","4/9/2019 09:01:07","kit",""
"3494569",,"0","24","active","ro","BE1467H","Placute frana","placute-frana-be1467h","Placute frana","Placute frana","","<table border=""0"" cellpadding=""1"" cellspacing=""1"" style=""width:500px"">
	<tbody>
		<tr>
			<th scope=""row"">Parte montare</th>
			<td>&nbsp;Fata</td>
		</tr>
		<tr>
			<th scope=""row"">Pozitie montare</th>
			<td>&nbsp;Stg/Dr</td>
		</tr>
	</tbody>
</table>

<p>Import SUA</p>
","","no","no","in_stock","9/9/2019 09:44:40","9/9/2019 09:44:40","kit",""
"3494570",,"0","52","active","ro","5338","Bujie ","bujie-5338","Bujie ","Bujie ","","<table border=""0"" cellpadding=""1"" cellspacing=""1"" style=""width:500px"">
	<tbody>
		<tr>
			<th scope=""row"">Diametru filet [mm]</th>
			<td>&nbsp;0.551</td>
		</tr>
		<tr>
			<th scope=""row"">Dimensiune cheie</th>
			<td>&nbsp;16</td>
		</tr>
		<tr>
			<th scope=""row"">Rezistenta [ohm]</th>
			<td>&nbsp;5000</td>
		</tr>
	</tbody>
</table>

<p>Import SUA</p>
","","no","no","in_stock","13/9/2019 09:42:12","13/9/2019 09:42:12","kit",""
"3494571",,"0","598","active","ro","FR3Z5K483A","Bieleta antiruliu","bieleta-antiruliu-fr3z5k483a","Bieleta antiruliu","Bieleta antiruliu","","<table border=""0"" cellpadding=""1"" cellspacing=""1"" style=""width:500px"">
	<tbody>
		<tr>
			<th scope=""row"">Parte montare</th>
			<td>&nbsp;Fata</td>
		</tr>
		<tr>
			<th scope=""row"">Pozitie montare</th>
			<td>&nbsp;Stanga / Dreapta</td>
		</tr>
		<tr>
			<th scope=""row"">Cod Motorcraft</th>
			<td>&nbsp;MEF305</td>
		</tr>
	</tbody>
</table>

<p>Import SUA</p>
","","no","no","in_stock","24/9/2019 13:03:54","24/9/2019 13:03:54","kit",""
"3494572",,"0","598","active","ro","FR3Z5484A","Bucsa bara stabilizatoare","bucsa-bara-stabilizatoare-fr3z5484a","Bucsa bara stabilizatoare","Bucsa bara stabilizatoare","","<table border=""0"" cellpadding=""1"" cellspacing=""1"" style=""width:500px"">
	<tbody>
		<tr>
			<th scope=""row"">Parte montare</th>
			<td>&nbsp;Stanga / Dreapta</td>
		</tr>
	</tbody>
</table>

<p>Import SUA</p>
","Pozitia nr. 11 din imagine.","no","no","in_stock","24/9/2019 13:13:44","24/9/2019 13:13:44","kit",""
"3494573",,"0","598","active","ro","22791586","Capac central janta","capac-central-janta-22791586","Capac central janta","Capac central janta","","<table border=""0"" cellpadding=""1"" cellspacing=""1"" style=""width:500px"">
	<tbody>
		<tr>
			<th scope=""row"">Unitate de masura</th>
			<td>&nbsp;set</td>
		</tr>
		<tr>
			<th scope=""row"">Nr. bucati in set</th>
			<td>&nbsp;4</td>
		</tr>
		<tr>
			<th scope=""row"">Culoare</th>
			<td>&nbsp;negru/argintiu</td>
		</tr>
	</tbody>
</table>

<p>Import SUA</p>
","","no","no","in_stock","16/10/2019 11:24:20","16/10/2019 11:24:20","kit",""
"3494576",,"0","598","active","ro","7R3Z63220A51AC","Capacel sistem blocare usa","capacel-sistem-blocare-usa-7r3z63220a51ac","Capacel sistem blocare usa","Capacel sistem blocare usa","","<p>Nr. 7 din schema</p>

<p>&nbsp;</p>

<table border=""0"" cellpadding=""1"" cellspacing=""1"" style=""width:500px"">
	<tbody>
		<tr>
			<th scope=""row"">Parte montare&nbsp;</th>
			<td>&nbsp;Fata / Spate</td>
		</tr>
		<tr>
			<th scope=""row"">Pozitie montare</th>
			<td>&nbsp;Stg/ Dr</td>
		</tr>
		<tr>
			<th scope=""row"">Culoare</th>
			<td>&nbsp;Negru</td>
		</tr>
	</tbody>
</table>

<p>Import SUA</p>
","","","","in_stock","22/10/2019 10:25:04","22/10/2019 10:27:16","kit",""
"3494575",,"0","590","active","ro","GM1100783","Bara spate","bara-spate-gm1100783","Bara spate","Bara spate","","<table border=""0"" cellpadding=""1"" cellspacing=""1"" style=""width:500px"">
	<tbody>
		<tr>
			<th scope=""row"">Parte montare</th>
			<td>&nbsp;Spate</td>
		</tr>
		<tr>
			<th scope=""row"">Slot senzori</th>
			<td>&nbsp;Da</td>
		</tr>
		<tr>
			<th scope=""row"">Primer</th>
			<td>&nbsp;Da</td>
		</tr>
		<tr>
			<th scope=""row"">Culoare</th>
			<td>&nbsp;Se vopseste in culoare aleasa de client</td>
		</tr>
	</tbody>
</table>

<p>Import SUA</p>
","","no","no","in_stock","22/10/2019 10:08:40","22/10/2019 10:13:08","kit",""
"3494577",,"0","577","active","ro","22777205","Comutator electric actionare geam","comutator-electric-actionare-geam-22777205","Comutator electric actionare geam","Buton electric actionare geam","","<table border=""0"" cellpadding=""1"" cellspacing=""1"" style=""width:500px"">
	<tbody>
		<tr>
			<th scope=""row"">Parte montare</th>
			<td>&nbsp;Fata</td>
		</tr>
		<tr>
			<th scope=""row"">Pozitie montare</th>
			<td>&nbsp;Stanga</td>
		</tr>
		<tr>
			<th scope=""row"">Nr. butoane</th>
			<td>&nbsp;2</td>
		</tr>
	</tbody>
</table>

<p>Import SUA</p>
","","no","no","in_stock","22/10/2019 10:49:48","22/10/2019 10:49:48","kit",""
"3494578",,"0","652","active","ro","SRK620262","Brat suspensie","brat-suspensie-srk620262","Brat suspensie","Brat suspensie","","<table border=""0"" cellpadding=""1"" cellspacing=""1"" style=""width:500px"">
	<tbody>
		<tr>
			<th scope=""row"">Parte montare</th>
			<td>&nbsp;Fata</td>
		</tr>
		<tr>
			<th scope=""row"">Pozitie montare</th>
			<td>&nbsp;Dreapta</td>
		</tr>
		<tr>
			<th scope=""row"">Pozitie montare</th>
			<td>&nbsp;Superior</td>
		</tr>
		<tr>
			<th scope=""row"">Tractiune autoturism</th>
			<td>&nbsp;4WD</td>
		</tr>
	</tbody>
</table>

<p>Import SUA</p>
","","no","no","in_stock","30/10/2019 11:43:20","30/10/2019 11:43:20","kit",""
"3494579",,"1","582","active","ro","834","SYNERGY SRT 10W40; 1Q(946mL)","synergy-srt-10w40-1q946ml-834","SYNERGY SRT 10W40","","","<ul>
	<li>Full sintetic ramforsat cu ulei de baza PAO (Polyalphaolephins) din Group IV si Molybdenum</li>
	<li>Aditivare unica specifica pentru motoare uzate.</li>
	<li>Interval de schimb extins,&nbsp;peste 20,000 km</li>
	<li>Protectie maxima impotriva uzurii</li>
	<li>Rezistenta termica extrema previne subtierea excesiva a uleiului la temperaturi ridicate</li>
	<li>Rezistenta superioara la contaminare</li>
	<li>Revitalizeaza garniturile si semeringurile uzate</li>
	<li>Curatare exceptionala a motorului, prevenind depunerile si curatandu-le complet pe cele vechi</li>
	<li>Aditivarea speciala cu Nitrogen previne coagularea depunerilor si a cenusei pe piese si le suspenda in filtru pana la schimb</li>
</ul>
","Ulei de motor Triax Synergy SRT 10w40, bidon 1Q (946mL)","","","in_stock","14/11/2019 11:52:00","14/11/2019 11:52:00","",""
"3494580",,"0","591","active","ro","961008","Pompa servodirectie","pompa-servodirectie-961008","Pompa servodirectie","Pompa servodirectie","","<table border=""0"" cellpadding=""1"" cellspacing=""1"" style=""width:500px"">
	<tbody>
		<tr>
			<th scope=""row"">Cu rezervor</th>
			<td>&nbsp;Nu</td>
		</tr>
		<tr>
			<th scope=""row"">Material carcasa</th>
			<td>&nbsp;Aluminium</td>
		</tr>
	</tbody>
</table>

<p>Import SUA</p>
","","no","no","in_stock","20/11/2019 10:08:37","20/11/2019 10:08:37","kit",""
"3494581",,"0","653","active","ro","015500495","Lampa semnalizare","lampa-semnalizare-015500495","Lampa semnalizare","Lampa semnalizare","","<table border=""0"" cellpadding=""1"" cellspacing=""1"" style=""width:500px"">
	<tbody>
		<tr>
			<th scope=""row"">Cod alternativ</th>
			<td>&nbsp;07428</td>
		</tr>
		<tr>
			<th scope=""row"">Parte montare</th>
			<td>&nbsp;Spate</td>
		</tr>
		<tr>
			<th scope=""row"">Pozitie montare</th>
			<td>&nbsp;Stanga/Dreapta</td>
		</tr>
		<tr>
			<th scope=""row"">Culoare</th>
			<td>&nbsp;Rosu</td>
		</tr>
	</tbody>
</table>

<p>Import SUA</p>
","","","","in_stock","27/11/2019 13:36:59","27/11/2019 13:47:16","kit",""
"3494582",,"0","598","active","ro","DG9Z7A095A","Radiator racire ulei","radiator-racire-ulei-dg9z7a095a","Radiator racire ulei","Radiator racire ulei","","<table border=""0"" cellpadding=""1"" cellspacing=""1"" style=""width:500px"">
	<tbody>
		<tr>
			<th scope=""row"">Parte montare</th>
			<td>&nbsp;Motor</td>
		</tr>
		<tr>
			<th scope=""row"">&nbsp;</th>
			<td>&nbsp;</td>
		</tr>
	</tbody>
</table>

<p>Import SUA</p>
","","","","in_stock","29/11/2019 08:52:28","29/11/2019 08:54:57","kit",""
"3494585",,"0","580","active","ro","FP71","Filtru haitaclu","filtru-haitaclu-fp71","Filtru haitaclu","Filtru haitaclu","","<table border=""0"" cellpadding=""1"" cellspacing=""1"" style=""width:500px"">
	<tbody>
		<tr>
			<th scope=""row"">Tip filtru&nbsp;</th>
			<td>Panou</td>
		</tr>
		<tr>
			<th scope=""row"">Lungime [mm]</th>
			<td>&nbsp;227</td>
		</tr>
		<tr>
			<th scope=""row"">Latime [mm]</th>
			<td>&nbsp;224</td>
		</tr>
		<tr>
			<th scope=""row"">Inaltime [mm]</th>
			<td>&nbsp;19</td>
		</tr>
	</tbody>
</table>

<p>Import SUA</p>
","","","","in_supplier_stock","29/11/2019 09:42:50","29/11/2019 09:42:50","kit",""
"3494584",,"0","580","active","ro","FA1912","Filtru aer ","filtru-aer-fa1912","FA1912","filtre, filtru aer , sistem admisie aer","","<table border=""0"" cellpadding=""1"" cellspacing=""1"" style=""width:500px"">
	<tbody>
		<tr>
			<th scope=""row"">Lungime mm</th>
			<td>247</td>
		</tr>
		<tr>
			<th scope=""row"">Latime mm</th>
			<td>201</td>
		</tr>
		<tr>
			<th scope=""row"">Inaltime mm</th>
			<td>6</td>
		</tr>
	</tbody>
</table>

<p>&nbsp;</p>
","","","","in_stock","29/11/2019 09:32:06","29/11/2019 09:32:06","kit",""
"3494589",,"0","577","active","ro","18J383271","Racord frana","racord-frana-18j383271","Racord frana","Racord frana","","<table border=""0"" cellpadding=""1"" cellspacing=""1"" style=""width:500px"">
	<tbody>
		<tr>
			<th scope=""row"">Parte montare</th>
			<td>&nbsp;Fata</td>
		</tr>
		<tr>
			<th scope=""row"">Pozitie montare</th>
			<td>&nbsp;Stanga</td>
		</tr>
		<tr>
			<th scope=""row"">Material</th>
			<td>&nbsp;Cauciuc</td>
		</tr>
	</tbody>
</table>

<p>Import SUA</p>
","","no","no","in_stock","27/1/2020 08:53:34","27/1/2020 08:53:34","kit",""
"3494590",,"0","577","active","ro","18J4895","Racord frana","racord-frana-18j4895","Racord frana","Racord frana","","<table border=""0"" cellpadding=""1"" cellspacing=""1"" style=""width:500px"">
	<tbody>
		<tr>
			<th scope=""row"">Parte montare&nbsp;</th>
			<td>&nbsp;Fata</td>
		</tr>
		<tr>
			<th scope=""row"">Parte montare</th>
			<td>&nbsp;Dreapta</td>
		</tr>
		<tr>
			<th scope=""row"">Material</th>
			<td>&nbsp;Cauciuc</td>
		</tr>
	</tbody>
</table>

<p>Import SUA</p>
","","no","no","in_stock","27/1/2020 08:57:36","27/1/2020 08:57:36","kit",""
"3494591",,"0","27","active","ro","22917H3","Furtun radiator ","furtun-radiator-22917h3","furtun radiator inferior ","sistem racire motor, furtun radiator , furtun radiator ","","<table border=""1"" cellpadding=""1"" cellspacing=""1"" style=""width:214px"">
	<tbody>
		<tr>
			<td style=""width:124px"">Parte montare</td>
			<td style=""width:74px"">Radiator</td>
		</tr>
		<tr>
			<td style=""width:124px"">Parte montare</td>
			<td style=""width:74px"">Inferior</td>
		</tr>
		<tr>
			<td style=""width:124px"">Producator</td>
			<td style=""width:74px"">Gates</td>
		</tr>
	</tbody>
</table>

<p>&nbsp;</p>
","","yes","no","in_stock","27/1/2020 09:14:53","27/1/2020 09:28:29","kit",""
"3494592",,"0","27","active","ro","24757H3","Furtun radiator","furtun-radiator-24757h3","furtun radiator superior ","sistem racire motor, furtun radiator , furtun parte montare superior  furtun , radiator , radiator apa , apa , racire  ","","<table border=""0"" cellpadding=""1"" cellspacing=""1"" style=""width:500px"">
	<tbody>
		<tr>
			<th scope=""row"">Parte montare</th>
			<td>&nbsp;&nbsp; Radiator</td>
		</tr>
		<tr>
			<th scope=""row"">Parte montare</th>
			<td>&nbsp;&nbsp; Superior</td>
		</tr>
		<tr>
			<th scope=""row"">Producator</th>
			<td>&nbsp;&nbsp; Gates</td>
		</tr>
	</tbody>
</table>

<p>&nbsp;</p>
","","yes","","in_stock","27/1/2020 09:49:07","27/1/2020 09:53:12","kit",""
"3494593",,"1","655","active","ro","10513","EUROPEAN CAR FORMULA 5W30 IMPROVED ESP SYNTHETIC; 946mL","european-car-formula-5w30-improved-esp-synthetic-946ml-10513","EUROPEAN CAR FORMULA 5W30 IMPROVED ESP SYNTHETIC; 946mL","EUROPEAN CAR FORMULA 5W30 IMPROVED ESP SYNTHETIC; 946mL","EUROPEAN CAR FORMULA 5W30 IMPROVED ESP SYNTHETIC; 946mL","<p>European Car Formula 5W-30 Improved ESP Synthetic; 1Qt / 946mL</p>

<p>Ulei de motor destinat atat automobilelor cu motoare europene, ce functioneaza cu combustibil benzina dar si cu combustibil diesel. Ofera performante exceptionale si protectie.</p>

<p><strong>SPECIFICATII:</strong></p>

<table border=""1"" cellpadding=""1"" cellspacing=""1"">
	<tbody>
		<tr>
			<td>Clasa de vascozitate</td>
			<td>5W-30</td>
		</tr>
		<tr>
			<td>Vascozitate la 40&ordm;C</td>
			<td>68.4</td>
		</tr>
		<tr>
			<td>Vascozitate la 100&ordm;C</td>
			<td>11.6</td>
		</tr>
		<tr>
			<td>Index de vascozitate</td>
			<td>165</td>
		</tr>
		<tr>
			<td>Punct de fierbere</td>
			<td>228&ordm;C</td>
		</tr>
		<tr>
			<td>Punct de scurgere</td>
			<td>-51&ordm;C</td>
		</tr>
	</tbody>
</table>

<p>&nbsp;</p>

<p><strong>APROBARI:</strong></p>

<table border=""1"" cellpadding=""1"" cellspacing=""1"">
	<tbody>
		<tr>
			<td>
			<p>API SN</p>
			</td>
		</tr>
		<tr>
			<td>
			<p>API SM</p>
			</td>
		</tr>
		<tr>
			<td>
			<p>ACEA C3</p>
			</td>
		</tr>
		<tr>
			<td>
			<p>BMW LL-04</p>
			</td>
		</tr>
		<tr>
			<td>
			<p>Mercedes Benz 229.51</p>
			</td>
		</tr>
		<tr>
			<td>
			<p>Porsche C30</p>
			</td>
		</tr>
		<tr>
			<td>
			<p>GM dexos 2&trade;</p>
			</td>
		</tr>
		<tr>
			<td>
			<p>Chrysler MS-11106</p>
			</td>
		</tr>
		<tr>
			<td>
			<p>Manufacturer Approvals: VW 504.00, 507.00</p>
			</td>
		</tr>
	</tbody>
</table>

<p>&nbsp;</p>

<p>Import SUA</p>
","Ulei de motor AMSOIL European car formula 5w30 improved ESP synthetic, ambalaj de 946ml.","yes","no","in_stock","27/1/2020 11:13:57","27/1/2020 12:33:48","",""
"3494594",,"1","655","active","ro","10514","EUROPEAN CAR FORMULA 5W-30 IMPROVED ESP SYNTHETIC; 3.78L","european-car-formula-5w-30-improved-esp-synthetic-378l-10514","EUROPEAN CAR FORMULA 5W-30 IMPROVED ESP SYNTHETIC; 3.78L","EUROPEAN CAR FORMULA 5W-30 IMPROVED ESP SYNTHETIC; 3.78L","EUROPEAN CAR FORMULA 5W-30 IMPROVED ESP SYNTHETIC; 3.78L","<p>European Car Formula 5W-30 Improved ESP Synthetic; 3.78L</p>

<p>Ulei de motor destinat atat automobilelor cu motoare europene, ce functioneaza cu combustibil benzina dar si cu combustibil diesel. Ofera performante exceptionale si protectie.</p>

<p><strong>SPECIFICATII:</strong></p>

<table border=""1"" cellpadding=""1"" cellspacing=""1"">
	<tbody>
		<tr>
			<td>Clasa de vascozitate</td>
			<td>5W-30</td>
		</tr>
		<tr>
			<td>Vascozitate la 40&ordm;C</td>
			<td>68.4</td>
		</tr>
		<tr>
			<td>Vascozitate la 100&ordm;C</td>
			<td>11.6</td>
		</tr>
		<tr>
			<td>Index de vascozitate</td>
			<td>165</td>
		</tr>
		<tr>
			<td>Punct de fierbere</td>
			<td>228&ordm;C</td>
		</tr>
		<tr>
			<td>Punct de scurgere</td>
			<td>-51&ordm;C</td>
		</tr>
	</tbody>
</table>

<p><strong>APROBARI:</strong></p>

<table border=""1"" cellpadding=""1"" cellspacing=""1"">
	<tbody>
		<tr>
			<td>
			<h4>API SN</h4>
			</td>
		</tr>
		<tr>
			<td>
			<h4>API SM</h4>
			</td>
		</tr>
		<tr>
			<td>
			<h4>ACEA C3</h4>
			</td>
		</tr>
		<tr>
			<td>
			<h4>BMW LL-04</h4>
			</td>
		</tr>
		<tr>
			<td>
			<h4>Mercedes Benz 229.51</h4>
			</td>
		</tr>
		<tr>
			<td>
			<h4>Porsche C30</h4>
			</td>
		</tr>
		<tr>
			<td>
			<h4>GM dexos 2&trade;</h4>
			</td>
		</tr>
		<tr>
			<td>
			<h4>Chrysler MS-11106</h4>
			</td>
		</tr>
		<tr>
			<td>
			<h4>Manufacturer Approvals: VW 504.00, 507.00</h4>
			</td>
		</tr>
	</tbody>
</table>

<p>Import SUA</p>
","Ulei de motor AMSOIL European car formula 5w30 improved ESP synthetic, ambalaj de 3.78L.","yes","no","in_stock","27/1/2020 11:17:27","27/1/2020 12:35:04","",""
"3494595",,"1","655","active","ro","10515","EUROPEAN CAR FORMULA 5W-40 IMPROVED ESP SYNTHETIC; 946mL","european-car-formula-5w-40-improved-esp-synthetic-946ml-10515","EUROPEAN CAR FORMULA 5W-40 IMPROVED ESP SYNTHETIC; 946mL","EUROPEAN CAR FORMULA 5W-40 IMPROVED ESP SYNTHETIC; 946mL","EUROPEAN CAR FORMULA 5W-40 IMPROVED ESP SYNTHETIC; 946mL","<p>European Car Formula 5W-40 Improved ESP Synthetic; 1Qt / 946mL</p>

<p>Ulei de motor destinat atat automobilelor cu motoare europene, ce functioneaza cu combustibil benzina dar si cu combustibil diesel. Ofera performante exceptionale si protectie.</p>

<p><strong>SPECIFICATII:</strong></p>

<table border=""1"" cellpadding=""1"" cellspacing=""1"">
	<tbody>
		<tr>
			<td>Clasa de vascozitate</td>
			<td>5W-40</td>
		</tr>
		<tr>
			<td>Vascozitate la 40&ordm;C</td>
			<td>88.5</td>
		</tr>
		<tr>
			<td>Vascozitate la 100&ordm;C</td>
			<td>14.3</td>
		</tr>
		<tr>
			<td>Index de vascozitate</td>
			<td>168</td>
		</tr>
		<tr>
			<td>Punct de fierbere</td>
			<td>224&ordm;C</td>
		</tr>
		<tr>
			<td>Punct de scurgere</td>
			<td>-40&ordm;C</td>
		</tr>
	</tbody>
</table>

<p><strong>APROBARI:</strong></p>

<table border=""1"" cellpadding=""1"" cellspacing=""1"" style=""width:500px"">
	<tbody>
		<tr>
			<td>API SN, SM, CF...</td>
		</tr>
		<tr>
			<td>ACEA C3</td>
		</tr>
		<tr>
			<td>Chrysler MS-10850</td>
		</tr>
		<tr>
			<td>GM dexos 2&trade;</td>
		</tr>
		<tr>
			<td>Volkswagen 502.00, 505.01</td>
		</tr>
		<tr>
			<td>Ford WSS-M2C917-A</td>
		</tr>
		<tr>
			<td>Renault 0700, 0710</td>
		</tr>
		<tr>
			<td>Manufacturer Approvals:* BMW Longlife-04; MB-Approval 229.51; Porsche A40</td>
		</tr>
	</tbody>
</table>

<p>Import SUA</p>
","Ulei de motor AMSOIL European car formula 5w40 improved ESP synthetic, ambalaj de 946ml.","yes","no","in_stock","27/1/2020 11:31:21","27/1/2020 12:38:07","",""
"3494596",,"1","655","active","ro","10516","EUROPEAN CAR FORMULA 5W-40 IMPROVED ESP SYNTHETIC; 3.78L","european-car-formula-5w-40-improved-esp-synthetic-378l-10516","EUROPEAN CAR FORMULA 5W-40 IMPROVED ESP SYNTHETIC; 3.78L","EUROPEAN CAR FORMULA 5W-40 IMPROVED ESP SYNTHETIC; 3.78L","EUROPEAN CAR FORMULA 5W-40 IMPROVED ESP SYNTHETIC; 3.78L","<p>European Car Formula 5W-40 Improved ESP Synthetic; 3.78L</p>

<p>Ulei de motor destinat atat automobilelor cu motoare europene, ce functioneaza cu combustibil benzina dar si cu combustibil diesel. Ofera performante exceptionale si protectie.</p>

<p><strong>SPECIFICATII:</strong></p>

<table border=""1"" cellpadding=""1"" cellspacing=""1"">
	<tbody>
		<tr>
			<td>Clasa de vascozitate</td>
			<td>5W-40</td>
		</tr>
		<tr>
			<td>Vascozitate la 40&ordm;C</td>
			<td>88.5</td>
		</tr>
		<tr>
			<td>Vascozitate la 100&ordm;C</td>
			<td>14.3</td>
		</tr>
		<tr>
			<td>Index de vascozitate</td>
			<td>168</td>
		</tr>
		<tr>
			<td>Punct de fierbere</td>
			<td>224&ordm;C</td>
		</tr>
		<tr>
			<td>Punct de scurgere</td>
			<td>-40&ordm;C</td>
		</tr>
	</tbody>
</table>

<p><strong>APROBARI:</strong></p>

<table border=""1"" cellpadding=""1"" cellspacing=""1"">
	<tbody>
		<tr>
			<td>API SN, SM, CF...</td>
		</tr>
		<tr>
			<td>ACEA C3</td>
		</tr>
		<tr>
			<td>Chrysler MS-10850</td>
		</tr>
		<tr>
			<td>GM dexos 2&trade;</td>
		</tr>
		<tr>
			<td>Volkswagen 502.00, 505.01</td>
		</tr>
		<tr>
			<td>Ford WSS-M2C917-A</td>
		</tr>
		<tr>
			<td>Renault 0700, 0710</td>
		</tr>
		<tr>
			<td>Manufacturer Approvals:* BMW Longlife-04; MB-Approval 229.51; Porsche A40</td>
		</tr>
	</tbody>
</table>

<p>Import SUA</p>
","Ulei de motor AMSOIL European car formula 5w40 improved ESP synthetic, ambalaj de 3.78L.","yes","no","in_stock","27/1/2020 11:33:13","27/1/2020 12:39:09","",""
"3494597",,"1","655","active","ro","10517","SYNTHETIC SIGNATURE SERIES 5W-20; 946mL","synthetic-signature-series-5w-20-946ml-10517","SYNTHETIC SIGNATURE SERIES 5W-20; 946mL","SYNTHETIC SIGNATURE SERIES 5W-20; 946mL","SYNTHETIC SIGNATURE SERIES 5W-20; 946mL","<p>Ulei de motor AMSOIL 5w20 Synthetic signature series, ambalaj de 946ml.</p>

<p>Proiectat pentru entuziaști care caută protecție și performanță maximă. Formulat cu precizie, cu o tehnologie de ultimă oră pentru a crea cel mai bun ulei de motor din lume.</p>

<p>Rezultatul: protecția motorului care depaseste cele mai &icirc;nalte standarde industriale.</p>

<p><strong>SPECIFICATII:</strong></p>

<table border=""1"" cellpadding=""1"" cellspacing=""1"">
	<tbody>
		<tr>
			<td>Clasa de vascozitate</td>
			<td>
			<p>5W-20</p>
			</td>
		</tr>
		<tr>
			<td>
			<p>Vascozitate la +40 &deg;C</p>
			</td>
			<td>
			<p>50.6 mm&sup2;/s</p>
			</td>
		</tr>
		<tr>
			<td>
			<p>Vascozitate la +100 &deg;C</p>
			</td>
			<td>
			<p>8.8 mm&sup2;/s</p>
			</td>
		</tr>
		<tr>
			<td>
			<p>Index vascozitate</p>
			</td>
			<td>
			<p>153</p>
			</td>
		</tr>
		<tr>
			<td>
			<p>Punct de aprindere</p>
			</td>
			<td>
			<p>220 &deg;C&nbsp;</p>
			</td>
		</tr>
		<tr>
			<td>
			<p>Punct de curgere</p>
			</td>
			<td>
			<p>-50 &deg;C&nbsp;</p>
			</td>
		</tr>
	</tbody>
</table>

<p><strong>APROBARI:</strong></p>

<table border=""1"" cellpadding=""1"" cellspacing=""1"" style=""width:500px"">
	<tbody>
		<tr>
			<td>API SN, SM&hellip;</td>
		</tr>
		<tr>
			<td>GM dexos1 Gen 2 (supersedes6094M)</td>
		</tr>
		<tr>
			<td>ACEA A1/B1</td>
		</tr>
		<tr>
			<td>Ford WSS-M2C945-A</td>
		</tr>
		<tr>
			<td>WSS-M2C930-A</td>
		</tr>
		<tr>
			<td>Chrysler MS-6395</td>
		</tr>
		<tr>
			<td>ILSAC GF-5, GF-4&hellip;</td>
		</tr>
	</tbody>
</table>

<p>Import SUA</p>
","Ulei de motor AMSOIL 5w20 Synthetic signature series, ambalaj de 946ml.","yes","no","in_stock","27/1/2020 12:06:02","28/1/2020 12:31:45","",""
"3494598",,"1","655","active","ro","10518","SYNTHETIC SIGNATURE SERIES 5W-20; 3.78L","synthetic-signature-series-5w-20-378l-10518","SYNTHETIC SIGNATURE SERIES 5W-20; 3.78L","SYNTHETIC SIGNATURE SERIES 5W-20; 3.78L","SYNTHETIC SIGNATURE SERIES 5W-20; 3.78L","<p>Ulei de motor AMSOIL 5w20&nbsp;Synthetic signature series, ambalaj de 3.78L.</p>

<p>Proiectat pentru entuziaști care caută protecție și performanță maximă. Formulat cu precizie, cu o tehnologie de ultimă oră pentru a crea cel mai bun ulei de motor din lume.</p>

<p>Rezultatul: protecția motorului care depaseste cele mai &icirc;nalte standarde industriale.</p>

<p><strong>SPECIFICATII:</strong></p>

<table border=""1"" cellpadding=""1"" cellspacing=""1"">
	<tbody>
		<tr>
			<td>Clasa de vascozitate</td>
			<td>
			<p>5W-20</p>
			</td>
		</tr>
		<tr>
			<td>
			<p>Vascozitate la +40 &deg;C</p>
			</td>
			<td>
			<p>50.6 mm&sup2;/s</p>
			</td>
		</tr>
		<tr>
			<td>
			<p>Vascozitate la +100 &deg;C</p>
			</td>
			<td>
			<p>8.8 mm&sup2;/s</p>
			</td>
		</tr>
		<tr>
			<td>
			<p>Index vascozitate</p>
			</td>
			<td>
			<p>153</p>
			</td>
		</tr>
		<tr>
			<td>
			<p>Punct de aprindere</p>
			</td>
			<td>
			<p>220 &deg;C&nbsp;</p>
			</td>
		</tr>
		<tr>
			<td>
			<p>Punct de curgere</p>
			</td>
			<td>
			<p>-50 &deg;C&nbsp;</p>
			</td>
		</tr>
	</tbody>
</table>

<p><strong>APROBARI:</strong></p>

<table border=""1"" cellpadding=""1"" cellspacing=""1"">
	<tbody>
		<tr>
			<td>API SN, SM&hellip;</td>
		</tr>
		<tr>
			<td>GM dexos1 Gen 2 (supersedes6094M)</td>
		</tr>
		<tr>
			<td>ACEA A1/B1</td>
		</tr>
		<tr>
			<td>Ford WSS-M2C945-A</td>
		</tr>
		<tr>
			<td>WSS-M2C930-A</td>
		</tr>
		<tr>
			<td>Chrysler MS-6395</td>
		</tr>
		<tr>
			<td>ILSAC GF-5, GF-4&hellip;</td>
		</tr>
	</tbody>
</table>

<p>Import SUA</p>
","Ulei de motor AMSOIL 5w20 improved Synthetic signature series, ambalaj de 3.78L.","yes","no","in_stock","27/1/2020 12:12:31","28/1/2020 12:31:07","",""
"3494599",,"1","655","active","ro","10519","SIGNATURE SERIES 0W-20; 946mL","signature-series-0w-20-946ml-10519","SIGNATURE SERIES 0W-20; 946mL","SIGNATURE SERIES 0W-20; 946mL","SIGNATURE SERIES 0W-20; 946mL","<p>Ulei de motor AMSOIL 0w20 Synthetic signature series, ambalaj de 946ml.</p>

<p>Uleiul de motor sintetic AMSOIL Signature Series este conceput pentru a depăși uleiurile de motor convenționale și sintetice. Acesta combină tehnologia sintetică de top din industrie și aditivii premium AMSOIL &icirc;ntr-o formulare unică care depășește cerințele mai mari de performanță ale motoarelor moderne. Seria de semnături oferă performanța și valoarea pe care se bazează reputația AMSOIL.</p>

<p><strong>SPECIFICATII:</strong></p>

<table border=""1"" cellpadding=""1"" cellspacing=""1"">
	<tbody>
		<tr>
			<td>Clasa de vascozitate</td>
			<td>
			<p>0W-20</p>
			</td>
		</tr>
		<tr>
			<td>
			<p>Vascozitate la +40 &deg;C</p>
			</td>
			<td>
			<p>47.1 mm&sup2;/s</p>
			</td>
		</tr>
		<tr>
			<td>
			<p>Vascozitate la +100 &deg;C</p>
			</td>
			<td>
			<p>8.8 mm&sup2;/s</p>
			</td>
		</tr>
		<tr>
			<td>
			<p>Index vascozitate</p>
			</td>
			<td>
			<p>169</p>
			</td>
		</tr>
		<tr>
			<td>
			<p>Punct de aprindere</p>
			</td>
			<td>
			<p>244 &deg;C&nbsp;</p>
			</td>
		</tr>
		<tr>
			<td>
			<p>Punct de curgere</p>
			</td>
			<td>
			<p>-53 &deg;C&nbsp;</p>
			</td>
		</tr>
	</tbody>
</table>

<p><strong>APROBARI:</strong></p>

<table border=""1"" cellpadding=""1"" cellspacing=""1"" style=""width:500px"">
	<tbody>
		<tr>
			<td>API SN (Resource Conserving), SM&hellip;</td>
		</tr>
		<tr>
			<td>GM dexos1 Gen 2 (supersedes 6094M)</td>
		</tr>
		<tr>
			<td>ACEA A1/B1</td>
		</tr>
		<tr>
			<td>Ford WSS-M2C947-A</td>
		</tr>
		<tr>
			<td>Chrysler MS-6395</td>
		</tr>
		<tr>
			<td>ILSAC GF-5, GF-4&hellip;</td>
		</tr>
	</tbody>
</table>

<p>Import SUA</p>
","Ulei de motor AMSOIL 0w20 Synthetic signature series, ambalaj de 946ml.","yes","no","in_stock","27/1/2020 12:23:59","27/1/2020 12:23:59","",""
"3494600",,"1","655","active","ro","10520","SIGNATURE SERIES 0W-20; 3.78L","signature-series-0w-20-378l-10520","SIGNATURE SERIES 0W-20; 3.78L","SIGNATURE SERIES 0W-20; 3.78L","SIGNATURE SERIES 0W-20; 3.78L","<p>Ulei de motor AMSOIL 0w20 Synthetic signature series, ambalaj de 3.78L.</p>

<p>Uleiul de motor sintetic AMSOIL Signature Series este conceput pentru a depăși uleiurile de motor convenționale și sintetice. Acesta combină tehnologia sintetică de top din industrie și aditivii premium AMSOIL &icirc;ntr-o formulare unică care depășește cerințele mai mari de performanță ale motoarelor moderne. Seria de semnături oferă performanța și valoarea pe care se bazează reputația AMSOIL.</p>

<p><strong>SPECIFICATII:</strong></p>

<table border=""1"" cellpadding=""1"" cellspacing=""1"">
	<tbody>
		<tr>
			<td>Clasa de vascozitate</td>
			<td>
			<p>0W-20</p>
			</td>
		</tr>
		<tr>
			<td>
			<p>Vascozitate la +40 &deg;C</p>
			</td>
			<td>
			<p>47.1 mm&sup2;/s</p>
			</td>
		</tr>
		<tr>
			<td>
			<p>Vascozitate la +100 &deg;C</p>
			</td>
			<td>
			<p>8.8 mm&sup2;/s</p>
			</td>
		</tr>
		<tr>
			<td>
			<p>Index vascozitate</p>
			</td>
			<td>
			<p>169</p>
			</td>
		</tr>
		<tr>
			<td>
			<p>Punct de aprindere</p>
			</td>
			<td>
			<p>244 &deg;C&nbsp;</p>
			</td>
		</tr>
		<tr>
			<td>
			<p>Punct de curgere</p>
			</td>
			<td>
			<p>-53 &deg;C&nbsp;</p>
			</td>
		</tr>
	</tbody>
</table>

<p><strong>APROBARI:</strong></p>

<table border=""1"" cellpadding=""1"" cellspacing=""1"">
	<tbody>
		<tr>
			<td>API SN (Resource Conserving), SM&hellip;</td>
		</tr>
		<tr>
			<td>GM dexos1 Gen 2 (supersedes 6094M)</td>
		</tr>
		<tr>
			<td>ACEA A1/B1</td>
		</tr>
		<tr>
			<td>Ford WSS-M2C947-A</td>
		</tr>
		<tr>
			<td>Chrysler MS-6395</td>
		</tr>
		<tr>
			<td>ILSAC GF-5, GF-4&hellip;</td>
		</tr>
	</tbody>
</table>

<p>Import SUA</p>
","Ulei de motor AMSOIL 0w20 Synthetic signature series, ambalaj de 3.78L.","yes","no","in_stock","27/1/2020 12:27:00","27/1/2020 12:27:00","",""
"3494601",,"1","617","active","ro","9701","Stop Leak Radiator - Aluminiu lichid","stop-leak-radiator-aluminiu-lichid-9701","Stop Leak Radiator - Aluminiu lichid","Stop Leak Radiator - Aluminiu lichid","Stop Leak Radiator - Aluminiu lichid","<table border=""0"" cellpadding=""1"" cellspacing=""1"" style=""width:500px"">
	<tbody>
		<tr>
			<th scope=""row"">Ambalaj</th>
			<td>&nbsp;500mL</td>
		</tr>
		<tr>
			<th scope=""row"">1 flacon trateaza</th>
			<td>&nbsp;15L antigel / apa</td>
		</tr>
	</tbody>
</table>

<p><strong>ATENTIE: Pentru motoare cu 4 cilindri, fara aer conditionat, se foloseste 1/2 de flacon.</strong></p>
","Compatibil cu orice antigel şi orice motor sau radiator. 
Opreşte scurgerile instant.","no","no","in_stock","28/1/2020 13:54:04","28/1/2020 13:54:04","",""
"3494602",,"0","577","active","ro","18FR1379","Etrier","etrier-18fr1379","Etrier","Etrier","","<table border=""0"" cellpadding=""1"" cellspacing=""1"" style=""width:500px"">
	<tbody>
		<tr>
			<th scope=""row"">Parte montare</th>
			<td>&nbsp;Spate</td>
		</tr>
		<tr>
			<th scope=""row"">Pozitie montare</th>
			<td>&nbsp;Dreapta</td>
		</tr>
		<tr>
			<th scope=""row"">&nbsp;</th>
			<td>&nbsp;</td>
		</tr>
	</tbody>
</table>

<p>Import SUA</p>
","","no","no","in_stock","27/2/2020 10:03:53","27/2/2020 10:03:53","kit",""
"3494603",,"0","577","active","ro","18FR1378","Etrier","etrier-18fr1378","Etrier","Etrier","","<table border=""0"" cellpadding=""1"" cellspacing=""1"" style=""width:500px"">
	<tbody>
		<tr>
			<th scope=""row"">Parte montare</th>
			<td>&nbsp;Spate</td>
		</tr>
		<tr>
			<th scope=""row"">Pozitie montare</th>
			<td>&nbsp;Stanga</td>
		</tr>
	</tbody>
</table>

<p>&nbsp;</p>
","","no","no","in_stock","27/2/2020 10:11:46","27/2/2020 10:11:46","kit",""
"3494604",,"0","577","active","ro","23377060","Brat suspensie","brat-suspensie-23377060","Brat suspensie","Brat suspensie","","<table border=""0"" cellpadding=""1"" cellspacing=""1"" style=""width:500px"">
	<tbody>
		<tr>
			<th scope=""row"">COD OE</th>
			<td>&nbsp;84518606</td>
		</tr>
	</tbody>
</table>

<p>&nbsp;</p>

<table border=""0"" cellpadding=""1"" cellspacing=""1"" style=""width:500px"">
	<tbody>
		<tr>
			<th scope=""row"">Parte montare</th>
			<td>&nbsp;Fata</td>
		</tr>
		<tr>
			<th scope=""row"">Pozitie montare</th>
			<td>&nbsp;Dreapta / Inferior</td>
		</tr>
		<tr>
			<th scope=""row"">Orientare</th>
			<td>&nbsp;Spre spate</td>
		</tr>
	</tbody>
</table>

<p>Import SUA</p>
","","no","no","in_stock","10/3/2020 11:24:03","10/3/2020 11:26:27","kit",""
"3494605",,"0","576","active","ro","MGD1784CH","Placute frana","placute-frana-mgd1784ch","","sistem franare, frana , frane , set placute frana , frana disc, placute frana","","<table align=""right"" border=""1"" cellpadding=""1"" cellspacing=""1"" style=""width:500px"">
	<tbody>
		<tr>
			<td>
			<table align=""center"" border=""1"" cellpadding=""1"" cellspacing=""1"" style=""width:500px"">
				<tbody>
					<tr>
						<td>
						<p>Parte montare</p>
						</td>
						<td>Punte fata</td>
					</tr>
					<tr>
						<td>Echipare auto</td>
						<td>4 pistonase pe etrier fata</td>
					</tr>
					<tr>
						<td>Echipare auto</td>
						<td>Performance pakage</td>
					</tr>
				</tbody>
			</table>

			<p>&nbsp;</p>
			</td>
			<td>&nbsp;</td>
		</tr>
		<tr>
			<td>&nbsp;</td>
			<td>&nbsp;</td>
		</tr>
		<tr>
			<td>&nbsp;</td>
			<td>&nbsp;</td>
		</tr>
	</tbody>
</table>

<p>&nbsp;</p>
","","yes","","in_stock","18/2/2021 11:25:13","18/2/2021 11:25:13","kit",""
"3494606",,"0","577","active","ro","45C1123  11172 ","Semicaseta directie ","semicaseta-directie-45c1123-11172","","directie, sistem directie,  semicaseta , suspensie directie roti , ac delco ","","<table align=""right"" border=""1"" cellpadding=""1"" cellspacing=""1"" style=""width:500px"">
	<tbody>
		<tr>
			<td>Categorie</td>
			<td>Sistem directie</td>
		</tr>
		<tr>
			<td>Denumire</td>
			<td>Semicaseta fara brat</td>
		</tr>
		<tr>
			<td>Producator</td>
			<td>Ac Delco</td>
		</tr>
	</tbody>
</table>

<p>&nbsp;</p>
","","yes","","in_supplier_stock","4/3/2021 11:20:34","16/12/2024 10:26:37","kit",""
"3494607",,"0","577","active","ro","46C1121A","Brat semicaseta directie ","brat-semicaseta-directie-46c1121a","","directie, sistem directie,  semicaseta , suspensie directie roti , ac delco","","<table align=""right"" border=""1"" cellpadding=""1"" cellspacing=""1"" style=""width:500px"">
	<tbody>
		<tr>
			<td><strong>Parte montare</strong></td>
			<td>Directie</td>
		</tr>
		<tr>
			<td><strong>Caracteristica</strong></td>
			<td>Prindere pe con</td>
		</tr>
		<tr>
			<td><strong>Producator</strong></td>
			<td>Ac Delco</td>
		</tr>
	</tbody>
</table>

<p>&nbsp;</p>
","","yes","","in_stock","4/3/2021 11:40:23","4/3/2021 11:49:07","kit",""
